label,message,clean_email
ham,"Go until jurong point, crazy.. Available only in bugis n great world la e buffet... Cine there got amore wat...",jurong point crazy available bugis n great world la e buffet cine get amore wat
ham,Ok lar... Joking wif u oni...,ok lar joking wif u oni
spam,Free entry in 2 a wkly comp to win FA Cup final tkts 21st May 2005. Text FA to 87121 to receive entry question(std txt rate)T&C's apply 08452810075over18's,free entry   wkly comp win fa cup final tkts st   text fa   receive entry questionstd txt ratetcs apply over
ham,U dun say so early hor... U c already then say...,u dun early hor u c
ham,"Nah I don't think he goes to usf, he lives around here though",nah not think go usf live
spam,"FreeMsg Hey there darling it's been 3 week's now and no word back! I'd like some fun you up for it still? Tb ok! XxX std chgs to send, å£1.50 to rcv",freemsg hey darle   week word d like fun tb ok xxx std chgs send   rcv
ham,Even my brother is not like to speak with me. They treat me like aids patent.,brother like speak treat like aids patent
ham,As per your request 'Melle Melle (Oru Minnaminunginte Nurungu Vettam)' has been set as your callertune for all Callers. Press *9 to copy your friends Callertune,request melle melle oru minnaminunginte nurungu vettam set callertune caller press   copy friend callertune
spam,WINNER!! As a valued network customer you have been selected to receivea å£900 prize reward! To claim call 09061701461. Claim code KL341. Valid 12 hours only.,winner value network customer select receivea   prize reward claim   claim code kl valid   hour
spam,Had your mobile 11 months or more? U R entitled to Update to the latest colour mobiles with camera for Free! Call The Mobile Update Co FREE on 08002986030,mobile   month u r entitle update late colour mobile camera free mobile update co free
ham,"I'm gonna be home soon and i don't want to talk about this stuff anymore tonight, k? I've cried enough today.",m go to home soon not want talk stuff anymore tonight k ve cry today
spam,"SIX chances to win CASH! From 100 to 20,000 pounds txt> CSH11 and send to 87575. Cost 150p/day, 6days, 16+ TsandCs apply Reply HL 4 info",chance win cash     pound txt csh send   cost pday day   tsandcs apply reply hl   info
spam,"URGENT! You have won a 1 week FREE membership in our å£100,000 Prize Jackpot! Txt the word: CLAIM to No: 81010 T&C www.dbuk.net LCCLTD POBOX 4403LDNW1A7RW18",urgent win   week free membership   prize jackpot txt word claim   tc wwwdbuknet lccltd pobox ldnwarw
ham,I've been searching for the right words to thank you for this breather. I promise i wont take your help for granted and will fulfil my promise. You have been wonderful and a blessing at all times.,ve search right word thank breather promise will not help grant fulfil promise wonderful blessing time
ham,I HAVE A DATE ON SUNDAY WITH WILL!!,date sunday
spam,"XXXMobileMovieClub: To use your credit, click the WAP link in the next txt message or click here>> http://wap. xxxmobilemovieclub.com?n=QJKGIGHJJGCBL",xxxmobilemovieclub use credit click wap link txt message click   xxxmobilemovieclubcomnqjkgighjjgcbl
ham,Oh k...i'm watching here:),oh kim watch
ham,Eh u remember how 2 spell his name... Yes i did. He v naughty make until i v wet.,eh u remember   spell yes v naughty v wet
ham,Fine if thatåÕs the way u feel. ThatåÕs the way its gota b,fine s way u feel s way gota b
spam,"England v Macedonia - dont miss the goals/team news. Txt ur national team to 87077 eg ENGLAND to 87077 Try:WALES, SCOTLAND 4txt/Ì¼1.20 POBOXox36504W45WQ 16+",england v macedonia   not miss goalsteam news txt ur national team   eg england   trywale scotland txt poboxoxwwq
ham,Is that seriously how you spell his name?,seriously spell
ham,IÛ÷m going to try for 2 months ha ha only joking,m go try   month ha ha joke
ham,So Ì_ pay first lar... Then when is da stock comin...,  pay lar da stock comin
ham,Aft i finish my lunch then i go str down lor. Ard 3 smth lor. U finish ur lunch already?,aft finish lunch str lor ard   smth lor u finish ur lunch
ham,Ffffffffff. Alright no way I can meet up with you sooner?,ffffffffff alright way meet soon
ham,Just forced myself to eat a slice. I'm really not hungry tho. This sucks. Mark is getting worried. He knows I'm sick when I turn down pizza. Lol,force eat slice m hungry tho suck mark get worry know m sick turn pizza lol
ham,Lol your always so convincing.,lol convincing
ham,Did you catch the bus ? Are you frying an egg ? Did you make a tea? Are you eating your mom's left over dinner ? Do you feel my Love ?,catch bus   fry egg   tea eat mom leave dinner   feel love
ham,"I'm back &amp; we're packing the car now, I'll let you know if there's room",m amp pack car ill let know s room
ham,Ahhh. Work. I vaguely remember that! What does it feel like? Lol,ahhh work vaguely remember feel like lol
ham,"Wait that's still not all that clear, were you not sure about me being sarcastic or that that's why x doesn't want to live with us",wait s clear sure sarcastic s x not want live
ham,Yeah he got in at 2 and was v apologetic. n had fallen out and she was actin like spoilt child and he got caught up in that. Till 2! But we won't go there! Not doing too badly cheers. You? ,yeah get   v apologetic n fall actin like spoilt child get catch till   will not badly cheer
ham,K tell me anything about you.,k tell
ham,For fear of fainting with the of all that housework you just did? Quick have a cuppa,fear faint housework quick cuppa
spam,Thanks for your subscription to Ringtone UK your mobile will be charged å£5/month Please confirm by replying YES or NO. If you reply NO you will not be charged,thank subscription ringtone uk mobile charge month confirm reply yes reply charge
ham,Yup... Ok i go home look at the timings then i msg Ì_ again... Xuhui going to learn on 2nd may too but her lesson is at 8am,yup ok home look timing msg   xuhui go learn nd lesson
ham,"Oops, I'll let you know when my roommate's done",oops ill let know roommate
ham,I see the letter B on my car,letter b car
ham,Anything lor... U decide...,lor u decide
ham,Hello! How's you and how did saturday go? I was just texting to see if you'd decided to do anything tomo. Not that i'm trying to invite myself or anything!,hello s saturday texte d decide tomo m try invite
ham,Pls go ahead with watts. I just wanted to be sure. Do have a great weekend. Abiola,pls ahead watt want sure great weekend abiola
ham,"Did I forget to tell you ? I want you , I need you, I crave you ... But most of all ... I love you my sweet Arabian steed ... Mmmmmm ... Yummy",forget tell   want   need crave     love sweet arabian steed   mmmmmm   yummy
spam,07732584351 - Rodger Burns - MSG = We tried to call you re your reply to our sms for a free nokia mobile + free camcorder. Please call now 08000930705 for delivery tomorrow,   rodger burn   msg   try reply sms free nokia mobile   free camcorder   delivery tomorrow
ham,WHO ARE YOU SEEING?,see
ham,Great! I hope you like your man well endowed. I am  &lt;#&gt;  inches...,great hope like man endow   ltgt   inch
ham,No calls..messages..missed calls,callsmessagesmisse call
ham,Didn't you get hep b immunisation in nigeria.,not hep b immunisation nigeria
ham,"Fair enough, anything going on?",fair go
ham,"Yeah hopefully, if tyler can't do it I could maybe ask around a bit",yeah hopefully tyler not maybe ask bit
ham,U don't know how stubborn I am. I didn't even want to go to the hospital. I kept telling Mark I'm not a weak sucker. Hospitals are for weak suckers.,u not know stubborn not want hospital keep tell mark m weak sucker hospital weak sucker
ham,What you thinked about me. First time you saw me in class.,think time see class
ham,"A gram usually runs like  &lt;#&gt; , a half eighth is smarter though and gets you almost a whole second gram for  &lt;#&gt;",gram usually run like   ltgt   half eighth smart get second gram   ltgt
ham,K fyi x has a ride early tomorrow morning but he's crashing at our place tonight,k fyi x ride early tomorrow morning s crash place tonight
ham,"Wow. I never realized that you were so embarassed by your accomodations. I thought you liked it, since i was doing the best i could and you always seemed so happy about \the cave\"". I'm sorry I didn't and don't have more to give. I'm sorry i offered. I'm sorry your room was so embarassing.""",wow realize embarasse accomodation think like good happy cave m sorry not not m sorry offer m sorry room embarasse
spam,SMS. ac Sptv: The New Jersey Devils and the Detroit Red Wings play Ice Hockey. Correct or Incorrect? End? Reply END SPTV,sm ac sptv new jersey devil detroit red wing play ice hockey correct incorrect end reply end sptv
ham,Do you know what Mallika Sherawat did yesterday? Find out now @  &lt;URL&gt;,know mallika sherawat yesterday find    lturlgt
spam,"Congrats! 1 year special cinema pass for 2 is yours. call 09061209465 now! C Suprman V, Matrix3, StarWars3, etc all 4 FREE! bx420-ip4-5we. 150pm. Dont miss out! ",congrat   year special cinema pass     c suprman v matrix starwar etc   free bxipwe pm not miss
ham,"Sorry, I'll call later in meeting.",sorry ill later meeting
ham,Tell where you reached,tell reach
ham,Yes..gauti and sehwag out of odi series.,yesgauti sehwag odi series
ham,Your gonna have to pick up a $1 burger for yourself on your way home. I can't even move. Pain is killing me.,go to pick   burger way home not pain kill
ham,Ha ha ha good joke. Girls are situation seekers.,ha ha ha good joke girl situation seeker
ham,Its a part of checking IQ,check iq
ham,"Sorry my roommates took forever, it ok if I come by now?",sorry roommate take forever ok come
ham,Ok lar i double check wif da hair dresser already he said wun cut v short. He said will cut until i look nice.,ok lar double check wif da hair dresser say wun cut v short say cut look nice
spam,"As a valued customer, I am pleased to advise you that following recent review of your Mob No. you are awarded with a å£1500 Bonus Prize, call 09066364589",value customer pleased advise follow recent review mob award   bonus prize
ham,"Today is \song dedicated day..\"" Which song will u dedicate for me? Send this to all ur valuable frnds but first rply me...""",today song dedicated day song u dedicate send ur valuable frnd rply
spam,"Urgent UR awarded a complimentary trip to EuroDisinc Trav, Aco&Entry41 Or å£1000. To claim txt DIS to 87121 18+6*å£1.50(moreFrmMob. ShrAcomOrSglSuplt)10, LS1 3AJ",urgent ur award complimentary trip eurodisinc trav acoentry   claim txt dis   morefrmmob shracomorsglsuplt ls aj
spam,"Did you hear about the new \Divorce Barbie\""? It comes with all of Ken's stuff!""",hear new divorce barbie come ken stuff
ham,I plane to give on this month end.,plane month end
ham,Wah lucky man... Then can save money... Hee...,wah lucky man save money hee
ham,Finished class where are you.,finish class
ham,HI BABE IM AT HOME NOW WANNA DO SOMETHING? XX,hi babe m home wanna xx
ham,K..k:)where are you?how did you performed?,kkwhere youhow perform
ham,U can call me now...,u
ham,I am waiting machan. Call me once you free.,wait machan free
ham,Thats cool. i am a gentleman and will treat you with dignity and respect.,s cool gentleman treat dignity respect
ham,I like you peoples very much:) but am very shy pa.,like people shy pa
ham,Does not operate after  &lt;#&gt;  or what,operate   ltgt  
ham,Its not the same here. Still looking for a job. How much do Ta's earn there.,look job ta earn
ham,"Sorry, I'll call later",sorry ill later
ham,K. Did you call me just now ah? ,k ah
ham,Ok i am on the way to home hi hi,ok way home hi hi
ham,You will be in the place of that man,place man
ham,Yup next stop.,yup stop
ham,"I call you later, don't have network. If urgnt, sms me.",later not network urgnt sm
ham,For real when u getting on yo? I only need 2 more tickets and one more jacket and I'm done. I already used all my multis.,real u get yo need   ticket jacket m multis
ham,Yes I started to send requests to make it but pain came back so I'm back in bed. Double coins at the factory too. I gotta cash in all my nitros.,yes start send request pain come m bed double coin factory get to cash nitro
ham,I'm really not up to it still tonight babe,m tonight babe
ham,"Ela kano.,il download, come wen ur free..",ela kanoil download come wen ur free
ham,Yeah do! DonÛ÷t stand to close tho- youÛ÷ll catch something!,yeah not stand close tho ll catch
ham,Sorry to be a pain. Is it ok if we meet another night? I spent late afternoon in casualty and that means i haven't done any of y stuff42moro and that includes all my time sheets and that. Sorry. ,sorry pain ok meet night spend late afternoon casualty mean not y stuffmoro include time sheet sorry
ham,Smile in Pleasure Smile in Pain Smile when trouble pours like Rain Smile when sum1 Hurts U Smile becoz SOMEONE still Loves to see u Smiling!!,smile pleasure smile pain smile trouble pour like rain smile sum hurt u smile becoz love u smile
spam,Please call our customer service representative on 0800 169 6031 between 10am-9pm as you have WON a guaranteed å£1000 cash or å£5000 prize!,customer service representative     ampm win guarantee   cash   prize
ham,Havent planning to buy later. I check already lido only got 530 show in e afternoon. U finish work already?,not plan buy later check lido get   e afternoon u finish work
spam,"Your free ringtone is waiting to be collected. Simply text the password \MIX\"" to 85069 to verify. Get Usher and Britney. FML",free ringtone wait collect simply text password mix   verify usher britney fml
ham,Watching telugu movie..wat abt u?,watch telugu moviewat abt u
ham,i see. When we finish we have loads of loans to pay,finish load loan pay
ham,"Hi. Wk been ok - on hols now! Yes on for a bit of a run. Forgot that i have hairdressers appointment at four so need to get home n shower beforehand. Does that cause prob for u?\""ham""",hi wk ok   hol yes bit run forgot hairdresser appointment need home n shower cause prob uham
ham,Please don't text me anymore. I have nothing else to say.,not text anymore
ham,Okay name ur price as long as its legal! Wen can I pick them up? Y u ave x ams xx,okay ur price long legal wen pick y u ave x ams xx
ham,I'm still looking for a car to buy. And have not gone 4the driving test yet.,m look car buy go drive test
ham,As per your request 'Melle Melle (Oru Minnaminunginte Nurungu Vettam)' has been set as your callertune for all Callers. Press *9 to copy your friends Callertune,request melle melle oru minnaminunginte nurungu vettam set callertune caller press   copy friend callertune
ham,"wow. You're right! I didn't mean to do that. I guess once i gave up on boston men and changed my search location to nyc, something changed. Cuz on my signin page it still says boston.",wow right not mean guess give boston man change search location nyc change cuz signin page say boston
ham,Umma my life and vava umma love you lot dear,umma life vava umma love lot dear
ham,Thanks a lot for your wishes on my birthday. Thanks you for making my birthday truly memorable.,thank lot wish birthday thank make birthday truly memorable
ham,"Aight, I'll hit you up when I get some cash",aight ill hit cash
ham,How would my ip address test that considering my computer isn't a minecraft server,ip address test consider computer not minecraft server
ham,I know! Grumpy old people. My mom was like you better not be lying. Then again I am always the one to play jokes...,know grumpy old people mom like well lie play joke
ham,Dont worry. I guess he's busy.,not worry guess s busy
ham,What is the plural of the noun research?,plural noun research
ham,Going for dinner.msg you after.,go dinnermsg
ham,I'm ok wif it cos i like 2 try new things. But i scared u dun like mah. Cos u said not too loud.,m ok wif cos like   try new thing scar u dun like mah cos u say loud
spam,GENT! We are trying to contact you. Last weekends draw shows that you won a å£1000 prize GUARANTEED. Call 09064012160. Claim Code K52. Valid 12hrs only. 150ppm,gent try contact weekend draw show win   prize guarantee   claim code k valid hrs ppm
ham,"Wa, ur openin sentence very formal... Anyway, i'm fine too, juz tt i'm eatin too much n puttin on weight...Haha... So anythin special happened?",wa ur openin sentence formal m fine juz tt m eatin n puttin weighthaha anythin special happen
ham,"As I entered my cabin my PA said, '' Happy B'day Boss !!''. I felt special. She askd me 4 lunch. After lunch she invited me to her apartment. We went there.",enter cabin pa say   happy bday boss   feel special askd   lunch lunch invite apartment go
spam,You are a winner U have been specially selected 2 receive å£1000 or a 4* holiday (flights inc) speak to a live operator 2 claim 0871277810910p/min (18+) ,winner u specially select   receive     holiday flight inc speak live operator   claim pmin  
ham,Goodo! Yes we must speak friday - egg-potato ratio for tortilla needed! ,goodo yes speak friday   eggpotato ratio tortilla need
ham,Hmm...my uncle just informed me that he's paying the school directly. So pls buy food.,hmmmy uncle inform s pay school directly pls buy food
spam,PRIVATE! Your 2004 Account Statement for 07742676969 shows 786 unredeemed Bonus Points. To claim call 08719180248 Identifier Code: 45239 Expires,private   account statement   show   unredeemed bonus point claim   identifier code   expire
spam,"URGENT! Your Mobile No. was awarded å£2000 Bonus Caller Prize on 5/9/03 This is our final try to contact U! Call from Landline 09064019788 BOX42WR29C, 150PPM",urgent mobile award   bonus caller prize   final try contact u landline   boxwrc ppm
ham,here is my new address -apples&pairs&all that malarky,new address applespairsall malarky
spam,Todays Voda numbers ending 7548 are selected to receive a $350 award. If you have a match please call 08712300220 quoting claim code 4041 standard rates app,todays voda number end   select receive   award match   quote claim code   standard rate app
ham,I am going to sao mu today. Will be done only at 12 ,go sao mu today  
ham,ÌÏ predict wat time Ì_'ll finish buying?,  predict wat time ll finish buy
ham,"Good stuff, will do.",good stuff
ham,"Just so that you know,yetunde hasn't sent money yet. I just sent her a text not to bother sending. So its over, you dont have to involve yourself in anything. I shouldn't have imposed anything on you in the first place so for that, i apologise.",knowyetunde not send money send text bother send not involve not impose place apologise
ham,Are you there in room.,room
ham,HEY GIRL. HOW R U? HOPE U R WELL ME AN DEL R BAK! AGAIN LONG TIME NO C! GIVE ME A CALL SUM TIME FROM LUCYxx,hey girl r u hope u r del r bak long time c sum time lucyxx
ham,K..k:)how much does it cost?,kkhow cost
ham,I'm home.,m home
ham,"Dear, will call Tmorrow.pls accomodate.",dear tmorrowpls accomodate
ham,First answer my question.,answer question
spam,Sunshine Quiz Wkly Q! Win a top Sony DVD player if u know which country the Algarve is in? Txt ansr to 82277. å£1.50 SP:Tyrone,sunshine quiz wkly q win sony dvd player u know country algarve txt ansr    sptyrone
spam,Want 2 get laid tonight? Want real Dogging locations sent direct 2 ur mob? Join the UK's largest Dogging Network bt Txting GRAVEL to 69888! Nt. ec2a. 31p.msg@150p,want   lay tonight want real dog location send direct   ur mob join uks large dog network bt txte gravel   not eca pmsgp
ham,I only haf msn. It's yijue@hotmail.com,haf msn yijuehotmailcom
ham,He is there. You call and meet him,meet
ham,No no. I will check all rooms befor activities,check room befor activity
spam,You'll not rcv any more msgs from the chat svc. For FREE Hardcore services text GO to: 69988 If u get nothing u must Age Verify with yr network & try again,ll rcv msg chat svc free hardcore service text   u u age verify yr network   try
ham,Got c... I lazy to type... I forgot Ì_ in lect... I saw a pouch but like not v nice...,get c lazy type forget   lect see pouch like v nice
ham,"K, text me when you're on the way",k text way
ham,"Sir, Waiting for your mail.",sir wait mail
ham,"A swt thought: \Nver get tired of doing little things 4 lovable persons..\"" Coz..somtimes those little things occupy d biggest part in their Hearts.. Gud ni8""",swt think nver tired little thing   lovable person cozsomtime little thing occupy d big heart gud ni
ham,I know you are. Can you pls open the back?,know pls open
ham,Yes see ya not on the dot,yes ya dot
ham,Whats the staff name who is taking class for us?,s staff take class
spam,"FreeMsg Why haven't you replied to my text? I'm Randy, sexy, female and live local. Luv to hear from u. Netcollex Ltd 08700621170150p per msg reply Stop to end",freemsg not reply text m randy sexy female live local luv hear u netcollex ltd p msg reply stop end
ham,Ummma.will call after check in.our life will begin from qatar so pls pray very hard.,ummmawill check inour life begin qatar pls pray hard
ham,K..i deleted my contact that why?,ki delete contact
ham,Sindu got job in birla soft ..,sindu get job birla soft
ham,The wine is flowing and i'm i have nevering..,wine flow m nevere
ham,Yup i thk cine is better cos no need 2 go down 2 plaza mah.,yup thk cine well cos need     plaza mah
ham,Ok... Ur typical reply...,ok ur typical reply
ham,As per your request 'Melle Melle (Oru Minnaminunginte Nurungu Vettam)' has been set as your callertune for all Callers. Press *9 to copy your friends Callertune,request melle melle oru minnaminunginte nurungu vettam set callertune caller press   copy friend callertune
ham,"You are everywhere dirt, on the floor, the windows, even on my shirt. And sometimes when i open my mouth, you are all that comes flowing out. I dream of my world without you, then half my chores are out too. A time of joy for me, lots of tv shows i.ll see. But i guess like all things you just must exist, like rain, hail and mist, and when my time here is done, you and i become one.",dirt floor window shirt open mouth come flow dream world half chore time joy lot tv show ill guess like thing exist like rain hail mist time
ham,Aaooooright are you at work?,aaooooright work
ham,I'm leaving my house now...,m leave house
ham,"Hello, my love. What are you doing? Did you get to that interview today? Are you you happy? Are you being a good boy? Do you think of me?Are you missing me ?",hello love interview today happy good boy think meare miss
spam,Customer service annoncement. You have a New Years delivery waiting for you. Please call 07046744435 now to arrange delivery,customer service annoncement new year delivery wait   arrange delivery
spam,You are a winner U have been specially selected 2 receive å£1000 cash or a 4* holiday (flights inc) speak to a live operator 2 claim 0871277810810,winner u specially select   receive   cash   holiday flight inc speak live operator   claim
ham,Keep yourself safe for me because I need you and I miss you already and I envy everyone that see's you in real life,safe need miss envy see real life
ham,New car and house for my parents.:)i have only new job in hand:),new car house parentsi new job hand
ham,I'm so in love with you. I'm excited each day i spend with you. You make me so happy.,m love m excited day spend happy
spam,-PLS STOP bootydelious (32/F) is inviting you to be her friend. Reply YES-434 or NO-434 See her: www.SMS.ac/u/bootydelious STOP? Send STOP FRND to 62468,pls stop bootydelious f invite friend reply yes wwwsmsacubootydelious stop send stop frnd
spam,"BangBabes Ur order is on the way. U SHOULD receive a Service Msg 2 download UR content. If U do not, GoTo wap. bangb. tv on UR mobile internet/service menu",bangbabe ur order way u receive service msg   download ur content u goto wap bangb tv ur mobile internetservice menu
ham,I place all ur points on e cultures module already.,place ur point e culture module
spam,URGENT! We are trying to contact you. Last weekends draw shows that you have won a å£900 prize GUARANTEED. Call 09061701939. Claim code S89. Valid 12hrs only,urgent try contact weekend draw show win   prize guarantee   claim code s valid hrs
ham,"Hi frnd, which is best way to avoid missunderstding wit our beloved one's?",hi frnd good way avoid missunderstde wit beloved one
ham,Great escape. I fancy the bridge but needs her lager. See you tomo ,great escape fancy bridge need lag tomo
ham,Yes :)it completely in out of form:)clark also utter waste.,yes completely formclark utter waste
ham,"Sir, I need AXIS BANK account no and bank address.",sir need axis bank account bank address
ham,"Hmmm.. Thk sure got time to hop ard... Ya, can go 4 free abt... Muz call u to discuss liao... ",hmmm thk sure get time hop ard ya   free abt muz u discuss liao
ham,What time you coming down later? ,time come later
ham,"Bloody hell, cant believe you forgot my surname Mr . Ill give u a clue, its spanish and begins with m... ",bloody hell not believe forget surname mr   ill u clue spanish begin m
ham,"Well, i'm gonna finish my bath now. Have a good...fine night.",m go to finish bath goodfine night
ham,Let me know when you've got the money so carlos can make the call,let know ve get money carlos
ham,U still going to the mall?,u go mall
ham,"Turns out my friends are staying for the whole show and won't be back til ~ &lt;#&gt; , so feel free to go ahead and smoke that $ &lt;#&gt;  worth",turn friend stay will not til   ltgt   feel free ahead smoke   ltgt   worth
ham,Text her. If she doesnt reply let me know so i can have her log in,text not reply let know log
ham,Hi! You just spoke to MANEESHA V. We'd like to know if you were satisfied with the experience. Reply Toll Free with Yes or No.,hi speak maneesha v d like know satisfied experience reply toll free yes
ham,You lifted my hopes with the offer of money. I am in need. Especially when the end of the month approaches and it hurts my studying. Anyways have a gr8 weekend,lift hope offer money need especially end month approach hurt study anyway gr weekend
ham,Lol no. U can trust me.,lol u trust
ham,ok. I am a gentleman and will treat you with dignity and respect.,ok gentleman treat dignity respect
ham,"He will, you guys close?",guy close
ham,Going on nothing great.bye,go greatbye
ham,Hello handsome ! Are you finding that job ? Not being lazy ? Working towards getting back that net for mummy ? Where's my boytoy now ? Does he miss me ?,hello handsome   find job   lazy   work get net mummy   s boytoy   miss
ham,"Haha awesome, be there in a minute",haha awesome minute
spam,Please call our customer service representative on FREEPHONE 0808 145 4742 between 9am-11pm as you have WON a guaranteed å£1000 cash or å£5000 prize!,customer service representative freephone     ampm win guarantee   cash   prize
ham,Have you got Xmas radio times. If not i will get it now,get xmas radio time
ham,I jus reached home. I go bathe first. But my sis using net tell u when she finishes k...,jus reach home bathe sis net tell u finish k
spam,Are you unique enough? Find out from 30th August. www.areyouunique.co.uk,unique find th august wwwareyouuniquecouk
ham,I'm sorry. I've joined the league of people that dont keep in touch. You mean a great deal to me. You have been a friend at all times even at great personal cost. Do have a great week.|,m sorry ve join league people not touch mean great deal friend time great personal cost great week
ham,Hi :)finally i completed the course:),hi finally complete course
ham,It will stop on itself. I however suggest she stays with someone that will be able to give ors for every stool.,stop suggest stay able or stool
ham,How are you doing? Hope you've settled in for the new school year. Just wishin you a gr8 day,hope ve settle new school year wishin gr day
ham,Gud mrng dear hav a nice day,gud mrng dear hav nice day
ham,Did u got that persons story,u get person story
ham,is your hamster dead? Hey so tmr i meet you at 1pm orchard mrt? ,hamster dead hey tmr meet pm orchard mrt
ham,Hi its Kate how is your evening? I hope i can see you tomorrow for a bit but i have to bloody babyjontet! Txt back if u can. :) xxx,hi kate evening hope tomorrow bit bloody babyjontet txt u   xxx
ham,"Found it, ENC  &lt;#&gt; , where you at?",find enc   ltgt  
ham,I sent you  &lt;#&gt;  bucks,send   ltgt   buck
ham,Hello darlin ive finished college now so txt me when u finish if u can love Kate xxx,hello darlin ve finish college txt u finish u love kate xxx
ham,Your account has been refilled successfully by INR  &lt;DECIMAL&gt; . Your KeralaCircle prepaid account balance is Rs  &lt;DECIMAL&gt; . Your Transaction ID is KR &lt;#&gt; .,account refill successfully inr   ltdecimalgt   keralacircle prepay account balance rs   ltdecimalgt   transaction d kr ltgt
ham,Goodmorning sleeping ga.,goodmorning sleep ga
ham,U call me alter at 11 ok.,u alter   ok
ham,ÌÏ say until like dat i dun buy ericsson oso cannot oredi lar...,  like dat dun buy ericsson oso oredi lar
ham,"As I entered my cabin my PA said, '' Happy B'day Boss !!''. I felt special. She askd me 4 lunch. After lunch she invited me to her apartment. We went there.",enter cabin pa say   happy bday boss   feel special askd   lunch lunch invite apartment go
ham,"Aight yo, dats straight dogg",aight yo dat straight dogg
ham,You please give us connection today itself before  &lt;DECIMAL&gt;  or refund the bill,connection today   ltdecimalgt   refund bill
ham,Both :) i shoot big loads so get ready!,  shoot big load ready
ham,"What's up bruv, hope you had a great break. Do have a rewarding semester.",s bruv hope great break rewarding semester
ham,Home so we can always chat,home chat
ham,K:)k:)good:)study well.,kkgoodstudy
ham,Yup... How Ì_ noe leh...,yup   noe leh
ham,Sounds great! Are you home now?,sound great home
ham,Finally the match heading towards draw as your prediction.,finally match head draw prediction
ham,Tired. I haven't slept well the past few nights.,tired not sleep past night
ham,Easy ah?sen got selected means its good..,easy ahsen get select mean good
ham,I have to take exam with march 3,exam march
ham,Yeah you should. I think you can use your gt atm now to register. Not sure but if there's anyway i can help let me know. But when you do be sure you are ready.,yeah think use gt atm register sure s help let know sure ready
ham,Ok no prob. Take ur time.,ok prob ur time
ham,There is os called ubandu which will run without installing in hard disk...you can use that os to copy the important files in system and give it to repair shop..,os call ubandu run instal hard diskyou use os copy important file system repair shop
ham,"Sorry, I'll call later",sorry ill later
ham,U say leh... Of course nothing happen lar. Not say v romantic jus a bit only lor. I thk e nite scenery not so nice leh.,u leh course happen lar v romantic jus bit lor thk e nite scenery nice leh
spam,"500 New Mobiles from 2004, MUST GO! Txt: NOKIA to No: 89545 & collect yours today!From ONLY å£1 www.4-tc.biz 2optout 087187262701.50gbp/mtmsg18",  new mobile   txt nokia    collect todayfrom   wwwtcbiz optout gbpmtmsg
ham,Would really appreciate if you call me. Just need someone to talk to.,appreciate need talk
spam,"Will u meet ur dream partner soon? Is ur career off 2 a flyng start? 2 find out free, txt HORO followed by ur star sign, e. g. HORO ARIES",u meet ur dream partner soon ur career   flyng start   find free txt horo follow ur star sign e g horo arie
ham,Hey company elama po mudyadhu.,hey company elama po mudyadhu
ham,"Life is more strict than teacher... Bcoz Teacher teaches lesson &amp; then conducts exam, But Life first conducts Exam &amp; then teaches Lessons. Happy morning. . .",life strict teacher bcoz teacher teach lesson amp conduct exam life conduct exam amp teach lesson happy morning  
ham,Dear good morning now only i am up,dear good morning
ham,Get down in gandhipuram and walk to cross cut road. Right side &lt;#&gt; street road and turn at first right.,gandhipuram walk cross cut road right ltgt street road turn right
ham,Dear we are going to our rubber place,dear go rubber place
ham,"Sorry battery died, yeah I'm here",sorry battery die yeah m
ham,Yes:)here tv is always available in work place..,yeshere tv available work place
spam,Text & meet someone sexy today. U can find a date or even flirt its up to U. Join 4 just 10p. REPLY with NAME & AGE eg Sam 25. 18 -msg recd@thirtyeight pence,text   meet sexy today u find date flirt u join   p reply   age eg sam    msg recdthirtyeight pence
ham,I have printed it oh. So  &lt;#&gt;  come upstairs,print oh   ltgt   come upstairs
ham,Or ill be a little closer like at the bus stop on the same street,ill little close like bus stop street
ham,Where are you?when wil you reach here?,youwhen wil reach
ham,"New Theory: Argument wins d SITUATION, but loses the PERSON. So dont argue with ur friends just.. . . . kick them &amp; say, I'm always correct.!",new theory argument win d situation lose person not argue ur friend     kick amp m correct
spam,U 447801259231 have a secret admirer who is looking 2 make contact with U-find out who they R*reveal who thinks UR so special-call on 09058094597,u   secret admirer look   contact ufind rreveal think ur specialcall
ham,Tomarrow final hearing on my laptop case so i cant.,tomarrow final hearing laptop case not
ham,PLEASSSSSSSEEEEEE TEL ME V AVENT DONE SPORTSx,pleassssssseeeeee tel v avent sportsx
ham,"Okay. No no, just shining on. That was meant to be signing, but that sounds better.",okay shin mean sign sound well
ham,"Although i told u dat i'm into baig face watches now but i really like e watch u gave cos it's fr u. Thanx 4 everything dat u've done today, i'm touched...",tell u dat m baig face watch like e watch u give cos fr u thanx   dat uve today m touch
ham,U don't remember that old commercial?,u not remember old commercial
ham,Too late. I said i have the website. I didn't i have or dont have the slippers,late say website not not slipper
ham,I asked you to call him now ok,ask ok
ham,Kallis wont bat in 2nd innings.,kalli will not bat nd innings
ham,It didnt work again oh. Ok goodnight then. I.ll fix and have it ready by the time you wake up. You are very dearly missed have a good night sleep.,not work oh ok goodnight ill fix ready time wake dearly miss good night sleep
spam,Congratulations ur awarded 500 of CD vouchers or 125gift guaranteed & Free entry 2 100 wkly draw txt MUSIC to 87066 TnCs www.Ldew.com1win150ppmx3age16,congratulation ur award   cd voucher gift guarantee   free entry    wkly draw txt music   tnc wwwldewcomwinppmxage
ham,Ranjith cal drpd Deeraj and deepak 5min hold,ranjith cal drpd deeraj deepak min hold
ham,"Wen ur lovable bcums angry wid u, dnt take it seriously.. Coz being angry is d most childish n true way of showing deep affection, care n luv!.. kettoda manda... Have nice day da.",wen ur lovable bcum angry wid u dnt seriously coz angry d childish n true way show deep affection care n luv kettoda manda nice day da
ham,What you doing?how are you?,doinghow
ham,"Ups which is 3days also, and the shipping company that takes 2wks. The other way is usps which takes a week but when it gets to lag you may have to bribe nipost to get your stuff.",up day ship company take wks way usps take week get lag bribe nipost stuff
ham,"I'm back, lemme know when you're ready",m lemme know ready
ham,Don't necessarily expect it to be done before you get back though because I'm just now headin out,not necessarily expect m headin
ham,Mmm so yummy babe ... Nice jolt to the suzy,mmm yummy babe   nice jolt suzy
ham,Where are you lover ? I need you ...,lover   need
spam,We tried to contact you re your reply to our offer of a Video Handset? 750 anytime networks mins? UNLIMITED TEXT? Camcorder? Reply or call 08000930705 NOW,try contact reply offer video handset   anytime network min unlimited text camcorder reply  
ham,IÛ÷m parked next to a MINI!!!! When are you coming in today do you think?,m park mini come today think
ham,Yup,yup
ham,Anyway i'm going shopping on my own now. Cos my sis not done yet. Dun disturb u liao.,m go shop cos sis dun disturb u liao
ham,MY NO. IN LUTON 0125698789 RING ME IF UR AROUND! H*,luton   ring ur h
spam,Hey I am really horny want to chat or see me naked text hot to 69698 text charged at 150pm to unsubscribe text stop 69698,hey horny want chat naked text hot   text charge pm unsubscribe text stop
ham,Why you Dint come with us.,dint come
ham,Same. Wana plan a trip sometme then,wana plan trip sometme
ham,"Not sure yet, still trying to get a hold of him",sure try hold
spam,Ur ringtone service has changed! 25 Free credits! Go to club4mobiles.com to choose content now! Stop? txt CLUB STOP to 87070. 150p/wk Club4 PO Box1146 MK45 2WT,ur ringtone service change   free credit clubmobilescom choose content stop txt club stop   pwk club po box mk wt
ham,The evo. I just had to download flash. Jealous?,evo download flash jealous
spam,Ringtone Club: Get the UK singles chart on your mobile each week and choose any top quality ringtone! This message is free of charge.,ringtone club uk single chart mobile week choose quality ringtone message free charge
ham,"Come to mu, we're sorting out our narcotics situation",come mu sort narcotic situation
ham,"Night has ended for another day, morning has come in a special way. May you smile like the sunny rays and leaves your worries at the blue blue bay.",night end day morning come special way smile like sunny ray leave worry blue blue bay
spam,HMV BONUS SPECIAL 500 pounds of genuine HMV vouchers to be won. Just answer 4 easy questions. Play Now! Send HMV to 86688 More info:www.100percent-real.com,hmv bonus special   pound genuine hmv voucher win answer   easy question play send hmv   infowwwpercentrealcom
ham,"Usf I guess, might as well take 1 car",usf guess   car
ham,No objection. My bf not coming.,objection bf come
ham,Thanx...,thanx
ham,Tell rob to mack his gf in the theater,tell rob mack gf theater
ham,"Awesome, I'll see you in a bit",awesome ill bit
ham,Just sent it. So what type of food do you like?,send type food like
ham,All done? All handed in? Celebrations in full swing yet?,hand celebration swing
ham,You got called a tool?,get call tool
ham,\Wen u miss someone,wen u miss
ham,Ok. I asked for money how far,ok ask money far
ham,Okie...,okie
ham,"Yeah I think my usual guy's still passed out from last night, if you get ahold of anybody let me know and I'll throw down",yeah think usual guy pass night ahold anybody let know ill throw
ham,"K, I might come by tonight then if my class lets out early",k come tonight class let early
ham,Ok..,ok
ham,hi baby im cruisin with my girl friend what r u up 2? give me a call in and hour at home if thats alright or fone me on this fone now love jenny xxx,hi baby m cruisin girl friend r u   hour home s alright fone fone love jenny xxx
ham,"My life Means a lot to me, Not because I love my life, But because I love the people in my life, The world calls them friends, I call them my World:-).. Ge:-)..",life mean lot love life love people life world call friend world ge
ham,"Dear,shall mail tonite.busy in the street,shall update you tonite.things are looking ok.varunnathu edukkukayee raksha ollu.but a good one in real sense.",dearshall mail tonitebusy streetshall update tonitething look okvarunnathu edukkukayee raksha ollubut good real sense
ham,Hey you told your name to gautham ah?,hey tell gautham ah
ham,Haf u found him? I feel so stupid da v cam was working.,haf u find feel stupid da v cam work
ham,Oops. 4 got that bit.,oop   get bit
ham,Are you this much buzy,buzy
ham,I accidentally deleted the message. Resend please.,accidentally delete message resend
spam,T-Mobile customer you may now claim your FREE CAMERA PHONE upgrade & a pay & go sim card for your loyalty. Call on 0845 021 3680.Offer ends 28thFeb.T&C's apply,tmobile customer claim free camera phone upgrade   pay   sim card loyalty    offer end thfebtcs apply
ham,Unless it's a situation where YOU GO GURL would be more appropriate,situation gurl appropriate
ham,Hurt me... Tease me... Make me cry... But in the end of my life when i die plz keep one rose on my grave and say STUPID I MISS U.. HAVE A NICE DAY BSLVYL,hurt tease cry end life die plz rise grave stupid miss u nice day bslvyl
ham,I cant pick the phone right now. Pls send a message,not pick phone right pls send message
ham,Need a coffee run tomo?Can't believe it's that time of week already,need coffee run tomocant believe time week
ham,"Awesome, I remember the last time we got somebody high for the first time with diesel :V",awesome remember time get somebody high time diesel v
ham,"Shit that is really shocking and scary, cant imagine for a second. Def up for night out. Do u think there is somewhere i could crash for night, save on taxi?",shit shocking scary not imagine second def night u think crash night save taxi
ham,Oh and by the way you do have more food in your fridge! Want to go out for a meal tonight? ,oh way food fridge want meal tonight
ham,He is a womdarfull actor,womdarfull actor
spam,"SMS. ac Blind Date 4U!: Rodds1 is 21/m from Aberdeen, United Kingdom. Check Him out http://img. sms. ac/W/icmb3cktz8r7!-4 no Blind Dates send HIDE",sm ac blind date u rodd m aberdeen united kingdom check   sms acwicmbcktzr blind date send hide
ham,Yup... From what i remb... I think should be can book... ,yup remb think book
ham,Jos ask if u wana meet up?,jos ask u wana meet
ham,Lol yes. Our friendship is hanging on a thread cause u won't buy stuff.,lol yes friendship hang thread cause u will not buy stuff
spam,"TheMob> Check out our newest selection of content, Games, Tones, Gossip, babes and sport, Keep your mobile fit and funky text WAP to 82468",themob check new selection content game tone gossip babe sport mobile fit funky text wap
ham,Where are the garage keys? They aren't on the bookshelf,garage key not bookshelf
ham,Today is ACCEPT DAY..U Accept me as? Brother Sister Lover Dear1 Best1 Clos1 Lvblefrnd Jstfrnd Cutefrnd Lifpartnr Belovd Swtheart Bstfrnd No rply means enemy,today accept dayu accept brother sister lover dear well clo lvblefrnd jstfrnd cutefrnd lifpartnr belovd swtheart bstfrnd rply mean enemy
spam,"Think ur smart ? Win å£200 this week in our weekly quiz, text PLAY to 85222 now!T&Cs WinnersClub PO BOX 84, M26 3UZ. 16+. GBP1.50/week",think ur smart   win   week weekly quiz text play   nowtcs winnersclub po box   m uz   gbpweek
ham,He says he'll give me a call when his friend's got the money but that he's definitely buying before the end of the week,say hell friend get money s definitely buy end week
ham,"Hi the way I was with u 2day, is the normal way&this is the real me. UR unique&I hope I know u 4 the rest of mylife. Hope u find wot was lost.",hi way u day normal waythis real ur uniquei hope know u   rest mylife hope u find wot lose
ham,You made my day. Do have a great day too.,day great day
ham,K.k:)advance happy pongal.,kkadvance happy pongal
ham,"Hmmm... Guess we can go 4 kb n power yoga... Haha, dunno we can tahan power yoga anot... Thk got lo oso, forgot liao...",hmmm guess   kb n power yoga haha dunno tahan power yoga anot thk get lo oso forget liao
ham,"Not really dude, have no friends i'm afraid :(",dude friend m afraid
spam,December only! Had your mobile 11mths+? You are entitled to update to the latest colour camera mobile for Free! Call The Mobile Update Co FREE on 08002986906,december mobile mth entitle update late colour camera mobile free mobile update co free
ham,"Coffee cake, i guess...",coffee cake guess
ham,"Merry Christmas to you too babe, i love ya *kisses*",merry christmas babe love ya kiss
ham,Hey... Why dont we just go watch x men and have lunch... Haha ,hey not watch x man lunch haha
ham,cud u tell ppl im gona b a bit l8 cos 2 buses hav gon past cos they were full & im still waitin 4 1. Pete x,cud u tell ppl m gona b bit l cos   bus hav gon past cos   m waitin    pete x
ham,That would be great. We'll be at the Guild. Could meet on Bristol road or somewhere - will get in touch over weekend. Our plans take flight! Have a good week,great guild meet bristol road   touch weekend plan flight good week
ham,No problem. How are you doing?,problem
ham,No calls..messages..missed calls,callsmessagesmisse call
ham,Hi da:)how is the todays class?,hi dahow today class
ham,"I'd say that's a good sign but, well, you know my track record at reading women",d s good sign know track record read woman
ham,"Cool, text me when you're parked",cool text park
ham,I'm reading the text i just sent you. Its meant to be a joke. So read it in that light,m read text send mean joke read light
ham,K.k:)apo k.good movie.,kkapo kgood movie
ham,Maybe i could get book out tomo then return it immediately ..? Or something.,maybe book tomo return immediately  
spam,Call Germany for only 1 pence per minute! Call from a fixed line via access number 0844 861 85 85. No prepayment. Direct access!,germany   penny minute fix line access number      prepayment direct access
ham,Any chance you might have had with me evaporated as soon as you violated my privacy by stealing my phone number from your employer's paperwork. Not cool at all. Please do not contact me again or I will report you to your supervisor.,chance evaporate soon violate privacy steal phone number employer paperwork cool contact report supervisor
spam,Valentines Day Special! Win over å£1000 in our quiz and take your partner on the trip of a lifetime! Send GO to 83600 now. 150p/msg rcvd. CustCare:08718720201.,valentine day special win   quiz partner trip lifetime send   pmsg rcvd custcare
ham,"Ta-Daaaaa! I am home babe, are you still up ?",tadaaaaa home babe
ham,Cool. So how come you havent been wined and dined before?,cool come not win din
ham,Just sleeping..and surfing,sleepingand surfing
ham,"Sorry, I'll call later",sorry ill later
ham,U calling me right? Call my hand phone...,u call right hand phone
ham,Ok that's great thanx a lot.,ok s great thanx lot
ham,I take it the post has come then! You must have 1000s of texts now! Happy reading. My one from wiv hello caroline at the end is my favourite. Bless him,post come s text happy read wiv hello caroline end favourite bless
ham,Where u been hiding stranger?,u hide strange
ham,Am not interested to do like that.,interested like
ham,My sister cleared two round in birla soft yesterday.,sister clear round birla soft yesterday
ham,Gudnite....tc...practice going on,gudnitetcpractice go
ham,Dis is yijue. I jus saw ur mail. In case huiming havent sent u my num. Dis is my num.,dis yijue jus see ur mail case huime not send u num dis num
ham,One small prestige problem now.,small prestige problem
spam,Fancy a shag? I do.Interested? sextextuk.com txt XXUK SUZY to 69876. Txts cost 1.50 per msg. TnCs on website. X,fancy shag dointereste sextextukcom txt xxuk suzy   txts cost   msg tnc website x
ham,Just checking in on you. Really do miss seeing Jeremiah. Do have a great month,check miss see jeremiah great month
ham,"Nah can't help you there, I've never had an iphone",nah not help ve iphone
ham,If you're not in my car in an hour and a half I'm going apeshit,car hour half m go apeshit
ham,"TODAY is Sorry day.! If ever i was angry with you, if ever i misbehaved or hurt you? plz plz JUST SLAP URSELF Bcoz, Its ur fault, I'm basically GOOD",today sorry day angry misbehave hurt plz plz slap urself bcoz ur fault m basically good
ham,Yo you guys ever figure out how much we need for alcohol? Jay and I are trying to figure out how much we can safely spend on weed,yo guy figure need alcohol jay try figure safely spend weed
ham,&lt;#&gt; ISH MINUTES WAS 5 MINUTES AGO. WTF.,ltgt ish minute   minute ago wtf
ham,"Thank You for calling.Forgot to say Happy Onam to you Sirji.I am fine here and remembered you when i met an insurance person.Meet You in Qatar Insha Allah.Rakhesh, ex Tata AIG who joined TISSCO,Tayseer.",thank callingforgot happy onam sirjii fine remember meet insurance personmeet qatar insha allahrakhesh ex tata aig join tisscotayseer
spam,Congratulations ur awarded 500 of CD vouchers or 125gift guaranteed & Free entry 2 100 wkly draw txt MUSIC to 87066 TnCs www.Ldew.com1win150ppmx3age16,congratulation ur award   cd voucher gift guarantee   free entry    wkly draw txt music   tnc wwwldewcomwinppmxage
spam,Ur cash-balance is currently 500 pounds - to maximize ur cash-in now send CASH to 86688 only 150p/msg. CC: 08708800282 HG/Suite342/2Lands Row/W1J6HL,ur cashbalance currently   pound   maximize ur cashin send cash   pmsg cc   hgsuiteland rowwjhl
ham,"I'm an actor. When i work, i work in the evening and sleep late. Since i'm unemployed at the moment, i ALWAYS sleep late. When you're unemployed, every day is saturday.",m actor work work evening sleep late m unemployed moment sleep late unemployed day saturday
ham,"Hello! Just got here, st andrews-boy its a long way! Its cold. I will keep you posted",hello get st andrewsboy long way cold post
ham,Ha ha cool cool chikku chikku:-):-DB-),ha ha cool cool chikku chikkudb
ham,Oh ok no prob..,oh ok prob
ham,Check audrey's status right now,check audrey status right
ham,Busy here. Trying to finish for new year. I am looking forward to finally meeting you...,busy try finish new year look forward finally meet
ham,"Good afternoon sunshine! How dawns that day ? Are we refreshed and happy to be alive? Do we breathe in the air and smile ? I think of you, my love ... As always",good afternoon sunshine dawn day   refresh happy alive breathe air smile   think love  
ham,Well i know Z will take care of me. So no worries.,know z care worry
spam,"Update_Now - Xmas Offer! Latest Motorola, SonyEricsson & Nokia & FREE Bluetooth! Double Mins & 1000 Txt on Orange. Call MobileUpd8 on 08000839402 or call2optout/F4Q=",updatenow   xmas offer late motorola sonyericsson   nokia   free bluetooth double min    txt orange mobileupd   calloptoutfq
spam,Here is your discount code RP176781. To stop further messages reply stop. www.regalportfolio.co.uk. Customer Services 08717205546,discount code rp stop message reply stop wwwregalportfoliocouk customer service
ham,Wat uniform? In where get?,wat uniform
ham,"Cool, text me when you're ready",cool text ready
ham,"Hello my boytoy ... Geeee I miss you already and I just woke up. I wish you were here in bed with me, cuddling me. I love you ...",hello boytoy   geeee miss wake wish bed cuddle love
ham,I will spoil you in bed as well :),spoil bed
ham,I'm going for bath will msg you next  &lt;#&gt;  min..,m go bath msg   ltgt   min
ham,I cant keep talking to people if am not sure i can pay them if they agree to price. So pls tell me what you want to really buy and how much you are willing to pay,not talk people sure pay agree price pls tell want buy willing pay
spam,"Thanks for your Ringtone Order, Reference T91. You will be charged GBP 4 per week. You can unsubscribe at anytime by calling customer services on 09057039994",thank ringtone order reference t charge gbp   week unsubscribe anytime call customer service
ham,Can you say what happen,happen
ham,You could have seen me..i did't recognise you Face.:),see mei didt recognise face
ham,Well there's not a lot of things happening in Lindsay on New years *sighs* Some bars in Ptbo and the blue heron has something going,s lot thing happen lindsay new year sigh bar ptbo blue heron go
ham,Keep my payasam there if rinu brings,payasam rinu bring
ham,I taught that Ranjith sir called me. So only i sms like that. Becaus hes verifying about project. Prabu told today so only pa dont mistake me..,teach ranjith sir call sm like becaus s verify project prabu tell today pa not mistake
ham,"I guess that's why you re worried. You must know that there's a way the body repairs itself. And i'm quite sure you shouldn't worry. We'll take it slow. First the tests, they will guide when your ovulation is then just relax. Nothing you've said is a reason to worry but i.ll keep on followin you up.",guess s worried know s way body repair m sure not worry slow test guide ovulation relax ve say reason worry ill followin
ham,"Yeah sure, give me a couple minutes to track down my wallet",yeah sure couple minute track wallet
ham,Hey leave it. not a big deal:-) take care.,hey leave big deal care
ham,Hey i will be late ah... Meet you at 945+,hey late ah meet
spam,"Double mins and txts 4 6months FREE Bluetooth on Orange. Available on Sony, Nokia Motorola phones. Call MobileUpd8 on 08000839402 or call2optout/N9DX",double min txts   month free bluetooth orange available sony nokia motorola phone mobileupd   calloptoutndx
ham,It took Mr owl 3 licks,take mr owl   lick
ham,Customer place i will call you.,customer place
ham,Mm that time you dont like fun,mm time not like fun
spam,4mths half price Orange line rental & latest camera phones 4 FREE. Had your phone 11mths ? Call MobilesDirect free on 08000938767 to update now! or2stoptxt,mth half price orange line rental   late camera phone   free phone mth   mobilesdirect free   update orstoptxt
ham,Yup having my lunch buffet now.. U eat already?,yup have lunch buffet u eat
ham,Huh so late... Fr dinner?,huh late fr dinner
ham,Hey so this sat are we going for the intro pilates only? Or the kickboxing too? ,hey sit go intro pilate kickboxing
ham,Morning only i can ok.,morning ok
ham,Yes i think so. I am in office but my lap is in room i think thats on for the last few days. I didnt shut that down,yes think office lap room think s day not shut
ham,Pick you up bout 7.30ish? What time are  and that going?,pick bout ish time   go
ham,From here after The performance award is calculated every two month.not for current one month period..,performance award calculate monthnot current month period
ham,Was actually sleeping and still might when u call back. So a text is gr8. You rock sis. Will send u a text wen i wake.,actually sleep u text gr rock sis send u text wen wake
ham,"You are always putting your business out there. You put pictures of your ass on facebook. You are one of the most open people i've ever met. Why would i think a picture of your room would hurt you, make you feel violated.",put business picture ass facebook open people ve meet think picture room hurt feel violate
ham,"Good evening Sir, Al Salam Wahleykkum.sharing a happy news.By the grace of God, i got an offer from Tayseer,TISSCO and i joined.Hope you are fine.Inshah Allah,meet you sometime.Rakhesh,visitor from India.",good evening sir al salam wahleykkumshare happy newsby grace god get offer tayseertissco joinedhope fineinshah allahmeet sometimerakheshvisitor india
ham,Hmmm...k...but i want to change the field quickly da:-)i wanna get system administrator or network administrator..,hmmmkbut want change field quickly dai wanna system administrator network administrator
spam,"FREE RINGTONE text FIRST to 87131 for a poly or text GET to 87131 for a true tone! Help? 0845 2814032 16 after 1st free, tones are 3xå£150pw to eå£nd txt stop",free ringtone text   poly text   true tone help     st free tone xpw end txt stop
ham,Dear how is chechi. Did you talk to her,dear chechi talk
ham,The hair cream has not been shipped.,hair cream ship
ham,None of that's happening til you get here though,s happen til
ham,"Yep, the great loxahatchee xmas tree burning of  &lt;#&gt;  starts in an hour",yep great loxahatchee xmas tree burn   ltgt   start hour
ham,"Haha get used to driving to usf man, I know a lot of stoners",haha drive usf man know lot stoner
ham,All was well until slightly disastrous class this pm with my fav darlings! Hope day off ok. Coffee wld be good as can't stay late tomorrow. Same time + place as always?,slightly disastrous class pm fav darling hope day ok coffee wld good not stay late tomorrow time   place
ham,Hello! Good week? Fancy a drink or something later?,hello good week fancy drink later
ham,Headin towards busetop,headin busetop
ham,Message:some text missing* Sender:Name Missing* *Number Missing *Sent:Date missing *Missing U a lot thats y everything is missing sent via fullonsms.com,messagesome text miss sendername miss number miss sentdate miss miss u lot s y miss send fullonsmscom
ham,Come by our room at some point so we can iron out the plan for this weekend,come room point iron plan weekend
ham,Cos i want it to be your thing,cos want thing
ham,"Okies... I'll go yan jiu too... We can skip ard oso, go cine den go mrt one, blah blah blah... ",okie ill yan jiu skip ard oso cine den mrt blah blah blah
ham,Bring home some Wendy =D,bring home wendy d
spam,100 dating service cal;l 09064012103 box334sk38ch,  date service   boxskch
ham,Whatsup there. Dont u want to sleep,whatsup not u want sleep
ham,Alright i have a new goal now,alright new goal
spam,FREE entry into our å£250 weekly competition just text the word WIN to 80086 NOW. 18 T&C www.txttowin.co.uk,free entry   weekly competition text word win     tc wwwtxttowincouk
ham,"Alright, I'll head out in a few minutes, text me where to meet you",alright ill head minute text meet
spam,Send a logo 2 ur lover - 2 names joined by a heart. Txt LOVE NAME1 NAME2 MOBNO eg LOVE ADAM EVE 07123456789 to 87077 Yahoo! POBox36504W45WQ TxtNO 4 no ads 150p,send logo   ur lover    name join heart txt love mobno eg love adam eve     yahoo poboxwwq txtno   ad p
ham,Yes:)from last week itself i'm taking live call.,yesfrom week m take live
spam,Someone has contacted our dating service and entered your phone because they fancy you! To find out who it is call from a landline 09111032124 . PoBox12n146tf150p,contact date service enter phone fancy find landline    poboxntfp
ham,Siva is in hostel aha:-.,siva hostel aha
spam,URGENT! Your Mobile number has been awarded with a å£2000 prize GUARANTEED. Call 09058094455 from land line. Claim 3030. Valid 12hrs only,urgent mobile number award   prize guarantee   land line claim   valid hrs
ham,Send this to ur friends and receive something about ur voice..... How is my speaking expression? 1.childish 2.naughty 3.Sentiment 4.rowdy 5.ful of attitude 6.romantic 7.shy 8.Attractive 9.funny  &lt;#&gt; .irritating  &lt;#&gt; .lovable. reply me..,send ur friend receive ur voice speak expression childish naughty sentiment rowdy ful attitude romantic shy attractive funny   ltgt irritate   ltgt lovable reply
ham,Ok. She'll be ok. I guess,ok shell ok guess
ham,aathi..where are you dear..,aathiwhere dear
ham,Any pain on urination any thing else?,pain urination thing
ham,7 at esplanade.. Do Ì_ mind giving me a lift cos i got no car today..,  esplanade   mind give lift cos get car today
ham,I wnt to buy a BMW car urgently..its vry urgent.but hv a shortage of  &lt;#&gt; Lacs.there is no source to arng dis amt. &lt;#&gt; lacs..thats my prob,wnt buy bmw car urgentlyit vry urgentbut hv shortage   ltgt lacsthere source arng dis amt ltgt lacsthat prob
ham,At home watching tv lor.,home watch tv lor
ham,Does she usually take fifteen fucking minutes to respond to a yes or no question,usually fucking minute respond yes question
spam,Congrats! Nokia 3650 video camera phone is your Call 09066382422 Calls cost 150ppm Ave call 3mins vary from mobiles 16+ Close 300603 post BCM4284 Ldn WC1N3XX,congrats nokia   video camera phone   call cost ppm ave min vary mobile   close   post bcm ldn wcnxx
ham,Booked ticket for pongal?,book ticket pongal
ham,You available now? I'm like right around hillsborough &amp;  &lt;#&gt; th,available m like right hillsborough amp   ltgt th
ham,The message sent is askin for  &lt;#&gt; dollars. Shoul i pay  &lt;#&gt;  or  &lt;#&gt; ?,message send askin   ltgt dollar shoul pay   ltgt     ltgt
ham,"Ask g or iouri, I've told the story like ten times already",ask g iouri ve tell story like time
ham,How long does applebees fucking take,long applebee fuck
ham,"Hi hope u get this txt~journey hasnt been gd,now about 50 mins late I think.",hi hope u txtjourney not gdnow   min late think
ham,But i have to. I like to have love and arrange.,like love arrange
ham,Yes..he is really great..bhaji told kallis best cricketer after sachin in world:).very tough to get out.,yeshe greatbhaji tell kalli well cricket sachin worldvery tough
ham,You were supposed to wake ME up &gt;:(,suppose wake gt
ham,Oic... I saw him too but i tot he din c me... I found a group liao...,oic see tot din c find group liao
ham,"Sorry, I'll call later",sorry ill later
ham,\HEY HEY WERETHE MONKEESPEOPLE SAY WE MONKEYAROUND! HOWDY GORGEOUS,hey hey werethe monkeespeople monkeyaround howdy gorgeous
ham,"Sorry, my battery died, I can come by but I'm only getting a gram for now, where's your place?",sorry battery die come m get gram s place
ham,"Well done, blimey, exercise, yeah, i kinda remember wot that is, hmm. ",blimey exercise yeah kinda remember wot hmm
ham,I wont get concentration dear you know you are my mind and everything :-),will not concentration dear know mind
ham,LOL ... Have you made plans for new years?,lol   plan new year
ham,10 min later k...,  min later k
ham,hanks lotsly!,hank lotsly
ham,Thanks for this hope you had a good day today,thank hope good day today
ham,K:)k:)what are detail you want to transfer?acc no enough?,kkwhat detail want transferacc
ham,Ok i will tell her to stay out. Yeah its been tough but we are optimistic things will improve this month.,ok tell stay yeah tough optimistic thing improve month
spam,"Loan for any purpose å£500 - å£75,000. Homeowners + Tenants welcome. Have you been previously refused? We can still help. Call Free 0800 1956669 or text back 'help'",loan purpose     homeowner   tenant welcome previously refuse help free    text help
ham,Si si. I think ill go make those oreo truffles.,si si think ill oreo truffle
ham,"LOOK AT AMY URE A BEAUTIFUL, INTELLIGENT WOMAN AND I LIKE U A LOT. I KNOW U DONåÕT LIKE ME LIKE THAT SO DONåÕT WORRY.",look amy ure beautiful intelligent woman like u lot know u not like like not worry
ham,I hope you that's the result of being consistently intelligent and kind. Start asking him about practicum links and keep your ears open and all the best. ttyl,hope s result consistently intelligent kind start ask practicum link ear open good ttyl
ham,"1.20 that call cost. Which i guess isnt bad. Miss ya, need ya, want ya, love ya",  cost guess not bad miss ya need ya want ya love ya
ham,Going thru a very different feeling.wavering decisions and coping up with the same is the same individual.time will heal everything i believe.,go different feelingwavering decision cop individualtime heal believe
ham,Where did u go? My phone is gonna die you have to stay in here,u phone go to die stay
ham,Great. Never been better. Each day gives even more reasons to thank God,great well day give reason thank god
spam,"UpgrdCentre Orange customer, you may now claim your FREE CAMERA PHONE upgrade for your loyalty. Call now on 0207 153 9153. Offer ends 26th July. T&C's apply. Opt-out available",upgrdcentre orange customer claim free camera phone upgrade loyalty     offer end th july tcs apply optout available
ham,"Sorry, I'll call later ok bye",sorry ill later ok bye
ham,Ok i am on the way to railway,ok way railway
ham,great princess! I love giving and receiving oral. Doggy style is my fave position. How about you? I enjoy making love  &lt;#&gt;  times per night :),great princess love give receive oral doggy style fave position enjoy make love   ltgt   time night
ham,They don't put that stuff on the roads to keep it from getting slippery over there?,not stuff road get slippery
ham,When are you going to ride your bike?,go ride bike
ham,"Yup, no need. I'll jus wait 4 e rain 2 stop.",yup need ill jus wait   e rain   stop
ham,There are many company. Tell me the language.,company tell language
spam,okmail: Dear Dave this is your final notice to collect your 4* Tenerife Holiday or #5000 CASH award! Call 09061743806 from landline. TCs SAE Box326 CW25WX 150ppm,okmail dear dave final notice collect   tenerife holiday   cash award   landline tcs sae box cwwx ppm
ham,"How long has it been since you screamed, princess?",long scream princess
ham,"Nothing. I meant that once the money enters your account here, the bank will remove its flat rate. Someone transfered  &lt;#&gt;  to my account and  &lt;#&gt; dollars got removed. So the banks differ and charges also differ.be sure you trust the 9ja person you are sending account details to cos...",mean money enter account bank remove flat rate transfer   ltgt   account   ltgt dollar get remove bank differ charge differbe sure trust ja person send account detail cos
spam,Want 2 get laid tonight? Want real Dogging locations sent direct 2 ur Mob? Join the UK's largest Dogging Network by txting MOAN to 69888Nyt. ec2a. 31p.msg@150p,want   lay tonight want real dog location send direct   ur mob join uks large dog network txte moan nyt eca pmsgp
ham,Nice line said by a broken heart- Plz don't cum 1 more times infront of me... Other wise once again I ll trust U... Good 9t:),nice line say broken heart plz not cum   time infront wise ll trust u good t
ham,Ok I'm gonna head up to usf in like fifteen minutes,ok m go to head usf like minute
ham,Love you aathi..love u lot..,love aathilove u lot
ham,Tension ah?what machi?any problem?,tension ahwhat machiany problem
ham,"K, can I pick up another 8th when you're done?",k pick th
ham,When're you guys getting back? G said you were thinking about not staying for mcr,guy get g say think stay mcr
ham,"Almost there, see u in a sec",u sec
ham,"Yo carlos, a few friends are already asking me about you, you working at all this weekend?",yo carlos friend ask work weekend
ham,Watching tv lor...,watch tv lor
ham,Thank you baby! I cant wait to taste the real thing...,thank baby not wait taste real thing
ham,You should change your fb to jaykwon thuglyfe falconerf,change fb jaykwon thuglyfe falconerf
ham,If we win its really no 1 side for long time.,win   long time
spam,"FREE MESSAGE Activate your 500 FREE Text Messages by replying to this message with the word FREE For terms & conditions, visit www.07781482378.com",free message activate   free text message reply message word free term   condition visit wwwcom
ham,Dear reached railway. What happen to you,dear reach railway happen
ham,"Depends on quality. If you want the type i sent boye, faded glory, then about 6. If you want ralphs maybe 2",depend quality want type send boye fade glory   want ralph maybe
ham,I think i've fixed it can you send a test message?,think ve fix send test message
ham,"Sorry man my account's dry or I would, if you want we could trade back half or I could buy some shit with my credit card",sorry man account dry want trade half buy shit credit card
spam,"Congrats! 1 year special cinema pass for 2 is yours. call 09061209465 now! C Suprman V, Matrix3, StarWars3, etc all 4 FREE! bx420-ip4-5we. 150pm. Dont miss out!",congrat   year special cinema pass     c suprman v matrix starwar etc   free bxipwe pm not miss
ham,"Sorry,in meeting I'll call later",sorryin meeting ill later
ham,What class of  &lt;#&gt;  reunion?,class   ltgt   reunion
ham,Are you free now?can i call now?,free nowcan
ham,Got meh... When?,get meh
ham,Nope... Think i will go for it on monday... Sorry i replied so late,nope think monday sorry reply late
ham,Some of them told accenture is not confirm. Is it true.,tell accenture confirm true
ham,"Kate jackson rec center before 7ish, right?",kate jackson rec center ish right
ham,Dear i have reache room,dear reache room
ham,"Fighting with the world is easy, u either win or lose bt fightng with some1 who is close to u is dificult if u lose - u lose if u win - u still lose.",fight world easy u win lose bt fightng close u dificult u lose   u lose u win   u lose
ham,When can Ì_ come out?,  come
ham,Check with nuerologist.,check nuerologist
ham,Lolnice. I went from a fish to ..water.?,lolnice go fish water
spam,+123 Congratulations - in this week's competition draw u have won the å£1450 prize to claim just call 09050002311 b4280703. T&Cs/stop SMS 08718727868. Over 18 only 150ppm,  congratulation   week competition draw u win   prize claim   b tcsstop sms     ppm
ham,No it's waiting in e car dat's bored wat. Cos wait outside got nothing 2 do. At home can do my stuff or watch tv wat.,wait e car dat bore wat cos wait outside get   home stuff watch tv wat
ham,"Maybe westshore or hyde park village, the place near my house?",maybe westshore hyde park village place near house
ham,You should know now. So how's anthony. Are you bringing money. I've school fees to pay and rent and stuff like that. Thats why i need your help. A friend in need....|,know s anthony bring money ve school fee pay rent stuff like s need help friend need
ham,What's the significance?,s significance
ham,Your opinion about me? 1. Over 2. Jada 3. Kusruthi 4. Lovable 5. Silent 6. Spl character 7. Not matured 8. Stylish 9. Simple Pls reply..,opinion     jada   kusruthi   lovable   silent   spl character   mature   stylish   simple pls reply
ham,"8 at the latest, g's still there if you can scrounge up some ammo and want to give the new ak a try",  late gs scrounge ammo want new ak try
ham,Prabha..i'm soryda..realy..frm heart i'm sory,prabhaim sorydarealyfrm heart m sory
ham,Lol ok your forgiven :),lol ok forgive
ham,No..jst change tat only..,nojst change tat
spam,"You are guaranteed the latest Nokia Phone, a 40GB iPod MP3 player or a å£500 prize! Txt word: COLLECT to No: 83355! IBHltd LdnW15H 150p/Mtmsgrcvd18+",guarantee late nokia phone gb ipod mp player   prize txt word collect   ibhltd ldnwh pmtmsgrcvd
ham,S:)no competition for him.,sno competition
spam,Boltblue tones for 150p Reply POLY# or MONO# eg POLY3 1. Cha Cha Slide 2. Yeah 3. Slow Jamz 6. Toxic 8. Come With Me or STOP 4 more tones txt MORE,boltblue tone p reply poly mono eg poly   cha cha slide   yeah   slow jamz   toxic   come stop   tone txt
spam,Your credits have been topped up for http://www.bubbletext.com Your renewal Pin is tgxxrz,credit top   renewal pin tgxxrz
ham,"That way transport is less problematic than on sat night. By the way, if u want to ask  n  to join my bday, feel free. But need to know definite nos as booking on fri. ",way transport problematic sit night way u want ask   n   join bday feel free need know definite nos book fri
ham,Usually the person is unconscious that's in children but in adults they may just behave abnormally. I.ll call you now,usually person unconscious s child adult behave abnormally ill
ham,But that's on ebay it might be less elsewhere.,s ebay
ham,Shall i come to get pickle,shall come pickle
ham,Were gonna go get some tacos,go to taco
ham,"That's very rude, you on campus?",s rude campus
spam,"URGENT!: Your Mobile No. was awarded a å£2,000 Bonus Caller Prize on 02/09/03! This is our 2nd attempt to contact YOU! Call 0871-872-9755 BOX95QU",urgent mobile award   bonus caller prize   nd attempt contact   boxqu
ham,Hi i won't b ard 4 christmas. But do enjoy n merry x'mas.,hi will not b ard   christmas enjoy n merry xmas
spam,"Today's Offer! Claim ur å£150 worth of discount vouchers! Text YES to 85023 now! SavaMob, member offers mobile! T Cs 08717898035. å£3.00 Sub. 16 . Unsub reply X",today offer claim ur   worth discount voucher text yes   savamob member offer mobile t cs    sub    unsub reply x
ham,Yes! How is a pretty lady like you single?,yes pretty lady like single
spam,You will recieve your tone within the next 24hrs. For Terms and conditions please see Channel U Teletext Pg 750,recieve tone hrs term condition channel u teletext pg
ham,Jay says that you're a double-faggot,jay say doublefaggot
spam,PRIVATE! Your 2003 Account Statement for 07815296484 shows 800 un-redeemed S.I.M. points. Call 08718738001 Identifier Code 41782 Expires 18/11/04 ,private   account statement   show   unredeemed sim point   identifier code   expire  
ham,What Today-sunday..sunday is holiday..so no work..,todaysundaysunday holidayso work
ham,Gudnite....tc...practice going on,gudnitetcpractice go
ham,I'll be late...,ill late
ham,"I've not called you in a while. This is hoping it was l8r malaria and that you know that we miss you guys. I miss Bani big, so pls give her my love especially. Have a great day.",ve call hop lr malaria know miss guy miss bani big pls love especially great day
ham,"Good afternoon, my love! How goes that day ? I hope maybe you got some leads on a job. I think of you, boytoy and send you a passionate kiss from across the sea",good afternoon love go day   hope maybe get lead job think boytoy send passionate kiss sea
ham,"Probably gonna be here for a while, see you later tonight &lt;)",probably go to later tonight lt
ham,Or maybe my fat fingers just press all these buttons and it doesn't know what to do.,maybe fat finger press button not know
ham,Ummmmmaah Many many happy returns of d day my dear sweet heart.. HAPPY BIRTHDAY dear,ummmmmaah happy return d day dear sweet heart happy birthday dear
ham,"I am in tirupur da, once you started from office call me.",tirupur da start office
spam,from www.Applausestore.com MonthlySubscription@50p/msg max6/month T&CsC web age16 2stop txt stop,wwwapplausestorecom monthlysubscriptionpmsg maxmonth tcsc web age stop txt stop
ham,"A famous quote : when you develop the ability to listen to 'anything' unconditionally without losing your temper or self confidence, it means you are ......... 'MARRIED'",famous quote   develop ability listen unconditionally lose temper self confidence mean   married
ham,But am going to college pa. What to do. are else ill come there it self. Pa.,go college pa ill come self pa
ham,4 oclock at mine. Just to bash out a flat plan.,  oclock bash flat plan
ham,This girl does not stay in bed. This girl doesn't need recovery time. Id rather pass out while having fun then be cooped up in bed,girl stay bed girl not need recovery time d pass have fun coope bed
ham,Then any special there?,special
ham,I know but you need to get hotel now. I just got my invitation but i had to apologise. Cali is to sweet for me to come to some english bloke's weddin,know need hotel get invitation apologise cali sweet come english bloke weddin
ham,"Sorry that took so long, omw now",sorry take long omw
ham,Wait  &lt;#&gt;  min..,wait   ltgt   min
ham,Ok give me 5 minutes I think I see her. BTW you're my alibi. You were cutting my hair the whole time.,ok   minute think btw alibi cut hair time
ham,"Imagine you finally get to sink into that bath after I have put you through your paces, maybe even having you eat me for a while before I left ... But also imagine the feel of that cage on your cock surrounded by the bath water, reminding you always who owns you ... Enjoy, my cuck",imagine finally sink bath pace maybe have eat leave   imagine feel cage cock surround bath water remind own   enjoy cuck
ham,"Hurry up, I've been weed-deficient for like three days",hurry ve weeddeficient like day
ham,"Sure, if I get an acknowledgement from you that it's astoundingly tactless and generally faggy to demand a blood oath fo",sure acknowledgement astoundingly tactless generally faggy demand blood oath fo
ham,Ok. Every night take a warm bath drink a cup of milk and you'll see a work of magic. You still need to loose weight. Just so that you know,ok night warm bath drink cup milk ll work magic need loose weight know
ham,IÛ÷ll have a look at the frying pan in case itÛ÷s cheap or a book perhaps. No thatÛ÷s silly a frying pan isnÛ÷t likely to be a book,ill look fry pan case cheap book s silly fry pan not likely book
ham,O. Well uv causes mutations. Sunscreen is like essential thesedays,o uv cause mutation sunscreen like essential theseday
ham,Having lunch:)you are not in online?why?,have lunchyou onlinewhy
ham,I know that my friend already told that.,know friend tell
ham,Hi Princess! Thank you for the pics. You are very pretty. How are you?,hi princess thank pic pretty
ham,"Aiyo... U always c our ex one... I dunno abt mei, she haven reply... First time u reply so fast... Y so lucky not workin huh, got bao by ur sugardad ah...gee.. ",aiyo u c ex dunno abt mei haven reply time u reply fast y lucky workin huh get bao ur sugardad ahgee
ham,Hi msg me:)i'm in office..,hi msg meim office
ham,Thanx 4 e brownie it's v nice...,thanx   e brownie v nice
ham,Geeeee ... I love you so much I can barely stand it,geeeee   love barely stand
spam,GENT! We are trying to contact you. Last weekends draw shows that you won a å£1000 prize GUARANTEED. Call 09064012160. Claim Code K52. Valid 12hrs only. 150ppm ,gent try contact weekend draw show win   prize guarantee   claim code k valid hrs ppm
ham,"Fuck babe ... I miss you already, you know ? Can't you let me send you some money towards your net ? I need you ... I want you ... I crave you ...",fuck babe   miss know   not let send money net   need   want   crave
ham,"Ill call u 2mrw at ninish, with my address that icky American freek wont stop callin me 2 bad Jen k eh?",ill u mrw ninish address icky american freek will not stop callin   bad jen k eh
ham,Oooh bed ridden ey? What are YOU thinking of?,oooh bed ride ey think
ham,"So anyways, you can just go to your gym or whatever, my love *smiles* I hope your ok and having a good day babe ... I miss you so much already",anyways gym love smile hope ok have good day babe   miss
ham,Love it! Daddy will make you scream with pleasure! I am going to slap your ass with my dick!,love daddy scream pleasure go slap ass dick
ham,WOT U WANNA DO THEN MISSY?,wot u wanna missy
ham,Yar lor wait 4 my mum 2 finish sch then have lunch lor... I whole morning stay at home clean my room now my room quite clean... Hee...,yar lor wait   mum   finish sch lunch lor morning stay home clean room room clean hee
ham,Do you know where my lab goggles went,know lab goggle go
ham,Can you open the door?,open door
ham,Waiting for your call.,wait
ham,Nope i waiting in sch 4 daddy... ,nope wait sch   daddy
spam,"You have won ?1,000 cash or a ?2,000 prize! To claim, call09050000327",win   cash   prize claim
ham,"I'm tired of arguing with you about this week after week. Do what you want and from now on, i'll do the same.",m tired argue week week want ill
ham,ÌÏ wait 4 me in sch i finish ard 5..,  wait   sch finish ard
spam,"our mobile number has won å£5000, to claim calls us back or ring the claims hot line on 09050005321.",mobile number win   claim call ring claim hot line
ham,"Arngd marriage is while u r walkin unfortuntly a snake bites u. bt love marriage is dancing in frnt of d snake &amp; sayin Bite me, bite me.",arngd marriage u r walkin unfortuntly snake bite u bt love marriage dance frnt d snake amp sayin bite bite
ham,Huh so early.. Then Ì_ having dinner outside izzit?,huh early   have dinner outside izzit
ham,Ok anyway no need to change with what you said,ok need change say
spam,We tried to contact you re your reply to our offer of 750 mins 150 textand a new video phone call 08002988890 now or reply for free delivery tomorrow,try contact reply offer   min   textand new video phone   reply free delivery tomorrow
ham,my ex-wife was not able to have kids. Do you want kids one day?,exwife able kid want kid day
ham,So how's scotland. Hope you are not over showing your JJC tendencies. Take care. Live the dream,s scotland hope show jjc tendency care live dream
ham,Tell them u have a headache and just want to use 1 hour of sick time.,tell u headache want use   hour sick time
ham,"I dun thk i'll quit yet... Hmmm, can go jazz ? Yogasana oso can... We can go meet em after our lessons den... ",dun thk ill quit hmmm jazz   yogasana oso meet em lesson den
ham,"\Pete can you please ring meive hardly gotany credit\""""",pete ring meive hardly gotany credit
ham,Ya srsly better than yi tho,ya srsly well yi tho
ham,"I'm in a meeting, call me later at",m meeting later
spam,"For ur chance to win a å£250 wkly shopping spree TXT: SHOP to 80878. T's&C's www.txt-2-shop.com custcare 08715705022, 1x150p/wk",ur chance win   wkly shopping spree txt shop   tscs wwwtxtshopcom custcare   xpwk
spam,You have been specially selected to receive a 2000 pound award! Call 08712402050 BEFORE the lines close. Cost 10ppm. 16+. T&Cs apply. AG Promo,specially select receive   pound award   line close cost ppm   tcs apply ag promo
spam,PRIVATE! Your 2003 Account Statement for 07753741225 shows 800 un-redeemed S. I. M. points. Call 08715203677 Identifier Code: 42478 Expires 24/10/04,private   account statement   show   unredeemed s m point   identifier code   expire
ham,You still at grand prix?,grand prix
ham,"I met you as a stranger and choose you as my friend. As long as the world stands, our friendship never ends. Lets be Friends forever!!! Gud nitz...",meet stranger choose friend long world stand friendship end let friend forever gud nitz
ham,I am great! How are you?,great
ham,Gud mrng dear have a nice day,gud mrng dear nice day
spam,You have an important customer service announcement. Call FREEPHONE 0800 542 0825 now!,important customer service announcement freephone    
ham,Will do. Was exhausted on train this morning. Too much wine and pie. You sleep well too,exhaust train morning wine pie sleep
ham,I'm going out to buy mum's present ar.,m go buy mum present ar
ham,Mind blastin.. No more Tsunamis will occur from now on.. Rajnikant stopped swimming in Indian Ocean..:-D,mind blastin tsunamis occur rajnikant stop swim indian oceand
ham,If u sending her home first it's ok lor. I'm not ready yet.,u send home ok lor m ready
ham,Speaking of does he have any cash yet?,speak cash
ham,Be happy there. I will come after noon,happy come noon
ham,Meet after lunch la...,meet lunch la
ham,TaKe CaRE n gET WeLL sOOn,care n soon
spam,XCLUSIVE@CLUBSAISAI 2MOROW 28/5 SOIREE SPECIALE ZOUK WITH NICHOLS FROM PARIS.FREE ROSES 2 ALL LADIES !!! info: 07946746291/07880867867 ,xclusiveclubsaisai morow   soiree speciale zouk nichols parisfree rose   lady   info  
ham,what I meant to say is cant wait to see u again getting bored of this bridgwater banter,mean not wait u get bored bridgwater banter
ham,Neva mind it's ok..,neva mind ok
ham,"It's fine, imma get a drink or somethin. Want me to come find you?",fine imma drink somethin want come find
spam,22 days to kick off! For Euro2004 U will be kept up to date with the latest news and results daily. To be removed send GET TXT STOP to 83222,  day kick euro u keep date late news result daily remove send txt stop
ham,Its a valentine game. . . Send dis msg to all ur friends. .. If 5 answers r d same then someone really loves u. Ques- which colour suits me the best?rply me,valentine game    send dis msg ur friend     answer r d love u que colour suit bestrply
ham,I have many dependents,dependent
ham,THANX4 TODAY CER IT WAS NICE 2 CATCH UP BUT WE AVE 2 FIND MORE TIME MORE OFTEN OH WELL TAKE CARE C U SOON.C,thanx today cer nice   catch ave   find time oh care c u soonc
ham,I called and said all to him:)then he have to choose this future.,call say himthen choose future
ham,"\Happy valentines day\"" I know its early but i have hundreds of handsomes and beauties to wish. So i thought to finish off aunties and uncles 1st...""",happy valentine day know early hundred handsome beauty wish think finish aunty uncle st
ham,He like not v shock leh. Cos telling shuhui is like telling leona also. Like dat almost all know liao. He got ask me abt ur reaction lor.,like v shock leh cos tell shuhui like tell leona like dat know liao get ask abt ur reaction lor
ham,For my family happiness..,family happiness
ham,I come n pick Ì_ up... Come out immediately aft ur lesson...,come n pick   come immediately aft ur lesson
ham,Let there be snow. Let there be snow. This kind of weather brings ppl together so friendships can grow.,let snow let snow kind weather bring ppl friendship grow
ham,Dear we got  &lt;#&gt;  dollars hi hi,dear get   ltgt   dollar hi hi
ham,Good words.... But words may leave u in dismay many times.,good word word leave u dismay time
ham,MAKE SURE ALEX KNOWS HIS BIRTHDAY IS OVER IN FIFTEEN MINUTES AS FAR AS YOU'RE CONCERNED,sure alex know birthday minute far concern
ham,"sorry, no, have got few things to do. may be in pub later.",sorry get thing pub later
ham,"Nah it's straight, if you can just bring bud or drinks or something that's actually a little more useful than straight cash",nah straight bring bud drink s actually little useful straight cash
ham,"Haha good to hear, I'm officially paid and on the market for an 8th",haha good hear m officially pay market th
ham,How many licks does it take to get to the center of a tootsie pop?,lick center tootsie pop
ham,Yup i thk they r e teacher said that will make my face look longer. Darren ask me not 2 cut too short.,yup thk r e teacher say face look long darren ask   cut short
spam,New TEXTBUDDY Chat 2 horny guys in ur area 4 just 25p Free 2 receive Search postcode or at gaytextbuddy.com. TXT ONE name to 89693,new textbuddy chat   horny guy ur area   p free   receive search postcode gaytextbuddycom txt
spam,Todays Vodafone numbers ending with 4882 are selected to a receive a å£350 award. If your number matches call 09064019014 to receive your å£350 award.,todays vodafone number end   select receive   award number match   receive   award
ham,Please dont say like that. Hi hi hi,not like hi hi hi
ham,Thank u!,thank u
ham,Oh that was a forwarded message. I thought you send that to me,oh forwarded message think send
ham,Got it. Seventeen pounds for seven hundred ml ÛÒ hope ok.,get seventeen pound seven ml   hope ok
spam,"Dear Voucher Holder, 2 claim this weeks offer, at your PC go to http://www.e-tlp.co.uk/expressoffer Ts&Cs apply.2 stop texts txt STOP to 80062.",dear voucher holder   claim week offer pc   tsc apply stop text txt stop
ham,Me n him so funny...,n funny
ham,"Sweetheart, hope you are not having that kind of day! Have one with loads of reasons to smile. Biola",sweetheart hope have kind day load reason smile biola
ham,When Ì_ login dat time... Dad fetching Ì_ home now?,  login dat time dad fetch   home
ham,"What will we do in the shower, baby?",shower baby
ham,I had askd u a question some hours before. Its answer,askd u question hour answer
ham,"Well imma definitely need to restock before thanksgiving, I'll let you know when I'm out",imma definitely need restock thanksgiving ill let know m
ham," said kiss, kiss, i can't do the sound effects! He is a gorgeous man isn't he! Kind of person who needs a smile to brighten his day! ",  say kiss kiss not sound effect gorgeous man not kind person need smile brighten day
ham,Probably gonna swing by in a wee bit,probably go to swing wee bit
ham,Ya very nice. . .be ready on thursday,ya nice   ready thursday
ham,Allo! We have braved the buses and taken on the trains and triumphed. I mean weÛ÷re in bÛ÷ham. Have a jolly good rest of week,allo brave bus take train triumph mean bham jolly good rest week
ham,"Watching cartoon, listening music &amp; at eve had to go temple &amp; church.. What about u?",watch cartoon listen music amp eve temple amp church u
ham,Do you mind if I ask what happened? You dont have to say if it is uncomfortable.,mind ask happen not uncomfortable
spam,PRIVATE! Your 2003 Account Statement for shows 800 un-redeemed S. I. M. points. Call 08715203694 Identifier Code: 40533 Expires 31/10/04,private   account statement show   unredeemed s m point   identifier code   expire
ham,No prob. I will send to your email.,prob send email
spam,"You have won ?1,000 cash or a ?2,000 prize! To claim, call09050000327. T&C: RSTM, SW7 3SS. 150ppm",win   cash   prize claim tc rstm sw ss ppm
ham,Thats cool! Sometimes slow and gentle. Sonetimes rough and hard :),s cool slow gentle sonetime rough hard
ham,I'm gonna say no. Sorry. I would but as normal am starting to panic about time. Sorry again! Are you seeing on Tuesday?,m go to sorry normal start panic time sorry see tuesday
ham,"Wait, do you know if wesleys in town? I bet she does hella drugs!",wait know wesley town bet hella drug
ham,Fine i miss you very much.,fine miss
ham,Did u got that persons story,u get person story
ham,Tell them the drug dealer's getting impatient,tell drug dealer get impatient
ham,"Sun cant come to earth but send luv as rays. cloud cant come to river but send luv as rain. I cant come to meet U, but can send my care as msg to U. Gud evng",sun not come earth send luv ray cloud not come river send luv rain not come meet u send care msg u gud evng
ham,You will be in the place of that man,place man
ham,"It doesnt make sense to take it there unless its free. If you need to know more, wikipedia.com",not sense free need know wikipediacom
spam,88800 and 89034 are premium phone services call 08718711108,    premium phone service
ham,"Under the sea, there lays a rock. In the rock, there is an envelope. In the envelope, there is a paper. On the paper, there are 3 words... '",sea lay rock rock envelope envelope paper paper   word
ham,Then mum's repent how?,mum repent
ham,Sorry me going home first... Daddy come fetch Ì_ later...,sorry go home daddy come fetch   later
ham,Leave it de:-). Start Prepare for next:-)..,leave de start prepare
ham,Yes baby! We can study all the positions of the kama sutra ;),yes baby study position kama sutra
ham,En chikku nange bakra msg kalstiya..then had tea/coffee?,en chikku nange bakra msg kalstiyathen teacoffee
ham,Carlos'll be here in a minute if you still need to buy,carlosll minute need buy
ham,This pay is  &lt;DECIMAL&gt;  lakhs:),pay   ltdecimalgt   lakh
ham,Have a good evening! Ttyl,good evening ttyl
ham,Did u receive my msg?,u receive msg
ham,Ho ho - big belly laugh! See ya tomo,ho ho   big belly laugh ya tomo
spam,SMS. ac sun0819 posts HELLO:\You seem cool,sms ac sun post helloyou cool
spam,Get ur 1st RINGTONE FREE NOW! Reply to this msg with TONE. Gr8 TOP 20 tones to your phone every week just å£1.50 per wk 2 opt out send STOP 08452810071 16,ur st ringtone free reply msg tone gr   tone phone week   wk   opt send stop  
ham,"Ditto. And you won't have to worry about me saying ANYTHING to you anymore. Like i said last night, you do whatever you want and i'll do the same. Peace.",ditto will not worry say anymore like say night want ill peace
ham,"I've got  &lt;#&gt; , any way I could pick up?",ve get   ltgt   way pick
ham,"I dont knw pa, i just drink milk..",not knw pa drink milk
ham,Maybe?! Say hi to  and find out if  got his card. Great escape or wetherspoons? ,maybe hi   find   get card great escape wetherspoon
ham,"Piggy, r u awake? I bet u're still sleeping. I'm going 4 lunch now...",piggy r u awake bet ure sleep m go   lunch
ham,Cause I'm not freaky lol,cause m freaky lol
ham,Missed your call cause I was yelling at scrappy. Miss u. Can't wait for u to come home. I'm so lonely today.,miss cause yell scrappy miss u not wait u come home m lonely today
ham,What is this 'hex' place you talk of? Explain!,hex place talk explain
ham,ÌÏ log off 4 wat. It's sdryb8i,  log   wat sdrybi
ham,Is xy going 4 e lunch?,xy go   e lunch
spam,Hi I'm sue. I am 20 years old and work as a lapdancer. I love sex. Text me live - I'm i my bedroom now. text SUE to 89555. By TextOperator G2 1DA 150ppmsg 18+,hi m sue   year old work lapdancer love sex text live   m bedroom text sue   textoperator g da ppmsg
ham,I wanted to ask Ì_ to wait 4 me to finish lect. Cos my lect finishes in an hour anyway.,want ask   wait   finish lect cos lect finish hour
ham,Have you finished work yet? :),finish work
ham,"Every King Was Once A Crying Baby And Every Great Building Was Once A Map.. Not Imprtant Where U r TODAY, BUT Where U Wil Reach TOMORW. Gud ni8",king cry baby great building map imprtant u r today u wil reach tomorw gud ni
ham,"Dear,Me at cherthala.in case u r coming cochin pls call bfore u start.i shall also reach accordingly.or tell me which day u r coming.tmorow i am engaged ans its holiday.",dearme cherthalain case u r come cochin pls bfore u starti shall reach accordinglyor tell day u r comingtmorow engage an holiday
ham,Thanks love. But am i doing torch or bold.,thank love torch bold
spam,<Forwarded from 448712404000>Please CALL 08712404000 immediately as there is an urgent message waiting for you.,forward   immediately urgent message wait
ham,Was the farm open?,farm open
ham,"Sorry to trouble u again. Can buy 4d for my dad again? 1405, 1680, 1843. All 2 big 1 small, sat n sun. Thanx.",sorry trouble u buy d dad       big   small sat n sun thanx
ham,"My sister in law, hope you are having a great month. Just saying hey. Abiola",sister law hope have great month say hey abiola
ham,Will purchase d stuff today and mail to you. Do you have a po box number?,purchase d stuff today mail po box number
ham,Ah poop. Looks like ill prob have to send in my laptop to get fixed cuz it has a gpu problem,ah poop look like ill prob send laptop fix cuz gpu problem
ham,Good. Good job. I like entrepreneurs,good good job like entrepreneur
ham,"Aight, you close by or still down around alex's place?",aight close alexs place
ham,meet you in corporation st outside gap Û_ you can see how my mind is working!,meet corporation st outside gap   mind work
ham,Mum ask Ì_ to buy food home...,mum ask   buy food home
ham,K..u also dont msg or reply to his msg..,ku not msg reply msg
ham,How much r Ì_ willing to pay?,r   willing pay
ham,"Sorry, I'll call later",sorry ill later
ham,What is important is that you prevent dehydration by giving her enough fluids,important prevent dehydration give fluid
ham,"Thats a bit weird, even ?- where is the do supposed to be happening? But good idea, sure they will be in pub!",s bit weird   suppose happen good idea sure pub
ham,True dear..i sat to pray evening and felt so.so i sms'd you in some time...,true deari sit pray evening feel soso smsd time
ham,"I don't think I can get away for a trek that long with family in town, sorry",not think away trek long family town sorry
ham,So when do you wanna gym harri,wanna gym harri
ham,Quite late lar... Ard 12 anyway i wun b drivin...,late lar ard   wun b drivin
spam,"To review and KEEP the fantastic Nokia N-Gage game deck with Club Nokia, go 2 www.cnupdates.com/newsletter. unsubscribe from alerts reply with the word OUT",review fantastic nokia ngage game deck club nokia   wwwcnupdatescomnewsletter unsubscribe alert reply word
spam,4mths half price Orange line rental & latest camera phones 4 FREE. Had your phone 11mths+? Call MobilesDirect free on 08000938767 to update now! or2stoptxt T&Cs,mth half price orange line rental   late camera phone   free phone mth mobilesdirect free   update orstoptxt tcs
ham,Height of Confidence: All the Aeronautics professors wer calld &amp; they wer askd 2 sit in an aeroplane. Aftr they sat they wer told dat the plane ws made by their students. Dey all hurried out of d plane.. Bt only 1 didnt move... He said:\if it is made by my students,height confidence aeronautic professor wer calld amp wer askd   sit aeroplane aftr sit wer tell dat plane ws student dey hurry d plane bt   not saidif student
ham,It just seems like weird timing that the night that all you and g want is for me to come smoke is the same day as when a shitstorm is attributed to me always coming over and making everyone smoke,like weird timing night g want come smoke day shitstorm attribute come make smoke
spam,08714712388 between 10am-7pm Cost 10p,  ampm cost p
ham,"Save yourself the stress. If the person has a dorm account, just send your account details and the money will be sent to you.",save stress person dorm account send account detail money send
ham,He also knows about lunch menu only da. . I know,know lunch menu da   know
ham,When i have stuff to sell i.ll tell you,stuff sell ill tell
spam,+449071512431 URGENT! This is the 2nd attempt to contact U!U have WON å£1250 CALL 09071512433 b4 050703 T&CsBCM4235WC1N3XX. callcost 150ppm mobilesvary. maxå£7. 50,  urgent nd attempt contact uu win     b   tcsbcmwcnxx callcost ppm mobilesvary max
ham,Book which lesson? then you msg me... I will call up after work or sth... I'm going to get specs. My membership is PX3748,book lesson msg work sth m go spec membership px
spam,You have WON a guaranteed å£1000 cash or a å£2000 prize. To claim yr prize call our customer service representative on 08714712394 between 10am-7pm,win guarantee   cash   prize claim yr prize customer service representative   ampm
ham,Macha dont feel upset.i can assume your mindset.believe me one evening with me and i have some wonderful plans for both of us.LET LIFE BEGIN AGAIN.call me anytime,macha not feel upseti assume mindsetbelieve evening wonderful plan uslet life begin againcall anytime
ham,Oh is it? Send me the address,oh send address
ham,S'fine. Anytime. All the best with it.,sfine anytime good
ham,That is wondar full flim.,wondar flim
ham,Ya even those cookies have jelly on them,ya cooky jelly
ham,"The world is running and i am still.maybe all are feeling the same,so be it.or i have to admit,i am mad.then where is the correction?or let me call this is life.and keep running with the world,may be u r also running.lets run.",world run stillmaybe feel sameso itor admiti madthen correctionor let lifeand run worldmay u r runninglet run
ham,Got it! It looks scrumptious... daddy wants to eat you all night long!,get look scrumptious daddy want eat night long
ham,Of cos can lar i'm not so ba dao ok... 1 pm lor... Y u never ask where we go ah... I said u would ask on fri but he said u will ask today...,cos lar m ba dao ok   pm lor y u ask ah say u ask fri say u ask today
ham,"Alright omw, gotta change my order to a half8th",alright omw get to change order halfth
ham,Exactly. Anyways how far. Is jide her to study or just visiting,exactly anyways far jide study visit
ham,Dunno y u ask me.,dunno y u ask
spam,Email AlertFrom: Jeri StewartSize: 2KBSubject: Low-cost prescripiton drvgsTo listen to email call 123,email alertfrom jeri stewartsize kbsubject lowcost prescripiton drvgsto listen email
ham,No he didn't. Spring is coming early yay!,not spring come early yay
ham,Lol you won't feel bad when I use her money to take you out to a steak dinner =D,lol will not feel bad use money steak dinner d
ham,Even u dont get in trouble while convincing..just tel him once or twice and just tel neglect his msgs dont c and read it..just dont reply,u not trouble convincingjust tel twice tel neglect msg not c read itjust not reply
ham,Leaving to qatar tonite in search of an opportunity.all went fast.pls add me in ur prayers dear.Rakhesh,leave qatar tonite search opportunityall go fastpls add ur prayer dearrakhesh
ham,Then why no one talking to me,talk
ham,Thanks for looking out for me. I really appreciate.,thank look appreciate
spam,Hi. Customer Loyalty Offer:The NEW Nokia6650 Mobile from ONLY å£10 at TXTAUCTION! Txt word: START to No: 81151 & get yours Now! 4T&Ctxt TC 150p/MTmsg,hi customer loyalty offerthe new nokia mobile   txtauction txt word start    tctxt tc pmtmsg
ham,Wish i were with you now!,wish
ham,Haha mayb u're rite... U know me well. Da feeling of being liked by someone is gd lor. U faster go find one then all gals in our group attached liao.,haha mayb ure rite u know da feeling like gd lor u fast find gal group attach liao
ham,Yes i will be there. Glad you made it.,yes glad
ham,Do well :)all will for little time. Thing of good times ahead:,little time thing good time ahead
ham,Just got up. have to be out of the room very soon. Û_. i hadn't put the clocks back til at 8 i shouted at everyone to get up and then realised it was 7. wahay. another hour in bed.,get room soon   not clock til   shout realise   wahay hour bed
ham,Ok. There may be a free gym about.,ok free gym
ham,Men like shorter ladies. Gaze up into his eyes.,man like short lady gaze eye
ham,Dunno he jus say go lido. Same time 930.,dunno jus lido time
ham,"I promise to take good care of you, princess. I have to run now. Please send pics when you get a chance. Ttyl!",promise good care princess run send pic chance ttyl
spam,U are subscribed to the best Mobile Content Service in the UK for å£3 per 10 days until you send STOP to 82324. Helpline 08706091795,u subscribe good mobile content service uk     day send stop   helpline
ham,Is there a reason we've not spoken this year? Anyways have a great week and all the best in your exam,reason ve speak year anyways great week good exam
ham,By monday next week. Give me the full gist,monday week gist
spam,"Do you realize that in about 40 years, we'll have thousands of old ladies running around with tattoos?",realize   year thousand old lady run tattoo
spam,You have an important customer service announcement from PREMIER.,important customer service announcement premier
ham,Dont gimme that lip caveboy,not gimme lip caveboy
ham,When did you get to the library,library
ham,Realy sorry-i don't recognise this number and am now confused :) who r u please?! ,realy sorryi not recognise number confuse   r u
ham,So why didnt you holla?,not holla
ham,Cant think of anyone with * spare room off * top of my head,not think   spare room   head
ham,"Faith makes things possible,Hope makes things work,Love makes things beautiful,May you have all three this Christmas!Merry Christmas!",faith make thing possiblehope make thing worklove make thing beautifulmay christmasmerry christmas
ham,U should have made an appointment,u appointment
ham,"Call me when you/carlos is/are here, my phone's vibrate is acting up and I might not hear texts",youcarlo isare phone vibrate act hear text
spam,"Romantic Paris. 2 nights, 2 flights from å£79 Book now 4 next year. Call 08704439680Ts&Cs apply.",romantic paris   night   flight   book   year tsc apply
ham,"We are at grandmas. Oh dear, u still ill? I felt Shit this morning but i think i am just hungover! Another night then. We leave on sat.",grandmas oh dear u ill feel shit morning think hungover night leave sit
spam,Urgent Ur å£500 guaranteed award is still unclaimed! Call 09066368327 NOW closingdate04/09/02 claimcode M39M51 å£1.50pmmorefrommobile2Bremoved-MobyPOBox734LS27YF,urgent ur   guarantee award unclaimed   closingdate claimcode mm pmmorefrommobilebremovedmobypoboxlsyf
ham,Nothing but we jus tot u would ask cos u ba gua... But we went mt faber yest... Yest jus went out already mah so today not going out... Jus call lor...,jus tot u ask cos u ba gua go mt faber yest y jus go mah today go jus lor
ham,"Wishing you and your family Merry \X\"" mas and HAPPY NEW Year in advance..""",wish family merry x mas happy new year advance
spam,UR awarded a City Break and could WIN a å£200 Summer Shopping spree every WK. Txt STORE to 88039 . SkilGme. TsCs087147403231Winawk!Age16 å£1.50perWKsub,ur award city break win   summer shopping spree wk txt store    skilgme tscswinawkage perwksub
ham,"I'm nt goin, got somethin on, unless they meetin 4 dinner lor... Haha, i wonder who will go tis time...",m not goin get somethin meetin   dinner lor haha wonder tis time
ham,"Sorry, I'll call later",sorry ill later
ham,I cant pick the phone right now. Pls send a message,not pick phone right pls send message
ham,Lol I know! They're so dramatic. Schools already closed for tomorrow. Apparently we can't drive in the inch of snow were supposed to get.,lol know dramatic school close tomorrow apparently not drive inch snow suppose
ham,Not getting anywhere with this damn job hunting over here!,get damn job hunt
ham,Lol! U drunkard! Just doing my hair at d moment. Yeah still up 4 tonight. Wats the plan? ,lol u drunkard hair d moment yeah   tonight wat plan
ham,"idc get over here, you are not weaseling your way out of this shit twice in a row",idc weasele way shit twice row
ham,I wil be there with in  &lt;#&gt;  minutes. Got any space,wil   ltgt   minute get space
ham,Just sleeping..and surfing,sleepingand surfing
ham,Thanks for picking up the trash.,thank pick trash
ham,Why don't you go tell your friend you're not sure you want to live with him because he smokes too much then spend hours begging him to come smoke,not tell friend sure want live smoke spend hour beg come smoke
ham,"\Hi its Kate it was lovely to see you tonight and ill phone you tomorrow. I got to sing and a guy gave me his card! xxx\""""",hi kate lovely tonight ill phone tomorrow get sing guy give card xxx
ham,Happy New year my dear brother. I really do miss you. Just got your number and decided to send you this text wishing you only happiness. Abiola,happy new year dear brother miss get number decide send text wish happiness abiola
ham,That means get the door,mean door
ham,Your opinion about me? 1. Over 2. Jada 3. Kusruthi 4. Lovable 5. Silent 6. Spl character 7. Not matured 8. Stylish 9. Simple Pls reply..,opinion     jada   kusruthi   lovable   silent   spl character   mature   stylish   simple pls reply
ham,"Hmmm ... I thought we said 2 hours slave, not 3 ... You are late ... How should I punish you ?",hmmm   think say   hour slave    late   punish
ham,Beerage?,beerage
spam,You have an important customer service announcement from PREMIER. Call FREEPHONE 0800 542 0578 now!,important customer service announcement premier freephone    
ham,Dont think so. It turns off like randomlly within 5min of opening,not think turn like randomlly min opening
ham,"She was supposed to be but couldn't make it, she's still in town though",suppose not s town
ham,It does it on its own. Most of the time it fixes my spelling. But sometimes it gets a completely diff word. Go figure,time fix spelling get completely diff word figure
spam,Ever thought about living a good life with a perfect partner? Just txt back NAME and AGE to join the mobile community. (100p/SMS),think live good life perfect partner txt age join mobile community psm
spam,"5 Free Top Polyphonic Tones call 087018728737, National Rate. Get a toppoly tune sent every week, just text SUBPOLY to 81618, å£3 per pole. UnSub 08718727870.",  free polyphonic tone   national rate toppoly tune send week text subpoly    pole unsub
ham,Gud mrng dear hav a nice day,gud mrng dear hav nice day
ham,This is hoping you enjoyed your game yesterday. Sorry i've not been in touch but pls know that you are fondly bein thot off. Have a great week. Abiola,hop enjoy game yesterday sorry ve touch pls know fondly bein thot great week abiola
ham,All e best 4 ur driving tmr :-),e good   ur drive tmr
ham,Y?WHERE U AT DOGBREATH? ITS JUST SOUNDING LIKE JAN C THATåÕS AL!!!!!!!!!,ywhere u dogbreath sound like jan c s al
ham,Omg I want to scream. I weighed myself and I lost more weight! Woohoo!,omg want scream weigh lose weight woohoo
ham,There generally isn't one. It's an uncountable noun - u in the dictionary. pieces of research?,generally not uncountable noun   u dictionary piece research
ham,it's really getting me down just hanging around.,get hang
spam,"Orange customer, you may now claim your FREE CAMERA PHONE upgrade for your loyalty. Call now on 0207 153 9996. Offer ends 14thMarch. T&C's apply. Opt-out availa",orange customer claim free camera phone upgrade loyalty     offer end thmarch tcs apply optout availa
ham,"\Petey boy whereare you me and all your friendsare in theKingshead come down if you canlove Nic\""""",petey boy whereare friendsare thekingshead come canlove nic
ham,Ok i msg u b4 i leave my house.,ok msg u b leave house
ham,"\Gimme a few\"" was  &lt;#&gt;  minutes ago""",gimme   ltgt   minute ago
spam,"Last Chance! Claim ur å£150 worth of discount vouchers today! Text SHOP to 85023 now! SavaMob, offers mobile! T Cs SavaMob POBOX84, M263UZ. å£3.00 Sub. 16",chance claim ur   worth discount voucher today text shop   savamob offer mobile t cs savamob pobox muz   sub
ham,Appt is at &lt;TIME&gt; am. Not my fault u don't listen. I told u twice,appt lttimegt fault u not listen tell u twice
spam,FREE for 1st week! No1 Nokia tone 4 ur mobile every week just txt NOKIA to 8077 Get txting and tell ur mates. www.getzed.co.uk POBox 36504 W45WQ 16+ norm150p/tone,free st week nokia tone   ur mobile week txt nokia   txte tell ur mate wwwgetzedcouk pobox   wwq   normptone
spam,You have won a guaranteed å£200 award or even å£1000 cashto claim UR award call free on 08000407165 (18+) 2 stop getstop on 88222 PHP. RG21 4JX,win guarantee   award   cashto claim ur award free     stop getstop   php rg jx
ham,K I'll be there before 4.,k ill
ham,I dled 3d its very imp,dle d imp
ham,"sure, but make sure he knows we ain't smokin yet",sure sure know be not smokin
ham,Boooo you always work. Just quit.,boooo work quit
ham,I am taking half day leave bec i am not well,take half day leave bec
ham,Ugh I don't wanna get out of bed. It's so warm.,ugh not wanna bed warm
ham,S:)s.nervous  &lt;#&gt; :),ssnervous   ltgt
ham,So there's a ring that comes with the guys costumes. It's there so they can gift their future yowifes. Hint hint,s ring come guy costume gift future yowife hint hint
spam,Congratulations ur awarded either å£500 of CD gift vouchers & Free entry 2 our å£100 weekly draw txt MUSIC to 87066 TnCs www.Ldew.com1win150ppmx3age16,congratulation ur award   cd gift voucher   free entry     weekly draw txt music   tnc wwwldewcomwinppmxage
ham,I borrow ur bag ok.,borrow ur bag ok
spam,"U were outbid by simonwatson5120 on the Shinco DVD Plyr. 2 bid again, visit sms. ac/smsrewards 2 end bid notifications, reply END OUT",u outbid simonwatson shinco dvd plyr   bid visit sms acsmsreward   end bid notification reply end
ham,Where's my boytoy? I miss you ... What happened?,s boytoy miss   happen
ham,"He has lots of used ones babe, but the model doesn't help. Youi have to bring it over and he'll match it up",lot one babe model not help youi bring hell match
ham,Also are you bringing galileo or dobby,bring galileo dobby
ham,Then why you not responding,respond
ham,"\BOO BABE! U ENJOYIN YOURJOB? U SEEMED 2 B GETTIN ON WELL HUNNY!HOPE URE OK?TAKE CARE & IåÕLLSPEAK 2U SOONLOTS OF LOVEME XXXX.\""""",boo babe u enjoyin yourjob u   b gettin hunnyhope ure oktake care   illspeak u soonlot loveme xxxx
ham,Good afternoon starshine! How's my boytoy? Does he crave me yet? Ache to fuck me ? *sips cappuccino* I miss you babe *teasing kiss*,good afternoon starshine s boytoy crave ache fuck   sip cappuccino miss babe teasing kiss
ham,On the road so cant txt,road not txt
spam,"SMSSERVICES. for yourinclusive text credits, pls goto www.comuk.net login= 3qxj9 unsubscribe with STOP, no extra charge. help 08702840625.COMUK. 220-CM2 9AE",smsservice yourinclusive text credit pls goto wwwcomuknet login qxj unsubscribe stop extra charge help comuk cm ae
spam,25p 4 alfie Moon's Children in need song on ur mob. Tell ur m8s. Txt Tone charity to 8007 for Nokias or Poly charity for polys: zed 08701417012 profit 2 charity.,p   alfie moon child need song ur mob tell ur ms txt tone charity   nokia poly charity poly zed   profit   charity
ham,Have a good evening! Ttyl,good evening ttyl
ham,Hmm .. Bits and pieces lol ... *sighs* ...,hmm   bit piece lol   sigh
ham,Hahaha..use your brain dear,hahahause brain dear
ham,Hey. You got any mail?,hey get mail
ham,"Sorry light turned green, I meant another friend wanted  &lt;#&gt;  worth but he may not be around",sorry light turn green mean friend want   ltgt   worth
ham,Thanks for yesterday sir. You have been wonderful. Hope you enjoyed the burial. MojiBiola,thank yesterday sir wonderful hope enjoy burial mojibiola
spam,U have a secret admirer. REVEAL who thinks U R So special. Call 09065174042. To opt out Reply REVEAL STOP. 1.50 per msg recd. Cust care 07821230901,u secret admirer reveal think u r special   opt reply reveal stop   msg recd cust care
ham,Hi mate its RV did u hav a nice hol just a message 3 say hello coz havenåÕt sent u 1 in ages started driving so stay off roads!RVx,hi mate rv u hav nice hol message   hello coz not send u   age start drive stay roadsrvx
spam,"Dear Voucher Holder, To claim this weeks offer, at you PC please go to http://www.e-tlp.co.uk/expressoffer Ts&Cs apply. To stop texts, txt STOP to 80062",dear voucher holder claim week offer pc   tsc apply stop text txt stop
ham,"Thank you so much. When we skyped wit kz and sura, we didnt get the pleasure of your company. Hope you are good. We've given you ultimatum oh! We are countin down to aburo. Enjoy! This is the message i sent days ago",thank skype wit kz sura not pleasure company hope good ve give ultimatum oh countin aburo enjoy message send day ago
ham,Surely result will offer:),surely result offer
ham,Good Morning my Dear........... Have a great &amp; successful day.,good morning dear great amp successful day
spam,Do you want 750 anytime any network mins 150 text and a NEW VIDEO phone for only five pounds per week call 08002888812 or reply for delivery tomorrow,want   anytime network min   text new video phone pound week   reply delivery tomorrow
ham,"Sir, I have been late in paying rent for the past few months and had to pay a $ &lt;#&gt;  charge. I felt it would be inconsiderate of me to nag about something you give at great cost to yourself and that's why i didnt speak up. I however am in a recession and wont be able to pay the charge this month hence my askin well ahead of month's end. Can you please help. Thanks",sir late pay rent past month pay   ltgt   charge feel inconsiderate nag great cost s not speak recession will not able pay charge month askin ahead month end help thank
spam,We tried to contact you re our offer of New Video Phone 750 anytime any network mins HALF PRICE Rental camcorder call 08000930705 or reply for delivery Wed,try contact offer new video phone   anytime network min half price rental camcorder   reply delivery d
spam,Last chance 2 claim ur å£150 worth of discount vouchers-Text YES to 85023 now!SavaMob-member offers mobile T Cs 08717898035. å£3.00 Sub. 16 . Remove txt X or STOP,chance   claim ur   worth discount voucherstext yes   nowsavamobmember offer mobile t cs    sub    remove txt x stop
ham,I luv u soo much u donåÕt understand how special u r 2 me ring u 2morrow luv u xxx,luv u soo u not understand special u r   re u morrow luv u xxx
ham,"Pls send me a comprehensive mail about who i'm paying, when and how much.",pls send comprehensive mail m pay
ham,Our Prashanthettan's mother passed away last night. pray for her and family.,prashanthettan mother pass away night pray family
spam,"Urgent! call 09066350750 from your landline. Your complimentary 4* Ibiza Holiday or 10,000 cash await collection SAE T&Cs PO BOX 434 SK3 8WP 150 ppm 18+ ",urgent   landline complimentary   ibiza holiday   cash await collection sae tcs po box   sk wp   ppm  
ham,K.k:)when are you going?,kkwhen go
ham,Meanwhile in the shit suite: xavier decided to give us  &lt;#&gt;  seconds of warning that samantha was coming over and is playing jay's guitar to impress her or some shit. Also I don't think doug realizes I don't live here anymore,shit suite xavier decide   ltgt   second warning samantha come play jay guitar impress shit not think doug realize not live anymore
ham,My stomach has been thru so much trauma I swear I just can't eat. I better lose weight.,stomach trauma swear not eat well lose weight
ham,I am in office:)whats the matter..msg me now.i will call you at break:).,officewhat mattermsg nowi break
ham,"Yeah there's barely enough room for the two of us, x has too many fucking shoes. Sorry man, see you later",yeah s barely room x fucking shoe sorry man later
spam,"Today's Offer! Claim ur å£150 worth of discount vouchers! Text YES to 85023 now! SavaMob, member offers mobile! T Cs 08717898035. å£3.00 Sub. 16 . Unsub reply X",today offer claim ur   worth discount voucher text yes   savamob member offer mobile t cs    sub    unsub reply x
ham,U reach orchard already? U wan 2 go buy tickets first?,u reach orchard u wan   buy ticket
ham,"I am real, baby! I want to bring out your inner tigress...",real baby want bring inner tigress
ham,No da if you run that it activate the full version da.,da run activate version da
ham,"\AH POOR BABY!HOPE URFEELING BETTERSN LUV! PROBTHAT OVERDOSE OF WORK HEY GO CAREFUL SPK 2 U SN LOTS OF LOVEJEN XXX.\""""",ah poor babyhope urfeele bettersn luv probthat overdose work hey careful spk   u sn lot lovejen xxx
ham,Stop the story. I've told him i've returned it and he's saying i should not re order it.,stop story ve tell ve return s say order
spam,Talk sexy!! Make new friends or fall in love in the worlds most discreet text dating service. Just text VIP to 83110 and see who you could meet.,talk sexy new friend fall love world discreet text date service text vip   meet
ham,Going to take your babe out ?,go babe
ham,Hai ana tomarrow am coming on morning.  &lt;DECIMAL&gt;  ill be there in sathy then we ll go to RTO office. Reply me after came to home.,hai ana tomarrow come morning   ltdecimalgt   ill sathy ll rto office reply come home
ham,Spoons it is then okay?,spoon okay
ham,Did he just say somebody is named tampa,somebody name tampa
ham,In work now. Going have in few min.,work go min
ham,Your brother is a genius,brother genius
ham,"Sorry, I guess whenever I can get a hold of my connections, maybe an hour or two? I'll text you",sorry guess hold connection maybe hour ill text
ham,Did u find out what time the bus is at coz i need to sort some stuff out.,u find time bus coz need sort stuff
ham,Dude ive been seeing a lotta corvettes lately,dude ve see lotta corvette lately
spam,Congratulations ur awarded either a yrs supply of CDs from Virgin Records or a Mystery Gift GUARANTEED Call 09061104283 Ts&Cs www.smsco.net å£1.50pm approx 3mins,congratulation ur award yrs supply cd virgin record mystery gift guarantee   tsc wwwsmsconet pm approx mins
ham,"Same here, but I consider walls and bunkers and shit important just because I never play on peaceful but I guess your place is high enough that it don't matter",consider wall bunker shit important play peaceful guess place high not matter
spam,PRIVATE! Your 2003 Account Statement for 07808 XXXXXX shows 800 un-redeemed S. I. M. points. Call 08719899217 Identifier Code: 41685 Expires 07/11/04,private   account statement   xxxxxx show   unredeemed s m point   identifier code   expire
spam,Hello. We need some posh birds and chaps to user trial prods for champneys. Can i put you down? I need your address and dob asap. Ta r,hello need posh bird chap user trial prod champney need address dob asap ta r
spam,What do U want for Xmas? How about 100 free text messages & a new video phone with half price line rental? Call free now on 0800 0721072 to find out more!,u want xmas   free text message   new video phone half price line rental free    find
ham,"Well am officially in a philosophical hole, so if u wanna call am at home ready to be saved!",officially philosophical hole u wanna home ready save
ham,Its going good...no problem..but still need little experience to understand american customer voice...,go goodno problembut need little experience understand american customer voice
ham,I'll text you when I drop x off,ill text drop x
ham,Ugh its been a long day. I'm exhausted. Just want to cuddle up and take a nap,ugh long day m exhausted want cuddle nap
ham,Talk With Yourself Atleast Once In A Day...!!! Otherwise You Will Miss Your Best FRIEND In This WORLD...!!! -Shakespeare- SHESIL  &lt;#&gt;,talk atleast day miss good friend world shakespeare shesil   ltgt
spam,"Shop till u Drop, IS IT YOU, either 10K, 5K, å£500 Cash or å£100 Travel voucher, Call now, 09064011000. NTT PO Box CR01327BT fixedline Cost 150ppm mobile vary",shop till u drop k k   cash   travel voucher   ntt po box crbt fixedline cost ppm mobile vary
ham,Are you in castor? You need to see something,castor need
spam,Sunshine Quiz Wkly Q! Win a top Sony DVD player if u know which country Liverpool played in mid week? Txt ansr to 82277. å£1.50 SP:Tyrone,sunshine quiz wkly q win sony dvd player u know country liverpool play mid week txt ansr    sptyrone
spam,U have a secret admirer who is looking 2 make contact with U-find out who they R*reveal who thinks UR so special-call on 09058094565,u secret admirer look   contact ufind rreveal think ur specialcall
spam,U have a Secret Admirer who is looking 2 make contact with U-find out who they R*reveal who thinks UR so special-call on 09065171142-stopsms-08,u secret admirer look   contact ufind rreveal think ur specialcall stopsm
spam,Reminder: You have not downloaded the content you have already paid for. Goto http://doit. mymoby. tv/ to collect your content.,reminder download content pay goto   mymoby tv collect content
ham,"see, i knew giving you a break a few times woul lead to you always wanting to miss curfew. I was gonna gibe you 'til one, but a MIDNIGHT movie is not gonna get out til after 2. You need to come home. You need to getsleep and, if anything, you need to b studdying ear training.",know give break time woul lead want miss curfew go to gibe til midnight movie go to til   need come home need getsleep need b studdye ear training
ham,I love to give massages. I use lots of baby oil... What is your fave position?,love massage use lot baby oil fave position
ham,Dude we should go sup again,dude sup
ham,Yoyyooo u know how to change permissions for a drive in mac. My usb flash drive,yoyyooo u know change permission drive mac usb flash drive
ham,Gibbs unsold.mike hussey,gibbs unsoldmike hussey
ham,I like to talk pa but am not able to. I dont know y.,like talk pa able not know y
ham,Y dun cut too short leh. U dun like ah? She failed. She's quite sad.,y dun cut short leh u dun like ah fail s sad
ham,You unbelievable faglord,unbelievable faglord
ham,Wife.how she knew the time of murder exactly,wifehow know time murder exactly
ham,Why do you ask princess?,ask princess
ham,I am great princess! What are you thinking about me? :),great princess think
ham,Nutter. Cutter. Ctter. Cttergg. Cttargg. Ctargg. Ctagg. ie you,nutter cutter ctter cttergg cttargg ctargg ctagg ie
ham,It's ok i noe u're busy but i'm really too bored so i msg u. I oso dunno wat colour she choose 4 me one.,ok noe ure busy m bored msg u oso dunno wat colour choose  
ham,Doesn't g have class early tomorrow and thus shouldn't be trying to smoke at  &lt;#&gt;,not g class early tomorrow not try smoke   ltgt
ham,"Superb Thought- \Be grateful that u dont have everything u want. That means u still have an opportunity to be happier tomorrow than u are today.\"":-)""",superb thought grateful u not u want mean u opportunity happy tomorrow u today
ham,Hope you are having a good week. Just checking in,hope have good week check
ham,"I'm used to it. I just hope my agents don't drop me since i've only booked a few things this year. This whole me in boston, them in nyc was an experiment.",m hope agent not drop ve book thing year boston nyc experiment
ham,"Thursday night? Yeah, sure thing, we'll work it out then",thursday night yeah sure thing work
spam,"Your free ringtone is waiting to be collected. Simply text the password \MIX\"" to 85069 to verify. Get Usher and Britney. FML",free ringtone wait collect simply text password mix   verify usher britney fml
ham,Probably money worries. Things are coming due and i have several outstanding invoices for work i did two and three months ago.,probably money worry thing come outstanding invoice work month ago
ham,How is it possible to teach you. And where.,possible teach
ham,"I wonder if your phone battery went dead ? I had to tell you, I love you babe",wonder phone battery go dead   tell love babe
ham,Lovely smell on this bus and it ain't tobacco... ,lovely smell bus be not tobacco
ham,"We're all getting worried over here, derek and taylor have already assumed the worst",get worried derek taylor assume bad
ham,Hey what's up charles sorry about the late reply.,hey s charle sorry late reply
spam,"all the lastest from Stereophonics, Marley, Dizzee Racal, Libertines and The Strokes! Win Nookii games with Flirt!! Click TheMob WAP Bookmark or text WAP to 82468",last stereophonics marley dizzee racal libertine stroke win nookii game flirt click themob wap bookmark text wap
ham,I.ll give her once i have it. Plus she said grinule greet you whenever we speak,ill plus say grinule greet speak
ham,WHITE FUDGE OREOS ARE IN STORES,white fudge oreo store
spam,"January Male Sale! Hot Gay chat now cheaper, call 08709222922. National rate from 1.5p/min cheap to 7.8p/min peak! To stop texts call 08712460324 (10p/min)",january male sale hot gay chat cheap   national rate pmin cheap pmin peak stop text   pmin
ham,My love ! How come it took you so long to leave for Zaher's? I got your words on ym and was happy to see them but was sad you had left. I miss you,love   come take long leave zaher get word ym happy sad leave miss
ham,I am sorry it hurt you.,sorry hurt
ham,Can't. I feel nauseous. I'm so pissed. I didn't eat any sweets all week cause today I was planning to pig out. I was dieting all week. And now I'm not hungry :/,not feel nauseous m pissed not eat sweet week cause today plan pig diet week m hungry
ham,Ok lor but not too early. Me still having project meeting now.,ok lor early have project meet
ham,"Call me da, i am waiting for your call.",da wait
ham,I could ask carlos if we could get more if anybody else can chip in,ask carlos anybody chip
ham,Was actually about to send you a reminder today. Have a wonderful weekend,actually send reminder today wonderful weekend
ham,"When people see my msgs, They think Iam addicted to msging... They are wrong, Bcoz They don\'t know that Iam addicted to my sweet Friends..!! BSLVYL",people msg think iam addict msge wrong bcoz not know iam addict sweet friend bslvyl
ham,Hey you gave them your photo when you registered for driving ah? Tmr wanna meet at yck? ,hey give photo register drive ah tmr wanna meet yck
ham,Dont talk to him ever ok its my word.,not talk ok word
ham,When u wana see it then,u wana
ham,On ma way to school. Can you pls send me ashley's number,ma way school pls send ashley number
ham,It shall be fine. I have avalarr now. Will hollalater,shall fine avalarr hollalater
ham,She went to attend another two rounds today..but still did't reach home..,go attend round todaybut didt reach home
ham,Actually i deleted my old website..now i m blogging at magicalsongs.blogspot.com,actually delete old websitenow m blogge magicalsongsblogspotcom
ham,"K, wait chikku..il send aftr  &lt;#&gt; mins",k wait chikkuil send aftr   ltgt min
ham,But I'm on a diet. And I ate 1 too many slices of pizza yesterday. Ugh I'm ALWAYS on a diet.,m diet eat   slice pizza yesterday ugh m diet
ham,K:)i will give my kvb acc details:),ki kvb acc detail
ham,Oh all have to come ah?,oh come ah
spam,money!!! you r a lucky winner ! 2 claim your prize text money 2 88600 over å£1million to give away ! ppt150x3+normal text rate box403 w1t1jy,money r lucky winner    claim prize text money    million away   pptxnormal text rate box wtjy
ham,I'm really sorry i won't b able 2 do this friday.hope u can find an alternative.hope yr term's going ok:-),m sorry will not b able   fridayhope u find alternativehope yr term go ok
ham,Congratulations ore mo owo re wa. Enjoy it and i wish you many happy moments to and fro wherever you go,congratulations ore mo owo wa enjoy wish happy moment fro
ham,So do you have samus shoulders yet,samus shoulder
ham,What time you think you'll have it? Need to know when I should be near campus,time think ll need know near campus
spam,"Dear Matthew please call 09063440451 from a landline, your complimentary 4*Lux Tenerife holiday or å£1000 CASH await collection. ppm150 SAE T&Cs Box334 SK38XH.",dear matthew   landline complimentary lux tenerife holiday   cash await collection ppm sae tcs box skxh
ham,Then dun wear jeans lor...,dun wear jean lor
ham,"Since when, which side, any fever, any vomitin.",fever vomitin
ham,K:)k.are you in college?,kkare college
spam,"Urgent! call 09061749602 from Landline. Your complimentary 4* Tenerife Holiday or å£10,000 cash await collection SAE T&Cs BOX 528 HP20 1YF 150ppm 18+",urgent   landline complimentary   tenerife holiday   cash await collection sae tcs box   hp yf ppm
ham,Better. Made up for Friday and stuffed myself like a pig yesterday. Now I feel bleh. But at least its not writhing pain kind of bleh.,well friday stuff like pig yesterday feel bleh writhe pain kind bleh
ham,No we sell it all so we'll have tons if coins. Then sell our coins to someone thru paypal. Voila! Money back in life pockets:),sell ton coin sell coin paypal voila money life pocket
ham,Theyre doing it to lots of places. Only hospitals and medical places are safe.,lot place hospital medical place safe
spam,How about getting in touch with folks waiting for company? Just txt back your NAME and AGE to opt in! Enjoy the community (150p/SMS),get touch folk wait company txt age opt enjoy community psm
ham,And also I've sorta blown him off a couple times recently so id rather not text him out of the blue looking for weed,ve sorta blow couple time recently d text blue look weed
ham,"I sent my scores to sophas and i had to do secondary application for a few schools. I think if you are thinking of applying, do a research on cost also. Contact joke ogunrinde, her school is one me the less expensive ones",send score sophas secondary application school think think apply research cost contact joke ogunrinde school expensive one
ham,I cant wait to see you! How were the photos were useful? :),not wait photo useful
spam,Ur cash-balance is currently 500 pounds - to maximize ur cash-in now send GO to 86688 only 150p/msg. CC: 08718720201 PO BOX 114/14 TCR/W1,ur cashbalance currently   pound   maximize ur cashin send   pmsg cc   po box   tcrw
ham,Hey i booked the kb on sat already... what other lessons are we going for ah? Keep your sat night free we need to meet and confirm our lodging ,hey book kb sit lesson go ah sit night free need meet confirm lodging
ham,Chk in ur belovd ms dict,chk ur belovd ms dict
ham,Is that what time you want me to come?,time want come
ham,"Awesome, lemme know whenever you're around",awesome lemme know
ham,Shb b ok lor... Thanx...,shb b ok lor thanx
ham,"Beautiful Truth against Gravity.. Read carefully: \Our heart feels light when someone is in it.. But it feels very heavy when someone leaves it..\"" GOOD NIGHT""",beautiful truth gravity read carefully heart feel light feel heavy leave good night
ham,Also remember to get dobby's bowl from your car,remember dobbys bowl car
spam,Filthy stories and GIRLS waiting for your,filthy story girl wait
ham,Sorry i now then c ur msg... Yar lor so poor thing... But only 4 one night... Tmr u'll have a brand new room 2 sleep in...,sorry c ur msg yar lor poor thing   night tmr ull brand new room   sleep
ham,"Love isn't a decision, it's a feeling. If we could decide who to love, then, life would be much simpler, but then less magical",love not decision feeling decide love life simple magical
ham,Welp apparently he retired,welp apparently retire
ham,My sort code is  and acc no is . The bank is natwest. Can you reply to confirm i've sent this to the right person!,sort code   acc   bank natwest reply confirm ve send right person
ham,Where @,
ham,U sure u can't take any sick time?,u sure u not sick time
spam,URGENT! We are trying to contact U. Todays draw shows that you have won a å£800 prize GUARANTEED. Call 09050001808 from land line. Claim M95. Valid12hrs only,urgent try contact u todays draw show win   prize guarantee   land line claim m validhrs
ham,"Watching cartoon, listening music &amp; at eve had to go temple &amp; church.. What about u?",watch cartoon listen music amp eve temple amp church u
ham,Yo chad which gymnastics class do you wanna take? The site says Christians class is full..,yo chad gymnastics class wanna site say christians class
ham,Are you this much buzy,buzy
ham,Or better still can you catch her and let ask her if she can sell  &lt;#&gt;  for me.,well catch let ask sell   ltgt  
ham,I am not sure about night menu. . . I know only about noon menu,sure night menu    know noon menu
ham,What do u want when i come back?.a beautiful necklace as a token of my heart for you.thats what i will give but ONLY to MY WIFE OF MY LIKING.BE THAT AND SEE..NO ONE can give you that.dont call me.i will wait till i come.,u want come backa beautiful necklace token heart youthat wife likingbe seeno thatdont mei wait till come
ham,Are you willing to go for aptitude class.,willing aptitude class
ham,"It wont b until 2.15 as trying 2 sort house out, is that ok?",will not b   try   sort house ok
ham,"Yar lor he wan 2 go c horse racing today mah, so eat earlier lor. I ate chicken rice. U?",yar lor wan   c horse racing today mah eat early lor eat chicken rice u
ham,"Haha awesome, omw back now then",haha awesome omw
ham,Yup i thk so until e shop closes lor.,yup thk e shop close lor
ham,what is your account number?,account number
ham,Eh u send wrongly lar...,eh u send wrongly lar
ham,Hey no I ad a crap nite was borin without ya 2 boggy with me u boring biatch! Thanx but u wait til nxt time il ave ya ,hey ad crap nite borin ya   boggy u boring biatch thanx u wait til nxt time il ave ya
ham,Ok i shall talk to him,ok shall talk
ham,Dont hesitate. You know this is the second time she has had weakness like that. So keep i notebook of what she eat and did the day before or if anything changed the day before so that we can be sure its nothing,not hesitate know second time weakness like notebook eat day change day sure
ham,Hey you can pay. With salary de. Only  &lt;#&gt; .,hey pay salary de   ltgt
ham,Another month. I need chocolate weed and alcohol.,month need chocolate weed alcohol
ham,If he started searching he will get job in few days.he have great potential and talent.,start search job dayshe great potential talent
ham,Reckon need to be in town by eightish to walk from * carpark.,reckon need town eightish walk   carpark
spam,"Congrats! 2 mobile 3G Videophones R yours. call 09063458130 now! videochat wid your mates, play java games, Dload polyPH music, noline rentl.",congrat   mobile g videophone r   videochat wid mate play java games dload polyph music noline rentl
ham,LOOK AT THE FUCKIN TIME. WHAT THE FUCK YOU THINK IS UP,look fuckin time fuck think
ham,Yo guess what I just dropped,yo guess drop
ham,Carlos says he'll be at mu in  &lt;#&gt;  minutes,carlos say hell mu   ltgt   minute
ham,I'm in office now . I will call you  &lt;#&gt;  min:),m office     ltgt   min
ham,"Geeee ... I miss you already, you know ? Your all I can think about. Fuck, I can't wait till next year when we will be together ... *loving kiss*",geeee   miss know   think fuck not wait till year   love kiss
ham,"Yun ah.the ubi one say if Ì_ wan call by tomorrow.call 67441233 look for irene.ere only got bus8,22,65,61,66,382. Ubi cres,ubi tech park.6ph for 1st 5wkg days.Ì¬n",yun ahthe ubi   wan tomorrowcall   look ireneere get bus ubi cresubi tech parkph st wkg daysn
ham,Ugh. Gotta drive back to sd from la. My butt is sore.,ugh get to drive sd la butt sore
ham,26th OF JULY,th july
ham,Hi im having the most relaxing time ever! we have to get up at 7am every day! was the party good the other night? I get home tomorrow at 5ish.,hi m have relaxing time day party good night home tomorrow ish
ham,Up to Ì_... ÌÏ wan come then come lor... But i din c any stripes skirt...,   wan come come lor din c stripe skirt
ham,The Xmas story is peace.. The Xmas msg is love.. The Xmas miracle is jesus.. Hav a blessed month ahead &amp; wish U Merry Xmas...,xmas story peace xmas msg love xmas miracle jesus hav blessed month ahead amp wish u merry xmas
ham,"I can't, I don't have her number!",not not number
ham,Change again... It's e one next to escalator...,change e escalator
ham,Yetunde i'm in class can you not run water on it to make it ok. Pls now.,yetunde m class run water ok pls
ham,Not a lot has happened here. Feels very quiet. Beth is at her aunts and charlie is working lots. Just me and helen in at the mo. How have you been? ,lot happen feel quiet beth aunt charlie work lot helen mo
ham,Then Ì_ wait 4 me at bus stop aft ur lect lar. If i dun c Ì_ then i go get my car then come back n pick Ì_.,  wait   bus stop aft ur lect lar dun c   car come n pick
ham,"Aight will do, thanks again for comin out",aight thank comin
ham,No..but heard abt tat..,nobut hear abt tat
spam,Please call our customer service representative on FREEPHONE 0808 145 4742 between 9am-11pm as you have WON a guaranteed å£1000 cash or å£5000 prize!,customer service representative freephone     ampm win guarantee   cash   prize
ham,Yes..he is really great..bhaji told kallis best cricketer after sachin in world:).very tough to get out.,yeshe greatbhaji tell kalli well cricket sachin worldvery tough
ham,&lt;#&gt;  am I think? Should say on syllabus,ltgt   think syllabus
ham,Umma. Did she say anything,umma
ham,Give me a sec to think think about it,sec think think
spam,Panasonic & BluetoothHdset FREE. Nokia FREE. Motorola FREE & DoubleMins & DoubleTxt on Orange contract. Call MobileUpd8 on 08000839402 or call 2optout,panasonic   bluetoothhdset free nokia free motorola free   doublemin   doubletxt orange contract mobileupd   optout
ham,I don't quite know what to do. I still can't get hold of anyone. I cud pick you up bout 7.30pm and we can see if they're in the pub?,not know not hold cud pick bout pm pub
ham,"Poyyarikatur,kolathupalayam,unjalur post,erode dis, &lt;#&gt; .",poyyarikaturkolathupalayamunjalur posterode dis ltgt
ham,"Dear Hero,i am leaving to qatar tonite for an apt opportunity.pls do keep in touch at  &lt;EMAIL&gt; ,kerala",dear heroi leave qatar tonite apt opportunitypls touch   ltemailgt kerala
ham,Lol I would but my mom would have a fit and tell the whole family how crazy and terrible I am,lol mom fit tell family crazy terrible
ham,"I just got home babe, are you still awake ?",get home babe awake
ham,I dunno they close oredi not... ÌÏ v ma fan...,dunno close oredi   v ma fan
ham,Just buy a pizza. Meat lovers or supreme. U get to pick.,buy pizza meat lover supreme u pick
ham,"Ya, told..she was asking wats matter?",ya toldshe ask wat matter
ham,"Dear,regret i cudnt pick call.drove down frm ctla now at cochin home.left mobile in car..ente style ishtamayoo?happy bakrid!",dearregret cudnt pick calldrove frm ctla cochin homeleft mobile carente style ishtamayoohappy bakrid
spam,FREE for 1st week! No1 Nokia tone 4 ur mob every week just txt NOKIA to 8007 Get txting and tell ur mates www.getzed.co.uk POBox 36504 W45WQ norm150p/tone 16+,free st week nokia tone   ur mob week txt nokia   txte tell ur mate wwwgetzedcouk pobox   wwq normptone
ham,Shall i send that exe to your mail id.,shall send exe mail d
ham,Nope watching tv at home... Not going out. V bored...,nope watch tv home go v bore
ham,Don know..wait i will check it.,don knowwait check
ham,"Good afternoon on this glorious anniversary day, my sweet J !! I hope this finds you happy and content, my Prey. I think of you and send a teasing kiss from across the sea coaxing images of fond souveniers ... You Cougar-Pen",good afternoon glorious anniversary day sweet j   hope find happy content prey think send teasing kiss sea coax image fond souvenier   cougarpen
spam,Guess what! Somebody you know secretly fancies you! Wanna find out who it is? Give us a call on 09065394514 From Landline DATEBox1282EssexCM61XN 150p/min 18,guess somebody know secretly fancy wanna find   landline dateboxessexcmxn pmin
ham,We still on for tonight?,tonight
ham,May i call You later Pls,later pls
ham,Hasn't that been the pattern recently crap weekends?,not pattern recently crap weekend
ham,I have a sore throat. It's scratches when I talk,sore throat scratch talk
ham,Yes da. Any plm at ur office,yes da plm ur office
ham,Are you not around or just still asleep? :V,asleep v
ham,"Lol you forgot it eh ? Yes, I'll bring it in babe",lol forgot eh   yes ill bring babe
ham,"Its good, we'll find a way",good find way
ham,Can not use foreign stamps in this country. Good lecture .,use foreign stamp country good lecture
ham,Yup bathe liao...,yup bathe liao
ham,HAPPY NEW YEAR MY NO.1 MAN,happy new year man
ham,"OH MR SHEFFIELD! You wanna play THAT game, okay. You're the boss and I'm the nanny. You give me a raise and I'll give YOU one!!",oh mr sheffield wanna play game okay boss m nanny raise ill
ham,ZOE IT JUST HIT ME 2 IM FUCKING SHITIN MYSELF IL DEFO TRY MY HARDEST 2 CUM 2MOROW LUV U MILLIONS LEKDOG,zoe hit   m fuck shitin il defo try hard   cum morow luv u millions lekdog
ham,"Hello baby, did you get back to your mom's ? Are you setting up the computer now ? Filling your belly ? How goes it loverboy ? I miss you already ... *sighs*",hello baby mom   set computer   fill belly   go loverboy   miss   sigh
ham,"No my blankets are sufficient, thx",blanket sufficient thx
ham,"naughty little thought: 'its better to flirt, flirt n flirt, rather than loving someone n gettin hurt, hurt n hurt...:-) Gud nyt",naughty little think well flirt flirt n flirt love n gettin hurt hurt n hurt gud nyt
ham,"Edison has rightly said, \A fool can ask more questions than a wise man can answer\"" Now you know why all of us are speechless during ViVa.. GM",edison rightly say fool ask question wise man answer know speechless viva gm
ham,They just talking thats it de. They wont any other.,talk s de will not
ham,Today am going to college so am not able to atten the class.,today go college able atten class
ham,I'm in class. Will holla later,m class holla later
ham,Easy ah?sen got selected means its good..,easy ahsen get select mean good
ham,Mmm thats better now i got a roast down me! iåÕd b better if i had a few drinks down me 2! Good indian?,mmm s well get roast d b well drink   good indian
spam,"We know someone who you know that fancies you. Call 09058097218 to find out who. POBox 6, LS15HB 150p",know know fancy   find pobox   lshb p
ham,"Come round, it's . ",come round  
ham,"Do 1 thing! Change that sentence into: \Because i want 2 concentrate in my educational career im leaving here..\""""",  thing change sentence want   concentrate educational career m leave
spam,"1000's flirting NOW! Txt GIRL or BLOKE & ur NAME & AGE, eg GIRL ZOE 18 to 8007 to join and get chatting!",s flirt txt girl bloke   ur   age eg girl zoe     join chat
ham,I walked an hour 2 c u! doesnåÕt that show I care y wont u believe im serious?,walk hour   c u not care y will not u believe m
spam,18 days to Euro2004 kickoff! U will be kept informed of all the latest news and results daily. Unsubscribe send GET EURO STOP to 83222.,  day euro kickoff u keep inform late news result daily unsubscribe send euro stop
ham,Are you available for soiree on June 3rd?,available soiree june rd
ham,Do u noe wat time e place dat sells 4d closes?,u noe wat time e place dat sell d close
ham,"I got another job! The one at the hospital doing data analysis or something, starts on monday! Not sure when my thesis will got finished",get job hospital datum analysis start monday sure thesis got finish
ham,Jay's getting really impatient and belligerent,jay get impatient belligerent
ham,HIYA COMIN 2 BRISTOL 1 ST WEEK IN APRIL. LES GOT OFF + RUDI ON NEW YRS EVE BUT I WAS SNORING.THEY WERE DRUNK! U BAK AT COLLEGE YET? MY WORK SENDS INK 2 BATH.,hiya comin   bristol   st week april les get   rudi new yrs eve snoringthey drunk u bak college work send ink   bath
ham,I'm at work. Please call,m work
ham,Then u drive lor.,u drive lor
ham,Ard 515 like dat. Y?,ard   like dat y
ham,Tell me they're female :V how're you throwing in? We're deciding what all to get now,tell female v throw decide
spam,EASTENDERS TV Quiz. What FLOWER does DOT compare herself to? D= VIOLET E= TULIP F= LILY txt D E or F to 84025 NOW 4 chance 2 WIN å£100 Cash WKENT/150P16+,eastender tv quiz flower dot compare d violet e tulip f lily txt d e f     chance   win   cash wkentp
ham,I'm working technical support :)voice process.networking field.,m work technical support voice processnetworke field
ham,I might come to kerala for 2 days.so you can be prepared to take a leave once i finalise .dont plan any travel during my visit.need to finish urgent works.,come kerala   daysso prepare leave finalise not plan travel visitneed finish urgent work
ham,Ok. Not sure what time tho as not sure if can get to library before class. Will try. See you at some point! Have good eve.,ok sure time tho sure library class try point good eve
spam,We have new local dates in your area - Lots of new people registered in YOUR AREA. Reply DATE to start now! 18 only www.flirtparty.us REPLYS150,new local date area   lot new people register area reply date start   wwwflirtpartyus reply
ham,"That's fine, I'll bitch at you about it later then",s fine ill bitch later
ham,No my mum went 2 dentist.,mum go   dentist
ham,Once free call me sir. I am waiting for you.,free sir wait
ham,Meeting u is my work. . . Tel me when shall i do my work tomorrow,meet u work    tel shall work tomorrow
spam,Someone U know has asked our dating service 2 contact you! Cant Guess who? CALL 09058091854 NOW all will be revealed. PO BOX385 M6 6WU,u know ask date service   contact not guess   reveal po box m wu
ham,Jus finish bathing...,jus finish bath
ham,"alright, I'll make sure the car is back tonight",alright ill sure car tonight
spam,URGENT! We are trying to contact U. Todays draw shows that you have won a å£800 prize GUARANTEED. Call 09050003091 from land line. Claim C52. Valid12hrs only,urgent try contact u todays draw show win   prize guarantee   land line claim c validhrs
spam,Dear U've been invited to XCHAT. This is our final attempt to contact u! Txt CHAT to 86688,dear uve invite xchat final attempt contact u txt chat
ham,Lul im gettin some juicy gossip at the hospital. Two nurses are talking about how fat they are gettin. And one thinks shes obese. Oyea.,lul m gettin juicy gossip hospital nurse talk fat gettin think s obese oyea
ham,Aight ill get on fb in a couple minutes,aight ill fb couple minute
ham,Oi. Ami parchi na re. Kicchu kaaj korte iccha korche na. Phone ta tul na. Plz. Plz.,oi ami parchi na kicchu kaaj korte iccha korche na phone ta tul na plz plz
ham,Where can download clear movies. Dvd copies.,download clear movie dvd copy
ham,"Yep, by the pretty sculpture",yep pretty sculpture
ham,Convey my regards to him,convey regard
ham,Me too watching surya movie only. . .after 6 pm vijay movie POKKIRI,watch surya movie     pm vijay movie pokkiri
ham,You tell what happen dont behave like this to me. Ok no need to say,tell happen not behave like ok need
ham,Can u get pic msgs to your phone?,u pic msg phone
ham,Send to someone else :-),send
ham,Wat makes some people dearer is not just de happiness dat u feel when u meet them but de pain u feel when u miss dem!!!,wat make people dearer de happiness dat u feel u meet de pain u feel u miss dem
ham,For me the love should start with attraction.i should feel that I need her every time around me.she should be the first thing which comes in my thoughts.I would start the day and end it with her.she should be there every time I dream.love will be then when my every breath has her name.my life should happen around her.my life will be named to her.I would cry for her.will give all my happiness and take all her sorrows.I will be ready to fight with anyone for her.I will be in love when I will be doing the craziest things for her.love will be when I don't have to proove anyone that my girl is the most beautiful lady on the whole planet.I will always be singing praises for her.love will be when I start up making chicken curry and end up makiing sambar.life will be the most beautiful then.will get every morning and thank god for the day because she is with me.I would like to say a lot..will tell later..,love start attractioni feel need time meshe thing come thoughtsi start day end hershe time dreamlove breath namemy life happen hermy life name heri cry herwill happiness sorrowsi ready fight heri love crazy thing herlove not proove girl beautiful lady planeti sing praise herlove start make chicken curry end makie sambarlife beautiful thenwill morning thank god day mei like lotwill tell later
ham,"FR'NDSHIP is like a needle of a clock. Though V r in d same clock, V r nt able 2 met. Evn if V meet,itz only 4few seconds. Bt V alwys stay conected. Gud 9t;-)",frndship like needle clock v r d clock v r not able   meet evn v meetitz second bt v alwys stay conected gud t
ham,I don't think he has spatula hands!,not think spatula hand
ham,You can never do NOTHING,
spam,You are awarded a SiPix Digital Camera! call 09061221061 from landline. Delivery within 28days. T Cs Box177. M221BP. 2yr warranty. 150ppm. 16 . p på£3.99,award sipix digital camera   landline delivery day t cs box mbp yr warranty ppm    p p
ham,Goodmorning today i am late for  &lt;DECIMAL&gt; min.,goodmorning today late   ltdecimalgt min
spam,WIN URGENT! Your mobile number has been awarded with a å£2000 prize GUARANTEED call 09061790121 from land line. claim 3030 valid 12hrs only 150ppm ,win urgent mobile number award   prize guarantee   land line claim   valid hrs ppm
ham,Please da call me any mistake from my side sorry da. Pls da goto doctor.,da mistake sorry da pls da goto doctor
ham,Where r we meeting?,r meet
ham,"Well the weather in cali's great. But its complexities are great. You need a car to move freely, its taxes are outrageous. But all in all its a great place. The sad part is i missing home.",weather cali great complexity great need car freely taxis outrageous great place sad miss home
ham,Now only i reached home. . . I am very tired now. . I will come tomorro,reach home    tired   come tomorro
ham,Ryder unsold.now gibbs.,ryder unsoldnow gibb
spam,Dear Subscriber ur draw 4 å£100 gift voucher will b entered on receipt of a correct ans. When was Elvis Presleys Birthday? TXT answer to 80062,dear subscriber ur draw    gift voucher b enter receipt correct an elvis presley birthday txt answer
ham,Don't fret. I'll buy the ovulation test strips and send them to you. You wont get them til like march. Can you send me your postal address.u'll be alright.Okay.,not fret ill buy ovulation test strip send will not til like march send postal addressull alrightokay
ham,NO GIFTS!! You trying to get me to throw myself off a cliff or something?,gift try throw cliff
ham,Been up to ne thing interesting. Did you have a good birthday? When are u wrking nxt? I started uni today.,ne thing interesting good birthday u wrking nxt start uni today
ham,You busy or can I come by at some point and figure out what we're doing tomorrow,busy come point figure tomorrow
ham,"Yeah go on then, bored and depressed sittin waitin for phone to ring... Hope the wind drops though, scary",yeah bored depressed sittin waitin phone ring hope wind drop scary
ham,Black shirt n blue jeans... I thk i c Ì_...,black shirt n blue jean thk c
ham,Aiyah sorry lor... I watch tv watch until i forgot 2 check my phone.,aiyah sorry lor watch tv watch forget   check phone
spam,Message Important information for O2 user. Today is your lucky day! 2 find out why log onto http://www.urawinner.com there is a fantastic surprise awaiting you,message important information o user today lucky day   find log   fantastic surprise await
ham,on hen night. Going with a swing,hen night go swing
ham,"Good afternoon, my love. How goes your day ? What are you up to ? I woke early and am online waiting for you ... Hmmm ... Italian boy is online I see . *grins*",good afternoon love go day     wake early online wait   hmmm   italian boy online   grin
ham,From someone not to smoke when every time I've smoked in the last two weeks is because of you calling or texting me that you wanted to smoke,smoke time ve smoke week call texte want smoke
ham,No you'll just get a headache trying to figure it out. U can trust me to do the math. I promise. O:-),ll headache try figure u trust math promise o
ham,S s..first time..dhoni rocks...,s sfirst timedhoni rock
ham,Ok ill tell the company,ok ill tell company
ham,"Awesome, think we can get an 8th at usf some time tonight?",awesome think th usf time tonight
ham,So that means you still think of teju,mean think teju
ham,"No I'm good for the movie, is it ok if I leave in an hourish?",m good movie ok leave hourish
ham,No no:)this is kallis home ground.amla home town is durban:),nothis kallis home groundamla home town durban
ham,So lets make it saturday or monday as per convenience.,let saturday monday convenience
ham,Hey... What time is your driving on fri? We go for evaluation on fri?,hey time drive fri evaluation fri
spam,"449050000301 You have won a å£2,000 price! To claim, call 09050000301.",  win   price claim
ham,I'm going 4 lunch now wif my family then aft dat i go str 2 orchard lor.,m go   lunch wif family aft dat str   orchard lor
spam,"Bored of speed dating? Try SPEEDCHAT, txt SPEEDCHAT to 80155, if you don't like em txt SWAP and get a new chatter! Chat80155 POBox36504W45WQ 150p/msg rcd 16",bore speed date try speedchat txt speedchat   not like em txt swap new chatter chat poboxwwq pmsg rcd
ham,Cancel cheyyamo?and get some money back?,cancel cheyyamoand money
spam,Do you want 750 anytime any network mins 150 text and a NEW video phone for only five pounds per week call 08000776320 now or reply for delivery Tomorrow,want   anytime network min   text new video phone pound week   reply delivery tomorrow
ham,Ok.ok ok..then..whats ur todays plan,okok okthenwhat ur todays plan
ham,Good morning princess! How are you?,good morning princess
ham,Aiyar sorry lor forgot 2 tell u...,aiyar sorry lor forget   tell u
spam,For taking part in our mobile survey yesterday! You can now have 500 texts 2 use however you wish. 2 get txts just send TXT to 80160 T&C www.txt43.com 1.50p,take mobile survey yesterday   text   use wish   txts send txt   tc wwwtxtcom p
ham,Not tonight mate. Catching up on some sleep. This is my new number by the way. ,tonight mate catch sleep new number way
ham,"Height of \Oh shit....!!\"" situation: A guy throws a luv letter on a gal but falls on her brothers head whos a gay",height oh shit situation guy throw luv letter gal fall brother head s gay
spam,Ur HMV Quiz cash-balance is currently å£500 - to maximize ur cash-in now send HMV1 to 86688 only 150p/msg,ur hmv quiz cashbalance currently    maximize ur cashin send hmv   pmsg
ham,"So check your errors and if you had difficulties, do correction.",check error difficulty correction
ham,Howz pain?hope u r fine..,howz painhope u r fine
ham,"Sorry, I'll call later",sorry ill later
ham,Good morning princess! How are you?,good morning princess
ham,"As I entered my cabin my PA said, '' Happy B'day Boss !!''. I felt special. She askd me 4 lunch. After lunch she invited me to her apartment. We went there.",enter cabin pa say   happy bday boss   feel special askd   lunch lunch invite apartment go
ham,U wake up already? Thanx 4 e tau sar piah it's quite nice.,u wake thanx   e tau sar piah nice
ham,K do I need a login or anything,k need login
spam,Dont forget you can place as many FREE Requests with 1stchoice.co.uk as you wish. For more Information call 08707808226.,not forget place free request stchoicecouk wish information
ham,LOL ... No just was busy,lol   busy
ham,What * u wearing?,  u wear
ham,Message:some text missing* Sender:Name Missing* *Number Missing *Sent:Date missing *Missing U a lot thats y everything is missing sent via fullonsms.com,messagesome text miss sendername miss number miss sentdate miss miss u lot s y miss send fullonsmscom
ham,Oh:)as usual vijay film or its different?,ohas usual vijay film different
spam,I don't know u and u don't know me. Send CHAT to 86688 now and let's find each other! Only 150p/Msg rcvd. HG/Suite342/2Lands/Row/W1J6HL LDN. 18 years or over.,not know u u not know send chat   let find pmsg rcvd hgsuitelandsrowwjhl ldn   year
ham,Have you had a good day? Mine was really busy are you up to much tomorrow night?,good day busy tomorrow night
ham,And is there a way you can send shade's stuff to her. And she has been wonderful too.,way send shade stuff wonderful
ham,Really... I tot ur paper ended long ago... But wat u copied jus now got use? U happy lar... I still haf 2 study :-(,tot ur paper end long ago wat u copy jus get use u happy lar haf   study
spam,"Thank you, winner notified by sms. Good Luck! No future marketing reply STOP to 84122 customer services 08450542832",thank winner notify sms good luck future marketing reply stop   customer service
ham,Babe ? I lost you ... :-(,babe   lose  
ham,Ok... Help me ask if she's working tmr a not?,ok help ask s work tmr
ham,I'm not driving... Raining! Then i'll get caught at e mrt station lor.,m drive rain ill catch e mrt station lor
ham,Not a drop in the tank,drop tank
ham,(That said can you text him one more time?),say text time
ham,"Sorry, I'll call later",sorry ill later
ham,Ok i go change also...,ok change
spam,1000's of girls many local 2 u who r virgins 2 this & r ready 2 4fil ur every sexual need. Can u 4fil theirs? text CUTE to 69911(å£1.50p. m),s girl local   u r virgin     r ready   fil ur sexual need u fil theirs text cute p m
ham,Did u find a sitter for kaitlyn? I was sick and slept all day yesterday.,u find sitter kaitlyn sick sleep day yesterday
ham,"Sorry man, accidentally left my phone on silent last night and didn't check it til I got up",sorry man accidentally leave phone silent night not check til get
ham,Hey.. Something came up last min.. Think i wun be signing up tmr.. Hee,hey come min think wun sign tmr hee
ham,He's an adult and would learn from the experience. There's no real danger. I just dont like peeps using drugs they dont need. But no comment,s adult learn experience s real danger not like peep drug not need comment
ham,Hey! There's veggie pizza... :/,hey s veggie pizza
ham,Yun buying... But school got offer 2000 plus only...,yun buying school get offer   plus
ham,You sure your neighbors didnt pick it up,sure neighbor not pick
ham,K. I will sent it again,k sent
spam,Free entry in 2 a wkly comp to win FA Cup final tkts 21st May 2005. Text FA to 87121 to receive entry question(std txt rate)T&C's apply 08452810075over18's,free entry   wkly comp win fa cup final tkts st   text fa   receive entry questionstd txt ratetcs apply over
ham,"New Theory: Argument wins d SITUATION, but loses the PERSON. So dont argue with ur friends just.. . . . kick them &amp; say, I'm always correct.!",new theory argument win d situation lose person not argue ur friend     kick amp m correct
ham,Well. Im computerless. Time to make some oreo truffles,m computerless time oreo truffle
ham,"Haha yeah I see that now, be there in a sec",haha yeah sec
ham,I am not having her number sir,have number sir
ham,Lol now I'm after that hot air balloon!,lol m hot air balloon
ham,Ok . . now i am in bus. . If i come soon i will come otherwise tomorrow,ok    bus   come soon come tomorrow
ham,Msgs r not time pass.They silently say that I am thinking of U right now and also making U think of me at least 4 a moment. Gd nt.swt drms @Shesil,msgs r time passthey silently think u right make u think   moment gd ntswt drm shesil
ham,"Yeah, we can probably swing by once my roommate finishes up with his girl",yeah probably swing roommate finish girl
spam,"Got what it takes 2 take part in the WRC Rally in Oz? U can with Lucozade Energy! Text RALLY LE to 61200 (25p), see packs or lucozade.co.uk/wrc & itcould be u!",get take   wrc rally oz u lucozade energy text rally le   p pack lucozadecoukwrc   itcould u
ham,Happy new years melody!,happy new year melody
ham,ÌÏ dun need to pick ur gf?,  dun need pick ur gf
ham,Yay! You better not have told that to 5 other girls either.,yay well tell   girl
ham,Horrible u eat macs eat until u forgot abt me already rite... U take so long 2 reply. I thk it's more toot than b4 so b prepared. Now wat shall i eat?,horrible u eat mac eat u forget abt rite u long   reply thk toot b b prepare wat shall eat
ham,"Did he say how fantastic I am by any chance, or anything need a bigger life lift as losing the will 2 live, do you think I would be the first person 2 die from N V Q? ",fantastic chance need big life lift lose   live think person   die n v q
ham,Just nw i came to hme da..,nw come hme da
ham,"I'm outside islands, head towards hard rock and you'll run into me",m outside island head hard rock ll run
ham,To day class is there are no class.,day class class
ham,I'm in chennai velachery:),m chennai velachery
ham,You flippin your shit yet?,flippin shit
ham,"K give me a sec, breaking a  &lt;#&gt;  at cstore",k sec break   ltgt   cstore
ham,Am i that much bad to avoid like this?,bad avoid like
ham,"Yo, you around? Just got my car back",yo get car
ham,Annoying isn't it.,annoying not
ham,"Goodmorning, Today i am late for  &lt;#&gt; min.",goodmorning today late   ltgt min
ham,There's no point hangin on to mr not right if he's not makin u happy,s point hangin mr right s makin u happy
ham,All will come alive.better correct any good looking figure there itself..,come alivebetter correct good look figure
ham,In that case I guess I'll see you at campus lodge,case guess ill campus lodge
ham,We're done...,
ham,Come to my home for one last time i wont do anything. Trust me.,come home time will not trust
ham,I was up all night too worrying about this appt. It's a shame we missed a girls night out with quizzes popcorn and you doing my hair.,night worry appt shame miss girl night quiz popcorn hair
spam,Sex up ur mobile with a FREE sexy pic of Jordan! Just text BABE to 88600. Then every wk get a sexy celeb! PocketBabe.co.uk 4 more pics. 16 å£3/wk 087016248,sex ur mobile free sexy pic jordan text babe   wk sexy celeb pocketbabecouk   pic   wk
ham,Ok... C ya...,ok c ya
spam,You have 1 new voicemail. Please call 08719181503,  new voicemail
ham,What he said is not the matter. My mind saying some other matter is there.,say matter mind say matter
ham,He also knows about lunch menu only da. . I know,know lunch menu da   know
ham,"Al he does is moan at me if n e thin goes wrong its my fault&al de arguments r my fault&fed up of him of himso y bother? Hav 2go, thanx.xx",al moan n e thin go wrong faultal de argument r faultfe himso y bother hav thanxxx
ham,NEFT Transaction with reference number  &lt;#&gt;  for Rs. &lt;DECIMAL&gt;  has been credited to the beneficiary account on  &lt;#&gt;  at  &lt;TIME&gt; : &lt;#&gt;,neft transaction reference number   ltgt   rs ltdecimalgt   credit beneficiary account   ltgt     lttimegt   ltgt
ham,Otherwise had part time job na-tuition..,time job natuition
ham,I know she called me,know call
ham,"Me also da, i feel yesterday night  wait til 2day night dear.",da feel yesterday night   wait til day night dear
ham,Thanks for understanding. I've been trying to tell sura that.,thank understanding ve try tell sura
spam,WIN a year supply of CDs 4 a store of ur choice worth å£500 & enter our å£100 Weekly draw txt MUSIC to 87066 Ts&Cs www.Ldew.com.subs16+1win150ppmx3,win year supply cd   store ur choice worth    enter   weekly draw txt music   tsc wwwldewcomsubswinppmx
ham,The whole car appreciated the last two! Dad and are having a map reading semi argument but apart from that things are going ok. P.,car appreciate dad have map read semi argument apart thing go ok p
spam,"As a SIM subscriber, you are selected to receive a Bonus! Get it delivered to your door, Txt the word OK to No: 88600 to claim. 150p/msg, EXP. 30Apr",sim subscriber select receive bonus deliver door txt word ok   claim pmsg exp apr
ham,I need you to be in my strong arms...,need strong arm
ham,Also maaaan are you missing out,maaaan miss
ham,His bday real is in april .,bday real april
ham,Guessin you ain't gonna be here before 9?,guessin be not go to
ham,Ok then i will come to ur home after half an hour,ok come ur home half hour
ham,"Yo, the game almost over? Want to go to walmart soon",yo game want walmart soon
ham,"Yeah, probably but not sure. Ilol let u know, but personally I wuldnt bother, then again if ur goin to then I mite as well!!",yeah probably sure ilol let u know personally wuldnt bother ur goin mite
ham,I'll text now! All creepy like so he won't think that we forgot,ill text creepy like will not think forget
ham,"that would be good Û_ I'll phone you tomo lunchtime, shall I, to organise something?",good   ill phone tomo lunchtime shall organise
spam,You have 1 new voicemail. Please call 08719181513.,  new voicemail
ham,"Damn, can you make it tonight or do you want to just wait til tomorrow",damn tonight want wait til tomorrow
ham,K..k..i'm also fine:)when will you complete the course?,kkim finewhen complete course
ham,"True. It is passable. And if you get a high score and apply for phd, you get 5years of salary. So it makes life easier.",true passable high score apply phd year salary make life easy
spam,No. 1 Nokia Tone 4 ur mob every week! Just txt NOK to 87021. 1st Tone FREE ! so get txtin now and tell ur friends. 150p/tone. 16 reply HL 4info,  nokia tone   ur mob week txt nok   st tone free   txtin tell ur friend ptone   reply hl info
ham,Prakesh is there know.,prakesh know
ham,Teach me apps da. When you come to college.,teach app da come college
ham,Rofl betta invest in some  anti aging products,rofl betta invest   anti age product
spam,You are a winner U have been specially selected 2 receive å£1000 cash or a 4* holiday (flights inc) speak to a live operator 2 claim 0871277810810,winner u specially select   receive   cash   holiday flight inc speak live operator   claim
ham,"sir, you will receive the account no another 1hr time. Sorry for the delay.",sir receive account hr time sorry delay
spam,Reply with your name and address and YOU WILL RECEIVE BY POST a weeks completely free accommodation at various global locations www.phb1.com ph:08700435505150p,reply address receive post week completely free accommodation global location wwwphbcom php
ham,So Ì_'ll be submitting da project tmr rite?,ll submit da project tmr rite
spam,FREE entry into our å£250 weekly comp just send the word ENTER to 84128 NOW. 18 T&C www.textcomp.com cust care 08712405020.,free entry   weekly comp send word enter     tc wwwtextcompcom cust care
ham,Jus ans me lar. U'll noe later.,jus an lar ull noe later
ham,I want to send something that can sell fast.  &lt;#&gt; k is not easy money.,want send sell fast   ltgt k easy money
ham,have got * few things to do. may be in * pub later.,get   thing   pub later
ham,1's finish meeting call me.,s finish meeting
ham,Lol ok. I'll snatch her purse too.,lol ok ill snatch purse
ham,"\Hello-/@drivby-:0quit edrunk sorry iff pthis makes no senrd-dnot no how ^ dancce 2 drum n basq!ihave fun 2nhite x ros xxxxxxx\""""",hellodrivbyquit edrunk sorry iff pthis make senrddnot   dancce   drum n basqihave fun nhite x ros xxxxxxx
ham,Your opinion about me? 1. Over 2. Jada 3. Kusruthi 4. Lovable 5. Silent 6. Spl character 7. Not matured 8. Stylish 9. Simple Pls reply..,opinion     jada   kusruthi   lovable   silent   spl character   mature   stylish   simple pls reply
ham,How much are we getting?,get
ham,Is ur paper in e morn or aft tmr?,ur paper e morn aft tmr
ham,"Dear relieved of westonzoyland, all going to plan this end too!",dear relieved westonzoyland go plan end
ham,Hope you are having a great new semester. Do wish you the very best. You are made for greatness.,hope have great new semester wish good greatness
ham,Oh yes I can speak txt 2 u no! Hmm. Did u get  email?,oh yes speak txt   u hmm u   email
ham,"I want to show you the world, princess :) how about europe?",want world princess   europe
ham,Nobody can decide where to eat and dad wants Chinese,decide eat dad want chinese
ham,No shoot me. I'm in the docs waiting room. :/,shoot m doc waiting room
ham,Now? I'm going out 4 dinner soon..,m go   dinner soon
ham,Hello which the site to download songs its urgent pls,hello site download song urgent pls
ham,"I do know what u mean,  is the king of not havin credit! I'm goin2bed now. Night night sweet! Only1more sleep! ",know u mean   king havin credit m goinbe night night sweet onlymore sleep
ham,Horrible gal. Me in sch doing some stuff. How come u got mc?,horrible gal sch stuff come u get mc
ham,"HI HUN! IM NOT COMIN 2NITE-TELL EVERY1 IM SORRY 4 ME, HOPE U AVA GOODTIME!OLI RANG MELNITE IFINK IT MITE B SORTED,BUT IL EXPLAIN EVERYTHIN ON MON.L8RS.x",hi hun m comin nitetell m sorry   hope u ava goodtimeoli rang melnite ifink mite b sortedbut il explain everythin monlrsx
ham,"I call you later, don't have network. If urgnt, sms me.",later not network urgnt sm
ham,Ummmmmaah Many many happy returns of d day my dear sweet heart.. HAPPY BIRTHDAY dear,ummmmmaah happy return d day dear sweet heart happy birthday dear
spam,Please CALL 08712402779 immediately as there is an urgent message waiting for you,  immediately urgent message wait
ham,Yeah like if it goes like it did with my friends imma flip my shit in like half an hour,yeah like go like friend imma flip shit like half hour
ham,Mum say we wan to go then go... Then she can shun bian watch da glass exhibition... ,mum wan shun bian watch da glass exhibition
ham,What your plan for pongal?,plan pongal
ham,Just wait till end of march when el nino gets himself. Oh.,wait till end march el nino get oh
ham,"Not yet chikku..going to room nw, i'm in bus..",chikkugoe room nw m bus
ham,Am also doing in cbe only. But have to pay.,cbe pay
ham,Honey boo I'm missing u.,honey boo m miss u
ham,"We have sent JD for Customer Service cum Accounts Executive to ur mail id, For details contact us",send jd customer service cum account executive ur mail d detail contact
ham,"Yo, I'm at my parents' gettin cash. Good news: we picked up a downstem",yo m parent gettin cash good news pick downstem
ham,"Thank you so much. When we skyped wit kz and sura, we didnt get the pleasure of your company. Hope you are good. We've given you ultimatum oh! We are countin down to aburo. Enjoy!",thank skype wit kz sura not pleasure company hope good ve give ultimatum oh countin aburo enjoy
spam,"Hungry gay guys feeling hungry and up 4 it, now. Call 08718730555 just 10p/min. To stop texts call 08712460324 (10p/min)",hungry gay guy feel hungry     pmin stop text   pmin
ham,Ok. No wahala. Just remember that a friend in need ...,ok wahala remember friend need
ham,I will see in half an hour,half hour
ham,"Im in inperialmusic listening2the weirdest track ever byåÓleafcutter johnåÓ-sounds like insects being molested&someone plumbing,remixed by evil men on acid!",m inperialmusic listeningthe weird track byleafcutter johnsound like insect molestedsomeone plumbingremixe evil man acid
ham,\Hey sorry I didntgive ya a a bellearlier hunny,hey sorry didntgive ya bellearlier hunny
ham,SERIOUSLY. TELL HER THOSE EXACT WORDS RIGHT NOW.,seriously tell exact word right
spam,Can U get 2 phone NOW? I wanna chat 2 set up meet Call me NOW on 09096102316 U can cum here 2moro Luv JANE xx Callså£1/minmoremobsEMSPOBox45PO139WA,u   phone wanna chat   set meet   u cum moro luv jane xx callsminmoremobsemspoboxpowa
ham,"Tee hee. Off to lecture, cheery bye bye.",tee hee lecture cheery bye bye
ham,"Sorry chikku, my cell got some problem thts y i was nt able to reply u or msg u..",sorry chikku cell get problem tht y not able reply u msg u
ham,If you still havent collected the dough pls let me know so i can go to the place i sent it to get the control number,not collect dough pls let know place send control number
ham,Ok...,ok
spam,network operator. The service is free. For T & C's visit 80488.biz,network operator service free t   cs visit biz
ham,Let me know how to contact you. I've you settled in a room. Lets know you are ok.,let know contact ve settle room let know ok
ham,Wot u up 2 u weirdo?,wot u   u weirdo
ham,Can do lor...,lor
ham,Dont put your phone on silent mode ok,not phone silent mode ok
ham,Can i meet Ì_ at 5.. As 4 where depends on where Ì_ wan 2 in lor..,meet       depend   wan   lor
ham,Waiting 4 my tv show 2 start lor... U leh still busy doing ur report?,wait   tv   start lor u leh busy ur report
ham,Oh ho. Is this the first time u use these type of words,oh ho time u use type word
ham,Am I the only one who doesn't stalk profiles?,not stalk profile
ham,"Ever green quote ever told by Jerry in cartoon \A Person Who Irritates u Always Is the one Who Loves u Vry Much But Fails to Express It...!..!! :-) :-) gud nyt""",green quote tell jerry cartoon person irritate u love u vry fail express    gud nyt
ham,Yes i thought so. Thanks.,yes think thank
ham,But if she.s drinkin i'm ok.,s drinkin m ok
ham,"Just wondering, the others just took off",wonder take
ham,"Night has ended for another day, morning has come in a special way. May you smile like the sunny rays and leaves your worries at the blue blue bay. Gud mrng",night end day morning come special way smile like sunny ray leave worry blue blue bay gud mrng
ham,"What do you do, my dog ? Must I always wait till the end of your day to have word from you ? Did you run out of time on your cell already?",dog   wait till end day word   run time cell
ham,Happy new year to u too!,happy new year u
ham,"Hey...Great deal...Farm tour 9am to 5pm $95/pax, $50 deposit by 16 May",heygreat dealfarm tour pm pax   deposit  
ham,Eat jap done oso aft ur lect wat... ÌÏ got lect at 12 rite... ,eat jap oso aft ur lect wat   get lect   rite
ham,"Hey babe! I saw you came online for a second and then you disappeared, what happened ?",hey babe see come online second disappear happen
ham,Da my birthdate in certificate is in april but real date is today. But dont publish it. I shall give you a special treat if you keep the secret. Any way thanks for the wishes,da birthdate certificate april real date today not publish shall special treat secret way thank wish
ham,Happy birthday... May all ur dreams come true...,happy birthday ur dream come true
ham,Aiyah u did ok already lar. E nydc at wheellock?,aiyah u ok lar e nydc wheellock
ham,TELL HER I SAID EAT SHIT.,tell say eat shit
ham,Sure! I am driving but will reach my destination soon.,sure drive reach destination soon
ham,"K so am I, how much for an 8th? Fifty?",k th
ham,Your daily text from me ÛÒ a favour this time,daily text   favour time
ham,Great to hear you are settling well. So what's happenin wit ola?,great hear settle s happenin wit ola
ham,Those cocksuckers. If it makes you feel better ipads are worthless garbage novelty items and you should feel bad for even wanting one,cocksucker make feel well ipad worthless garbage novelty item feel bad want
ham,I tot u reach liao. He said t-shirt.,tot u reach liao say tshirt
ham,"FRAN I DECIDED 2 GO N E WAY IM COMPLETELY BROKE AN KNACKERED I GOT UP BOUT 3 C U 2MRW LOVE JANX P.S THIS IS MY DADS FONE, -NO CREDIT",fran decide   n e way m completely break knackered get bout   c u mrw love janx ps dad fone credit
ham,I cant pick the phone right now. Pls send a message,not pick phone right pls send message
ham,Your right! I'll make the appointment right now.,right ill appointment right
ham,Designation is software developer and may be she get chennai:),designation software developer chennai
spam,Enjoy the jamster videosound gold club with your credits for 2 new videosounds+2 logos+musicnews! get more fun from jamster.co.uk! 16+only Help? call: 09701213186 ,enjoy jamster videosound gold club credit   new videosound logosmusicnew fun jamstercouk help  
spam,"Get 3 Lions England tone, reply lionm 4 mono or lionp 4 poly. 4 more go 2 www.ringtones.co.uk, the original n best. Tones 3GBP network operator rates apply",  lion england tone reply lionm   mono lionp   poly     wwwringtonescouk original n good tone gbp network operator rate apply
ham,I jokin oni lar.. ÌÏ busy then i wun disturb Ì_.,jokin oni lar   busy wun disturb
ham,"Ok, be careful ! Don't text and drive !",ok careful   not text drive
ham,"I.ll always be there, even if its just in spirit. I.ll get a bb soon. Just trying to be sure i need it.",ill spirit ill bb soon try sure need
ham,U r too much close to my heart. If u go away i will be shattered. Plz stay with me.,u r close heart u away shatter plz stay
ham,I love u 2 babe! R u sure everything is alrite. Is he being an idiot? Txt bak girlie,love u   babe r u sure alrite idiot txt bak girlie
ham,How abt making some of the pics bigger?,abt make pic big
ham,Got but got 2 colours lor. One colour is quite light n e other is darker lor. Actually i'm done she's styling my hair now.,get get   colour lor colour light n e dark lor actually m s style hair
ham,"Whenevr ur sad, Whenevr ur gray, Remembr im here 2 listn 2 watevr u wanna say, Jus walk wid me a little while,&amp; I promise I'll bring back ur smile.:-)",whenevr ur sad whenevr ur gray remembr m   listn   watevr u wanna jus walk wid little whileamp promise ill bring ur smile
ham,Why nothing. Ok anyway give me treat,ok treat
spam,"Win the newest ÛÏHarry Potter and the Order of the Phoenix (Book 5) reply HARRY, answer 5 questions - chance to be the first among readers!",win new harry potter order phoenix book   reply harry answer   question   chance reader
ham,Ok...,ok
ham,Correct. So how was work today,correct work today
ham,"Just sent again. Do you scream and moan in bed, princess?",send scream moan bed princess
ham,"I wake up long ago already... Dunno, what other thing?",wake long ago dunno thing
ham,Oh just getting even with u.... u?,oh get u u
ham,I thk 50 shd be ok he said plus minus 10.. Did Ì_ leave a line in between paragraphs?,thk   shd ok say plus minus     leave line paragraph
ham,Can you call me plz. Your number shows out of coveragd area. I have urgnt call in vasai &amp; have to reach before 4'o clock so call me plz,plz number show coveragd area urgnt vasai amp reach o clock plz
ham,Yeah jay's sort of a fucking retard,yeah jay sort fucking retard
ham,"Sorry, was in the bathroom, sup",sorry bathroom sup
spam,Ur balance is now å£500. Ur next question is: Who sang 'Uptown Girl' in the 80's ? 2 answer txt ur ANSWER to 83600. Good luck!,ur balance   ur question sing uptown girl s    answer txt ur answer   good luck
ham,My exam is for february 4. Wish you a great day.,exam february   wish great day
ham,I dont know what to do to come out of this so only am ask questions like this dont mistake me.,not know come ask question like not mistake
ham,"Aight no rush, I'll ask jay",aight rush ill ask jay
ham,Good Morning plz call me sir,good morning plz sir
ham,It's ok lar. U sleep early too... Nite...,ok lar u sleep early nite
ham,"Oh... Icic... K lor, den meet other day...",oh icic k lor den meet day
ham,"Oh ! A half hour is much longer in Syria than Canada, eh ? Wow you must get SO much more work done in a day than us with all that extra time ! *grins*",oh   half hour long syria canada eh   wow work day extra time   grin
ham,"Sometimes we put walls around our hearts,not just to be safe from getting hurt.. But to find out who cares enough to break the walls &amp; get closer.. GOODNOON:)",wall heartsnot safe get hurt find care break wall amp close goodnoon
ham,"Sweet, we may or may not go to 4U to meet carlos so gauge patty's interest in that",sweet u meet carlos gauge patty interest
ham,Then she buying today? ÌÏ no need to c meh...,buy today   need c meh
ham,Aight sorry I take ten years to shower. What's the plan?,aight sorry year shower s plan
ham,Every monday..nxt week vl be completing..,mondaynxt week vl complete
ham,Might ax well im there.,ax m
ham,Just chill for another 6hrs. If you could sleep the pain is not a surgical emergency so see how it unfolds. Okay,chill hrs sleep pain surgical emergency unfold okay
ham,Yeah I'll try to scrounge something up,yeah ill try scrounge
ham,Crazy ar he's married. ÌÏ like gd looking guys not me. My frens like say he's korean leona's fave but i dun thk he is. Aft some thinking mayb most prob i'll go.,crazy ar s married   like gd look guy fren like s korean leona fave dun thk aft think mayb prob ill
ham,Were somewhere on Fredericksburg,fredericksburg
ham,Que pases un buen tiempo or something like that,que pase un buen tiempo like
ham,Is it ok if I stay the night here? Xavier has a sleeping bag and I'm getting tired,ok stay night xavier sleep bag m get tired
ham,She doesnt need any test.,not need test
ham,"Nothing much, chillin at home. Any super bowl plan?",chillin home super bowl plan
spam,"FREE2DAY sexy St George's Day pic of Jordan!Txt PIC to 89080 dont miss out, then every wk a saucy celeb!4 more pics c PocketBabe.co.uk 0870241182716 å£3/wk",freeday sexy st george day pic jordantxt pic   not miss wk saucy celeb pic c pocketbabecouk   wk
ham,Bugis oso near wat... ,bugis oso near wat
ham,Yo theres no class tmrw right?,yo s class tmrw right
ham,Let Ur Heart Be Ur Compass Ur Mind Ur Map Ur Soul Ur Guide And U Will Never loose in world....gnun - Sent via WAY2SMS.COM,let ur heart ur compass ur mind ur map ur soul ur guide u loose worldgnun   send waysmscom
ham,"Goodnight, sleep well da please take care pa. Please.",goodnight sleep da care pa
ham,Baaaaabe! I misss youuuuu ! Where are you ? I have to go and teach my class at 5 ...,baaaaabe misss youuuuu     teach class  
ham,Convey my regards to him,convey regard
ham,U ned to convince him tht its not possible witot hurting his feeling its the main,u ne convince tht possible witot hurt feel main
ham,"Good afternoon loverboy ! How goes you day ? Any luck come your way? I think of you, sweetie and send my love across the sea to make you smile and happy",good afternoon loverboy   go day   luck come way think sweetie send love sea smile happy
ham,If i start sending blackberry torch to nigeria will you find buyer for me?like 4a month. And tell dad not to buy bb from anyone oh.,start send blackberry torch nigeria find buyer melike month tell dad buy bb oh
ham,"&lt;#&gt; %of pple marry with their lovers... becz they hav gud undrstndng dat avoids problems. i sent dis 2 u, u wil get gud news on friday by d person you like. And tomorrow will be the best day of your life. Dont break this chain. If you break you will suffer. send this to  &lt;#&gt;  frnds in &lt;#&gt;  mins whn u read...",ltgt pple marry lover becz hav gud undrstndng dat avoid problem send dis   u u wil gud news friday d person like tomorrow good day life not break chain break suffer send   ltgt   frnd ltgt   min whn u read
ham,Yo dude guess who just got arrested the other day,yo dude guess get arrest day
ham,Shuhui say change 2 suntec steamboat? U noe where? Where r u now?,shuhui change   suntec steamboat u noe r u
ham,What does the dance river do?,dance river
ham,"Yetunde, i'm sorry but moji and i seem too busy to be able to go shopping. Can you just please find some other way to get what you wanted us to get. Please forgive me. You can reply free via yahoo messenger.",yetunde m sorry moji busy able shop find way want forgive reply free yahoo messenger
ham,Hey i will be really pretty late... You want to go for the lesson first? I will join you. I'm only reaching tp mrt,hey pretty late want lesson join m reach tp mrt
spam,"HOT LIVE FANTASIES call now 08707509020 Just 20p per min NTT Ltd, PO Box 1327 Croydon CR9 5WB 0870..k",hot live fantasy   p min ntt ltd po box   croydon cr wb k
ham,Bbq this sat at mine from 6ish. Ur welcome 2 come,bbq sit ish ur welcome   come
ham,"I don't know, same thing that's wrong everyso often, he panicks starts goin on bout not bein good enough Û_",not know thing s wrong everyso panick start goin bout bein good
ham,Alright. I'm out--have a good night!,alright m outhave good night
ham,Did you try making another butt.,try make butt
ham,Hope you are feeling great. Pls fill me in. Abiola,hope feel great pls fill abiola
ham,I though we shd go out n have some fun so bar in town or something ÛÒ sound ok?,shd n fun bar town   sound ok
ham,"1) Go to write msg 2) Put on Dictionary mode 3)Cover the screen with hand, 4)Press  &lt;#&gt; . 5)Gently remove Ur hand.. Its interesting..:)",  write msg   dictionary mode cover screen hand press   ltgt   gently remove ur hand interesting
spam,"Bears Pic Nick, and Tom, Pete and ... Dick. In fact, all types try gay chat with photo upload call 08718730666 (10p/min). 2 stop texts call 08712460324",bear pic nick tom pete   dick fact type try gay chat photo upload   pmin   stop text
spam,"500 New Mobiles from 2004, MUST GO! Txt: NOKIA to No: 89545 & collect yours today!From ONLY å£1 www.4-tc.biz 2optout 087187262701.50gbp/mtmsg18 TXTAUCTION",  new mobile   txt nokia    collect todayfrom   wwwtcbiz optout gbpmtmsg txtauction
ham,We're finally ready fyi,finally ready fyi
ham,Auntie huai juan never pick up her phone,auntie huai juan pick phone
spam,Double Mins & Double Txt & 1/2 price Linerental on Latest Orange Bluetooth mobiles. Call MobileUpd8 for the very latest offers. 08000839402 or call2optout/LF56,double min   double txt    price linerental late orange bluetooth mobile mobileupd late offer   calloptoutlf
ham,"Ya tel, wats ur problem..",ya tel wat ur problem
spam,No. 1 Nokia Tone 4 ur mob every week! Just txt NOK to 87021. 1st Tone FREE ! so get txtin now and tell ur friends. 150p/tone. 16 reply HL 4info,  nokia tone   ur mob week txt nok   st tone free   txtin tell ur friend ptone   reply hl info
ham,i dnt wnt to tlk wid u,dnt wnt tlk wid u
ham,"We spend our days waiting for the ideal path to appear in front of us.. But what we forget is.. \paths are made by walking.. not by waiting..\"" Goodnight!""",spend day wait ideal path appear forget path walk wait goodnight
ham,Its ok my arm is feeling weak cuz i got a shot so we can go another time,ok arm feel weak cuz get shot time
ham,Please reserve ticket on saturday eve from chennai to thirunelvali and again from tirunelvali to chennai on sunday eve...i already see in net..no ticket available..i want to book ticket through tackle ..,reserve ticket saturday eve chennai thirunelvali tirunelvali chennai sunday evei netno ticket availablei want book ticket tackle
ham,"Storming msg: Wen u lift d phne, u say \HELLO\"" Do u knw wt is d real meaning of HELLO?? . . . It's d name of a girl..! . . . Yes.. And u knw who is dat girl?? \""Margaret Hello\"" She is d girlfrnd f Grahmbell who invnted telphone... . . . . Moral:One can 4get d name of a person",storm msg wen u lift d phne u hello u knw wt d real meaning hello     d girl     yes u knw dat girl margaret hello d girlfrnd f grahmbell invnte telphone      moralone d person
ham,That's ok. I popped in to ask bout something and she said you'd been in. Are you around tonght wen this girl comes?,s ok pop ask bout say d tonght wen girl come
ham,All e best 4 ur exam later.,e good   ur exam later
ham,Hope ur head doesn't hurt 2 much ! Am ploughing my way through a pile of ironing ! Staying in with a chinky tonight come round if you like.,hope ur head not hurt     plough way pile iron   stay chinky tonight come round like
ham,Oh k.i think most of wi and nz players unsold.,oh ki think wi nz player unsold
ham,"Haha... Where got so fast lose weight, thk muz go 4 a month den got effect... Gee,later we go aust put bk e weight.",haha get fast lose weight thk muz   month den get effect geelater aust bk e weight
ham,"I wonder how you got online, my love ? Had you gone to the net cafe ? Did you get your phone recharged ? Were you on a friends net ? I think of you, boytoy",wonder get online love   go net cafe   phone recharge   friend net   think boytoy
ham,"Haha just kidding, papa needs drugs",haha kid papa need drug
ham,"Thk shld b can... Ya, i wana go 4 lessons... Haha, can go for one whole stretch...",thk shld b ya wana   lesson haha stretch
ham,Oh ok..,oh ok
ham,R we still meeting 4 dinner tonight?,r meet   dinner tonight
ham,Thats cool! I am a gentleman and will treat you with dignity and respect.,s cool gentleman treat dignity respect
ham,Shall i start from hear.,shall start hear
ham,Then we wait 4 u lor... No need 2 feel bad lar...,wait   u lor need   feel bad lar
ham,No did you check? I got his detailed message now,check get detailed message
ham,You have registered Sinco as Payee. Log in at icicibank.com and enter URN  &lt;#&gt;  to confirm. Beware of frauds. Do NOT share or disclose URN to anyone.,register sinco payee log icicibankcom enter urn   ltgt   confirm beware fraud share disclose urn
ham,"No, I decided that only people who care about stuff vote and caring about stuff is for losers",decide people care stuff vote care stuff loser
ham,Kaiez... Enjoy ur tuition... Gee... Thk e second option sounds beta... I'll go yan jiu den msg u...,kaiez enjoy ur tuition gee thk e second option sound beta ill yan jiu den msg u
ham,You have registered Sinco as Payee. Log in at icicibank.com and enter URN  &lt;#&gt;  to confirm. Beware of frauds. Do NOT share or disclose URN to anyone.,register sinco payee log icicibankcom enter urn   ltgt   confirm beware fraud share disclose urn
ham,cool. We will have fun practicing making babies!,cool fun practice make baby
ham,Actually getting ready to leave the house.,actually get ready leave house
ham,K..k..any special today?,kkany special today
spam,"URGENT, IMPORTANT INFORMATION FOR O2 USER. TODAY IS YOUR LUCKY DAY! 2 FIND OUT WHY LOG ONTO HTTP://WWW.URAWINNER.COM THERE IS A FANTASTIC SURPRISE AWAITING FOR YOU",urgent important information o user today lucky day   find log   fantastic surprise await
ham,Then we gotta do it after that,get to
ham,"I've got ten bucks, jay is being noncomittal",ve get buck jay noncomittal
ham,Where at were hungry too,hungry
ham,Pls speak to that customer machan.,pls speak customer machan
ham,somewhere out there beneath the pale moon light someone think in of u some where out there where dreams come true... goodnite &amp; sweet dreams,beneath pale moon light think u dream come true goodnite amp sweet dream
ham,"Wen ur lovable bcums angry wid u, dnt take it seriously.. Coz being angry is d most childish n true way of showing deep affection, care n luv!.. kettoda manda... Have nice day da.",wen ur lovable bcum angry wid u dnt seriously coz angry d childish n true way show deep affection care n luv kettoda manda nice day da
spam,Dear U've been invited to XCHAT. This is our final attempt to contact u! Txt CHAT to 86688 150p/MsgrcvdHG/Suite342/2Lands/Row/W1J6HL LDN 18 yrs,dear uve invite xchat final attempt contact u txt chat   pmsgrcvdhgsuitelandsrowwjhl ldn   yr
ham,So wats ur opinion abt him and how abt is character?,wat ur opinion abt abt character
ham,Jay is snickering and tells me that x is totally fucking up the chords as we speak,jay snicker tell x totally fuck chord speak
ham,No..few hours before.went to hair cut .,nofew hour beforewent hair cut
ham,No wonder... Cos i dun rem seeing a silver car... But i thk i saw a black one...,wonder cos dun rem see silver car thk see black
ham,Lmao. Take a pic and send it to me.,lmao pic send
ham,"\Speak only when you feel your words are better than the silence...\"" Gud mrng:-)""",speak feel word well silence gud mrng
ham,No. She's currently in scotland for that.,s currently scotland
ham,Do you work all this week ?,work week
spam,Congratulations ur awarded either å£500 of CD gift vouchers & Free entry 2 our å£100 weekly draw txt MUSIC to 87066 TnCs www.Ldew.com 1 win150ppmx3age16,congratulation ur award   cd gift voucher   free entry     weekly draw txt music   tncs wwwldewcom   winppmxage
ham,Lol great now im getting hungry.,lol great m get hungry
ham,Yes.. now only saw your message..,yes see message
ham,I'll be at mu in like  &lt;#&gt;  seconds,ill mu like   ltgt   second
ham,Ok...,ok
ham,THING R GOOD THANX GOT EXAMS IN MARCH IVE DONE NO REVISION? IS FRAN STILL WITH BOYF? IVE GOTTA INTERVIW 4 EXETER BIT WORRIED!x,thing r good thanx get exam march ve revision fran boyf ve get to interviw   exeter bit worriedx
ham,"Tell you what, if you make a little spreadsheet and track whose idea it was to smoke to determine who \smokes too much\"" for the entire month of february",tell little spreadsheet track idea smoke determine smoke entire month february
spam,For sale - arsenal dartboard. Good condition but no doubles or trebles!,sale   arsenal dartboard good condition double treble
ham,Don't look back at the building because you have no coat and i don't want you to get more sick. Just hurry home and wear a coat to the gym!!!,not look building coat not want sick hurry home wear coat gym
ham,"My painful personal thought- \I always try to keep everybody happy all the time. But nobody recognises me when i am alone\""""",painful personal thought try everybody happy time recognise
ham,Thanks for ve lovely wisheds. You rock,thank ve lovely wished rock
ham,You intrepid duo you! Have a great time and see you both soon. ,intrepid duo great time soon
ham,I asked sen to come chennai and search for job.,ask sen come chennai search job
ham,Dad went out oredi... ,dad go oredi
ham,"I jus hope its true that  missin me cos i'm really missin him! You haven't done anything to feel guilty about, yet.",jus hope true   missin cos m missin not feel guilty
ham,Wat so late still early mah. Or we juz go 4 dinner lor. Aiya i dunno...,wat late early mah juz   dinner lor aiya dunno
ham,"Arms fine, how's Cardiff and uni? ",arm fine s cardiff uni
ham,In fact when do you leave? I think addie goes back to school tues or wed,fact leave think addie go school tue d
ham,"Cool breeze... Bright sun... Fresh flower... Twittering birds... All these waiting to wish u: \GOODMORNING &amp; HAVE A NICE DAY\"" :)""",cool breeze bright sun fresh flower twitter bird wait wish u goodmorning amp nice day
ham,Ya:)going for restaurant..,yagoe restaurant
ham,"Its ok., i just askd did u knw tht no?",ok askd u knw tht
spam,Free 1st week entry 2 TEXTPOD 4 a chance 2 win 40GB iPod or å£250 cash every wk. Txt POD to 84128 Ts&Cs www.textpod.net custcare 08712405020.,free st week entry   textpod   chance   win gb ipod   cash wk txt pod   tscs wwwtextpodnet custcare
ham,Those ducking chinchillas,duck chinchilla
ham,I am in a marriage function,marriage function
ham,Looks like u wil b getting a headstart im leaving here bout 2.30ish but if u r desperate for my company I could head in earlier-we were goin to meet in rummer.,look like u wil b get headstart m leave bout ish u r desperate company head earlierwe goin meet rummer
ham,DonÛ÷t give a flying monkeys wot they think and I certainly donÛ÷t mind. Any friend of mine and all that!,not fly monkey wot think certainly not mind friend
spam,As a registered optin subscriber ur draw 4 å£100 gift voucher will be entered on receipt of a correct ans to 80062 Whats No1 in the BBC charts,register optin subscriber ur draw    gift voucher enter receipt correct an   s bbc chart
ham,say thanks2. ,thank
ham,Msg me when rajini comes.,msg rajini come
ham,Ya! when are Ì_ taking ure practical lessons? I start in june..  ,ya   take ure practical lesson start june  
ham,"That's good, because I need drugs",s good need drug
ham,Stupid.its not possible,stupidit possible
ham,Can Ì_ all decide faster cos my sis going home liao..,  decide fast cos sis go home liao
spam,Summers finally here! Fancy a chat or flirt with sexy singles in yr area? To get MATCHED up just reply SUMMER now. Free 2 Join. OptOut txt STOP Help08714742804,summer finally fancy chat flirt sexy single yr area match reply summer free   join optout txt stop help
ham,U sleeping now.. Or you going to take? Haha.. I got spys wat.. Me online checking n replying mails lor..,u sleep go haha get spys wat online check n reply mail lor
spam,CLAIRE here am havin borin time & am now alone U wanna cum over 2nite? Chat now 09099725823 hope 2 C U Luv CLAIRE xx Callså£1/minmoremobsEMSPOBox45PO139WA,claire havin borin time   u wanna cum nite chat   hope   c u luv claire xx callsminmoremobsemspoboxpowa
ham,"Fighting with the world is easy, u either win or lose bt fightng with some1 who is close to u is dificult if u lose - u lose if u win - u still lose.",fight world easy u win lose bt fightng close u dificult u lose   u lose u win   u lose
spam,Bought one ringtone and now getting texts costing 3 pound offering more tones etc,buy ringtone get text cost   pound offer tone etc
ham,"Yalru lyfu astne chikku.. Bt innu mundhe lyf ali halla ke bilo (marriage)program edhae, so lyf is nt yet ovr chikku..ali vargu lyfu meow meow:-D",yalru lyfu astne chikku bt innu mundhe lyf ali halla ke bilo marriageprogram edhae lyf not ovr chikkuali vargu lyfu meow meowd
ham,Kinda. First one gets in at twelve! Aah. Speak tomo,kinda get aah speak tomo
spam,"09066362231 URGENT! Your mobile No 07xxxxxxxxx won a å£2,000 bonus caller prize on 02/06/03! this is the 2nd attempt to reach YOU! call 09066362231 ASAP!",  urgent mobile xxxxxxxxx win   bonus caller prize   nd attempt reach   asap
ham,Ok good then i later come find Ì_... C lucky i told Ì_ to go earlier... Later pple take finish Ì_ no more again...,ok good later come find   c lucky tell   early later pple finish  
ham,Wat makes u thk i'll fall down. But actually i thk i'm quite prone 2 falls. Lucky my dad at home i ask him come n fetch me already.,wat make u thk ill fall actually thk m prone   fall lucky dad home ask come n fetch
spam,"YOU 07801543489 are guaranteed the latests Nokia Phone, a 40GB iPod MP3 player or a å£500 prize! Txt word:COLLECT to No:83355! TC-LLC NY-USA 150p/Mt msgrcvd18+",  guarantee latest nokia phone gb ipod mp player   prize txt wordcollect tcllc nyusa pmt msgrcvd
ham,Your account has been refilled successfully by INR  &lt;DECIMAL&gt; . Your KeralaCircle prepaid account balance is Rs  &lt;DECIMAL&gt; . Your Transaction ID is KR &lt;#&gt; .,account refill successfully inr   ltdecimalgt   keralacircle prepay account balance rs   ltdecimalgt   transaction d kr ltgt
ham,I wont touch you with out your permission.,will not touch permission
spam,Hi its LUCY Hubby at meetins all day Fri & I will B alone at hotel U fancy cumin over? Pls leave msg 2day 09099726395 Lucy x Callså£1/minMobsmoreLKPOBOX177HP51FL,hi lucy hubby meetin day fri   b hotel u fancy cumin pls leave msg day   lucy x callsminmobsmorelkpoboxhpfl
ham,"7 wonders in My WORLD 7th You 6th Ur style 5th Ur smile 4th Ur Personality 3rd Ur Nature 2nd Ur SMS and 1st \Ur Lovely Friendship\""... good morning dear""",  wonder world th th ur style th ur smile th ur personality rd ur nature nd ur sms st ur lovely friendship good morning dear
ham,Take some small dose tablet for fever,small dose tablet fever
ham,Oh. U must have taken your REAL Valentine out shopping first.,oh u take real valentine shop
ham,"Just sent you an email ÛÒ to an address with incomm in it, is that right?",send email   address incomm right
ham,"Will do, you gonna be at blake's all night? I might be able to get out of here a little early",go to blake night able little early
ham,"Friendship is not a game to play, It is not a word to say, It doesn\'t start on March and ends on May, It is tomorrow, yesterday, today and e",friendship game play word not start march end tomorrow yesterday today e
ham,"Nice. Wait...should you be texting right now? I'm not gonna pay your ticket, ya know!",nice waitshould texte right m go to pay ticket ya know
ham,I'm watching lotr w my sis dis aft. So u wan 2 meet me 4 dinner at nite a not?,m watch lotr w sis dis aft u wan   meet   dinner nite
ham,Why you keeping me away like this,keep away like
ham,I think its far more than that but find out. Check google maps for a place from your dorm.,think far find check google map place dorm
ham,My trip was ok but quite tiring lor. Uni starts today but it's ok 4 me cos i'm not taking any modules but jus concentrating on my final yr project.,trip ok tiring lor uni start today ok   cos m take module jus concentrate final yr project
ham,Have you always been saying welp?,say welp
ham,"I'm a guy, browsin is compulsory",m guy browsin compulsory
ham,Ok...,ok
ham,Purity of friendship between two is not about smiling after reading the forwarded message..Its about smiling just by seeing the name. Gud evng musthu,purity friendship smile read forwarded messageit smile see gud evng musthu
ham,"Sorry, I'll call later",sorry ill later
ham,"(I should add that I don't really care and if you can't I can at least get this dude to fuck off but hey, your money if you want it)",add not care not dude fuck hey money want
ham,"Hello lover! How goes that new job? Are you there now? Are you happy? Do you think of me? I wake, my slave and send you a teasing kiss from across the sea",hello lover go new job happy think wake slave send teasing kiss sea
ham,I told your number to gautham..,tell number gautham
ham,Tell them no need to investigate about me anywhere.,tell need investigate
ham,Ok i juz receive..,ok juz receive
ham,"Cant believe i said so many things to you this morning when all i really wanted to say was good morning, i love you! Have a beautiful morning. See you in the library later.",not believe say thing morning want good morning love beautiful morning library later
spam,"Your account has been credited with 500 FREE Text Messages. To activate, just txt the word: CREDIT to No: 80488 T&Cs www.80488.biz",account credit   free text message activate txt word credit   tcs wwwbiz
ham,In the end she might still vomit but its okay. Not everything will come out.,end vomit okay come
ham,How are you with moneY...as in to you...money aint a thing....how are you sha!,moneyas youmoney be not thinghow sha
ham,It has everything to do with the weather. Keep extra warm. Its a cold but nothing serious. Pls lots of vitamin c,weather extra warm cold pls lot vitamin c
ham,Hey gals.. Anyone of u going down to e driving centre tmr?,hey gal u go e drive centre tmr
ham,I'm always on yahoo messenger now. Just send the message to me and i.ll get it you may have to send it in the mobile mode sha but i.ll get it. And will reply.,m yahoo messenger send message ill send mobile mode sha ill reply
ham,I'm putting it on now. It should be ready for  &lt;TIME&gt; ,m put ready   lttimegt
ham,"Time n Smile r the two crucial things in our life. Sometimes time makes us to forget smile, and sometimes someone's smile makes us to forget time gud noon",time n smile r crucial thing life time make forget smile someone smile make forget time gud noon
spam,"SMS. ac JSco: Energy is high, but u may not know where 2channel it. 2day ur leadership skills r strong. Psychic? Reply ANS w/question. End? Reply END JSCO",sm ac jsco energy high u know channel day ur leadership skill r strong psychic reply ans wquestion end reply end jsco
ham,Host-based IDPS for linux systems.,hostbase idps linux system
spam,"HOT LIVE FANTASIES call now 08707509020 Just 20p per min NTT Ltd, PO Box 1327 Croydon CR9 5WB 0870 is a national rate call",hot live fantasy   p min ntt ltd po box   croydon cr wb   national rate
ham,Don no da:)whats you plan?,don dawhat plan
ham,Ill be there on  &lt;#&gt;  ok.,ill   ltgt   ok
ham,Oh my God. I'm almost home,oh god m home
ham,Total video converter free download type this in google search:),total video converter free download type google search
spam,Thanks for the Vote. Now sing along with the stars with Karaoke on your mobile. For a FREE link just reply with SING now.,thank vote sing star karaoke mobile free link reply sing
ham,"Wen ur lovable bcums angry wid u, dnt take it seriously.. Coz being angry is d most childish n true way of showing deep affection, care n luv!.. kettoda manda... Have nice day da.",wen ur lovable bcum angry wid u dnt seriously coz angry d childish n true way show deep affection care n luv kettoda manda nice day da
ham,Sounds like something that someone testing me would sayy,sound like test sayy
ham,When u love someone Dont make them to love u as much as u do. But Love them so much that they dont want to be loved by anyone except you... Gud nit.,u love not love u u love not want love gud nit
ham,"Pete,is this your phone still? Its Jenny from college and Leanne.what are you up to now?:)",peteis phone jenny college leannewhat
ham,Oops sorry. Just to check that you don't mind picking me up tomo at half eight from station. Would that be ok?,oops sorry check not mind pick tomo half station ok
ham,"Hey sweet, I was wondering when you had a moment if you might come to me ? I want to send a file to someone but it won't go over yahoo for them because their connection sucks, remember when you set up that page for me to go to and download the format disc ? Could you tell me how to do that ? Or do you know some other way to download big files ? Because they can download stuff directly from the internet. Any help would be great, my prey ... *teasing kiss*",hey sweet wonder moment come   want send file will not yahoo connection suck remember set page download format disc   tell   know way download big file   download stuff directly internet help great prey   teasing kiss
ham,Hows the champ just leaving glasgow!,s champ leave glasgow
ham,K:)all the best:)congrats...,kall bestcongrat
ham,I wonder if you'll get this text?,wonder ll text
ham,I need to come home and give you some good lovin...,need come home good lovin
spam,Our brand new mobile music service is now live. The free music player will arrive shortly. Just install on your phone to browse content from the top artists.,brand new mobile music service live free music player arrive shortly install phone browse content artist
ham,Shall i ask one thing if you dont mistake me.,shall ask thing not mistake
ham,Check wid corect speling i.e. Sarcasm,check wid corect spele ie sarcasm
spam,"URGENT! Your Mobile No was awarded a å£2,000 Bonus Caller Prize on 1/08/03! This is our 2nd attempt to contact YOU! Call 0871-4719-523 BOX95QU BT National Rate",urgent mobile award   bonus caller prize   nd attempt contact   boxqu bt national rate
ham,Are you angry with me. What happen dear,angry happen dear
ham,I thk u dun haf 2 hint in e forum already lor... Cos i told ron n darren is going 2 tell shuhui.,thk u dun haf   hint e forum lor cos tell ron n darren go   tell shuhui
ham,Yup ok thanx...,yup ok thanx
ham,Hi:)cts employee how are you?,hict employee
ham,Pls pls find out from aunt nike.,pls pls find aunt nike
ham,"Wow ... I love you sooo much, you know ? I can barely stand it ! I wonder how your day goes and if you are well, my love ... I think of you and miss you",wow   love sooo know   barely stand   wonder day go love   think miss
ham,No screaming means shouting..,screaming mean shout
ham,Hey what happen de. Are you alright.,hey happen de alright
ham,Should I have picked up a receipt or something earlier,pick receipt early
ham,I think chennai well settled?,think chennai settle
ham,Oh dang! I didn't mean o send that to you! Lol!,oh dang not mean o send lol
ham,Unfortunately i've just found out that we have to pick my sister up from the airport that evening so don't think i'll be going out at all. We should try to go out one of th,unfortunately ve find pick sister airport evening not think ill go try th
ham,Horrible bf... I now v hungry...,horrible bf v hungry
ham,Remember on that day..,remember day
spam,You have won a Nokia 7250i. This is what you get when you win our FREE auction. To take part send Nokia to 86021 now. HG/Suite342/2Lands Row/W1JHL 16+,win nokia win free auction send nokia   hgsuiteland rowwjhl
ham,How's it feel? Mr. Your not my real Valentine just my yo Valentine even tho u hardly play!!,s feel mr real valentine yo valentine tho u hardly play
ham,All sounds good. Fingers . Makes it difficult to type,sound good finger   make difficult type
ham,Midnight at the earliest,midnight early
ham,You're not sure that I'm not trying to make xavier smoke because I don't want to smoke after being told I smoke too much?,sure m try xavier smoke not want smoke tell smoke
ham,K come to nordstrom when you're done,k come nordstrom
ham,Do u konw waht is rael FRIENDSHIP Im gving yuo an exmpel: Jsut ese tihs msg.. Evrey splleing of tihs msg is wrnog.. Bt sitll yuo can raed it wihtuot ayn mitsake.. GOODNIGHT &amp; HAVE A NICE SLEEP..SWEET DREAMS..,u konw waht rael friendship m gve yuo exmpel jsut ese tihs msg evrey spllee tihs msg wrnog bt sitll yuo raed wihtuot ayn mitsake goodnight amp nice sleepsweet dream
ham,Now press conference da:),press conference da
spam,"Hello from Orange. For 1 month's free access to games, news and sport, plus 10 free texts and 20 photo messages, reply YES. Terms apply: www.orange.co.uk/ow",hello orange   month free access game news sport plus   free text   photo message reply yes term apply wwworangecoukow
ham,After completed degree. There is no use in joining finance.,complete degree use join finance
ham,"Good afternoon, my love ! Any job prospects ? Are you missing me ? What do you do ? Are you being lazy and bleak, hmmm ? Or happy and filled with my love ?",good afternoon love   job prospect   miss     lazy bleak hmmm   happy fill love
ham,Shant disturb u anymore... Jia you...,shall not disturb u anymore jia
ham,Bishan lar nearer... No need buy so early cos if buy now i gotta park my car...,bishan lar nearer need buy early cos buy get to park car
ham,"Me, i dont know again oh",not know oh
ham,Dude sux for snake. He got old and raiden got buff,dude sux snake get old raiden get buff
ham,He says hi and to get your ass back to south tampa (preferably at a kegger),say hi ass south tampa preferably kegger
ham,In e msg jus now. U said thanks for gift.,e msg jus u say thank gift
ham,U too...,u
ham,Ok how you dear. Did you call chechi,ok dear chechi
ham,Yeah we do totes. When u wanna?,yeah tote u wanna
ham,Ok i found dis pierre cardin one which looks normal costs 20 its on sale.,ok find dis pierre cardin look normal cost   sale
ham,Good sleep is about rhythm. The person has to establish a rhythm that the body will learn and use. If you want to know more :-),good sleep rhythm person establish rhythm body learn use want know
ham,Wat r u doing?,wat r u
ham,Message from . I am at Truro Hospital on ext. You can phone me here. as I have a phone by my side,message   truro hospital ext phone phone
ham,"Single line with a big meaning::::: \Miss anything 4 ur \""Best Life\"" but",single line big meaning miss   ur good life
ham,"Just got some gas money, any chance you and the gang want to go on a grand nature adventure?",get gas money chance gang want grand nature adventure
ham,Dnt worry...use ice pieces in a cloth pack.also take 2 tablets.,dnt worryuse ice piece cloth packalso   tablet
ham,Dude just saw a parked car with its sunroof popped up. Sux,dude see park car sunroof pop sux
ham,Get ready to put on your excellent sub face :),ready excellent sub face
ham,Tmrw. Im finishing 9 doors,tmrw m finish   door
ham,"The  &lt;#&gt; g that i saw a few days ago, the guy wants sell wifi only for  &lt;#&gt;  and with 3g for  &lt;#&gt; . That's why i blanked him.",  ltgt g see day ago guy want sell wifi   ltgt   g   ltgt   s blank
ham,I am late. I will be there at,late
ham,"whatever, im pretty pissed off.",m pretty pissed
ham,Today is ACCEPT DAY..U Accept me as? Brother Sister Lover Dear1 Best1 Clos1 Lvblefrnd Jstfrnd Cutefrnd Lifpartnr Belovd Swtheart Bstfrnd No rply means enemy,today accept dayu accept brother sister lover dear well clo lvblefrnd jstfrnd cutefrnd lifpartnr belovd swtheart bstfrnd rply mean enemy
ham,I dont have that much image in class.,not image class
ham,No:-)i got rumour that you going to buy apartment in chennai:-),noi get rumour go buy apartment chennai
ham,Near kalainar tv office.thenampet,near kalainar tv officethenampet
spam,Ur cash-balance is currently 500 pounds - to maximize ur cash-in now send GO to 86688 only 150p/msg. CC 08718720201 HG/Suite342/2Lands Row/W1J6HL,ur cashbalance currently   pound   maximize ur cashin send   pmsg cc   hgsuiteland rowwjhl
spam,SMS AUCTION - A BRAND NEW Nokia 7250 is up 4 auction today! Auction is FREE 2 join & take part! Txt NOKIA to 86021 now! HG/Suite342/2Lands Row/W1J6HL,sm auction   brand new nokia     auction today auction free   join   txt nokia   hgsuiteland rowwjhl
ham,My sis is catching e show in e afternoon so i'm not watching w her. So c u wan 2 watch today or tmr lor.,sis catch e e afternoon m watch w c u wan   watch today tmr lor
ham,"Sounds gd... Haha... Can... Wah, u yan jiu so fast liao...",sound gd haha wah u yan jiu fast liao
ham,No. To be nosy I guess. Idk am I over reacting if I'm freaked?,nosy guess idk react m freak
ham,"Remember all those whom i hurt during days of satanic imposter in me.need to pay a price,so be it.may destiny keep me going and as u said pray that i get the mind to get over the same.",remember hurt day satanic imposter meneed pay priceso itmay destiny go u say pray mind
ham,How to Make a girl Happy? It's not at all difficult to make girls happy. U only need to be... 1. A friend 2. Companion 3. Lover 4. Chef . . .  &lt;#&gt; . Good listener  &lt;#&gt; . Organizer  &lt;#&gt; . Good boyfriend  &lt;#&gt; . Very clean  &lt;#&gt; . Sympathetic  &lt;#&gt; . Athletic  &lt;#&gt; . Warm . . .  &lt;#&gt; . Courageous  &lt;#&gt; . Determined  &lt;#&gt; . True  &lt;#&gt; . Dependable  &lt;#&gt; . Intelligent . . .  &lt;#&gt; . Psychologist  &lt;#&gt; . Pest exterminator  &lt;#&gt; . Psychiatrist  &lt;#&gt; . Healer . .  &lt;#&gt; . Stylist  &lt;#&gt; . Driver . . Aaniye pudunga venaam..,girl happy difficult girl happy u need   friend   companion   lover   chef      ltgt   good listener   ltgt   organizer   ltgt   good boyfriend   ltgt   clean   ltgt   sympathetic   ltgt   athletic   ltgt   warm      ltgt   courageous   ltgt   determined   ltgt   true   ltgt   dependable   ltgt   intelligent      ltgt   psychologist   ltgt   p exterminator   ltgt   psychiatrist   ltgt   healer     ltgt   stylist   ltgt   driver    aaniye pudunga venaam
ham,"Why is that, princess? I bet the brothas are all chasing you!",princess bet brotha chase
ham,"I shall book chez jules for half eight, if that's ok with you?",shall book chez jule half s ok
ham,Hhahhaahahah rofl wtf nig was leonardo in your room or something,hhahhaahahah rofl wtf nig leonardo room
ham,"Yep, at derek's house now, see you Sunday &lt;3",yep dereks house sunday lt
ham,"It's cool, let me know before it kicks off around  &lt;#&gt; , I'll be out and about all day",cool let know kick   ltgt   ill day
ham,"Sorry, I'll call later",sorry ill later
ham,I was wondering if it would be okay for you to call uncle john and let him know that things are not the same in nigeria as they r here. That  &lt;#&gt;  dollars is 2years sent and that you know its a strain but i plan to pay back every dime he gives. Every dime so for me to expect anything from you is not practical. Something like that.,wonder okay uncle john let know thing nigeria r   ltgt   dollar year send know strain plan pay dime give dime expect practical like
ham,There are no other charges after transfer charges and you can withdraw anyhow you like,charge transfer charge withdraw like
ham,"Dont search love, let love find U. Thats why its called falling in love, bcoz U dont force yourself, U just fall and U know there is smeone to hold U... BSLVYL",not search love let love find u s call fall love bcoz u not force u fall u know smeone hold u bslvyl
ham,At 4. Let's go to bill millers,  let bill miller
ham,I love you. You set my soul on fire. It is not just a spark. But it is a flame. A big rawring flame. XoXo,love set soul fire spark flame big rawre flame xoxo
ham,"Somewhr someone is surely made 4 u. And God has decided a perfect time to make u meet dat person. . . . till den, . . . . . Enjoy ur crushes..!!!;-)",somewhr surely   u god decide perfect time u meet dat person     till den       enjoy ur crush
ham,That's my honeymoon outfit. :),s honeymoon outfit
ham,Will it help if we propose going back again tomorrow,help propose go tomorrow
spam,PRIVATE! Your 2003 Account Statement for shows 800 un-redeemed S. I. M. points. Call 08719899230 Identifier Code: 41685 Expires 07/11/04,private   account statement show   unredeemed s m point   identifier code   expire
ham,Never blame a day in ur life. Good days give u happiness. Bad days give u experience. Both are essential in life! All are Gods blessings! good morning.:,blame day ur life good day u happiness bad day u experience essential life god blessing good morning
ham,Pls confirm the time to collect the cheque.,pls confirm time collect cheque
spam,As a Registered Subscriber yr draw 4 a å£100 gift voucher will b entered on receipt of a correct ans. When are the next olympics. Txt ans to 80062,register subscriber yr draw     gift voucher b enter receipt correct an olympic txt an
spam,URGENT! Your Mobile number has been awarded with a å£2000 prize GUARANTEED. Call 09061790121 from land line. Claim 3030. Valid 12hrs only 150ppm,urgent mobile number award   prize guarantee   land line claim   valid hrs ppm
ham,Daddy will take good care of you :),daddy good care
ham,"Yeah probably, I still gotta check out with leo",yeah probably get to check leo
ham,K.then any other special?,kthen special
ham,Carlos is taking his sweet time as usual so let me know when you and patty are done/want to smoke and I'll tell him to haul ass,carlos take sweet time usual let know patty donewant smoke ill tell haul ass
ham,Ok pa. Nothing problem:-),ok pa problem
ham,Have you heard about that job? I'm going to that wildlife talk again tonight if u want2come. Its that2worzels and a wizzle or whatever it is?! ,hear job m go wildlife talk tonight u wantcome thatworzel wizzle
ham,"God picked up a flower and dippeditinaDEW, lovingly touched itwhichturnedinto u, and the he gifted tomeandsaid,THIS FRIEND IS 4U",god pick flower dippeditinadew lovingly touch itwhichturnedinto u gift tomeandsaidthis friend u
ham,When you came to hostel.,come hostel
ham,Ok no prob... I'll come after lunch then...,ok prob ill come lunch
ham,Jus telling u dat i'll b leaving 4 shanghai on 21st instead so we'll haf more time 2 meet up cya...,jus tell u dat ill b leave   shanghai st instead haf time   meet cya
ham,Are your freezing ? Are you home yet ? Will you remember to kiss your mom in the morning? Do you love me ? Do you think of me ? Are you missing me yet ?,freezing   home   remember kiss mom morning love   think   miss
ham,You all ready for * big day tomorrow?,ready   big day tomorrow
ham,I'll probably be around mu a lot,ill probably mu lot
ham,645,
spam,RT-KIng Pro Video Club>> Need help? info@ringtoneking.co.uk or call 08701237397 You must be 16+ Club credits redeemable at www.ringtoneking.co.uk! Enjoy!,rtke pro video club need help inforingtonekingcouk     club credit redeemable wwwringtonekingcouk enjoy
ham,Thnx dude. u guys out 2nite?,thnx dude u guy nite
ham,Me sef dey laugh you. Meanwhile how's my darling anjie!,sef dey laugh s darling anjie
ham,Mm i had my food da from out,mm food da
ham,"K, makes sense, btw carlos is being difficult so you guys are gonna smoke while I go pick up the second batch and get gas",k make sense btw carlos difficult guy go to smoke pick second batch gas
ham,Did u download the fring app?,u download fring app
ham,The 2 oz guy is being kinda flaky but one friend is interested in picking up $ &lt;#&gt;  worth tonight if possible,  oz guy kinda flaky friend interested pick   ltgt   worth tonight possible
ham,Friends that u can stay on fb chat with,friend u stay fb chat
ham,"Fuck babe, I miss you sooooo much !! I wish you were here to sleep with me ... My bed is so lonely ... I go now, to sleep ... To dream of you, my love ...",fuck babe miss sooooo   wish sleep   bed lonely   sleep   dream love
ham,"Living is very simple.. Loving is also simple.. Laughing is too simple.. Winning is tooo simple.. But, being 'SIMPLE' is very difficult.. Gud nte.:-",living simple loving simple laughing simple winning tooo simple simple difficult gud nte
spam,U have a secret admirer who is looking 2 make contact with U-find out who they R*reveal who thinks UR so special-call on 09058094599,u secret admirer look   contact ufind rreveal think ur specialcall
ham,"Ah, well that confuses things, doesnÛ÷t it?",ah confuse thing not
spam,500 free text msgs. Just text ok to 80488 and we'll credit your account,  free text msgs text ok   credit account
ham,Hi Dear Call me its urgnt. I don't know whats your problem. You don't want to work or if you have any other problem at least tell me. Wating for your reply.,hi dear urgnt not know s problem not want work problem tell wate reply
ham,Dear how you. Are you ok?,dear ok
spam,"You have been selected to stay in 1 of 250 top British hotels - FOR NOTHING! Holiday Worth å£350! To Claim, Call London 02072069400. Bx 526, SW73SS",select stay     british hotel   holiday worth   claim london   bx   swss
ham,Yes princess! I want to make you happy...,yes princess want happy
ham,Sounds like you have many talents! would you like to go on a dinner date next week?,sound like talent like dinner date week
ham,I am going to film 2day da. At 6pm. Sorry da.,go film day da pm sorry da
ham,We not watching movie already. Xy wants 2 shop so i'm shopping w her now.,watch movie xy want   shop m shop w
ham,Hello my little party animal! I just thought I'd buzz you as you were with your friends ...*grins*... Reminding you were loved and send a naughty adoring kiss,hello little party animal think d buzz friend grin remind love send naughty adore kiss
ham,Yesterday its with me only . Now am going home.,yesterday   go home
spam,"Eerie Nokia tones 4u, rply TONE TITLE to 8007 eg TONE DRACULA to 8007 Titles: GHOST, ADDAMSFA, MUNSTERS, EXORCIST, TWILIGHT www.getzed.co.uk POBox36504W45WQ 150p",eerie nokia tone u rply tone title   eg tone dracula   titles ghost addamsfa munster exorcist twilight wwwgetzedcouk poboxwwq p
ham,"You have come into my life and brought the sun ..Shiny down on me, warming my heart. Putting a constant smile on my face ... Making me feel loved and cared for",come life bring sun shiny warm heart put constant smile face   make feel loved care
ham,"No shit, but I wasn't that surprised, so I went and spent the evening with that french guy I met in town here and we fooled around a bit but I didn't let him fuck me",shit not surprised go spend evening french guy meet town fool bit not let fuck
spam,"0A$NETWORKS allow companies to bill for SMS, so they are responsible for their \suppliers\""",anetworks allow company bill sms responsible supplier
ham,Great comedy..cant stop laughing da:),great comedycant stop laugh da
spam,FreeMsg:Feelin kinda lnly hope u like 2 keep me company! Jst got a cam moby wanna c my pic?Txt or reply DATE to 82242 Msg150p 2rcv Hlp 08712317606 stop to 82242,freemsgfeelin kinda lnly hope u like   company jst get cam moby wanna c pictxt reply date   msgp rcv hlp   stop
ham,"Alright, we're all set here, text the man",alright set text man
ham,"Hi , where are you? We're at  and they're not keen to go out i kind of am but feel i shouldn't so can we go out tomo, don't mind do you?",hi     keen kind feel not tomo not mind
ham,Sleeping nt feeling well,sleep not feel
ham,U WILL SWITCH YOUR FONE ON DAMMIT!!,u switch fone dammit
ham,India have to take lead:),india lead
ham,I.ll post her out l8r. In class,ill post lr class
ham,Thts wat Wright Brother did to fly..,tht wat wright brother fly
ham,"Evening * v good if somewhat event laden. Will fill you in, don't you worry Û_ Head * ok but throat * wrecked. See you at six then!",evening   v good somewhat event laden fill not worry   head   ok throat   wreck
ham,If u laugh really loud.. If u talk spontaneously.. If u dont care what others feel.. U are probably with your dear &amp; best friends.. GOODEVENING Dear..:),u laugh loud u talk spontaneously u not care feel u probably dear amp good friend goodevene dear
ham,ITS A LAPTOP TAKE IT WITH YOU.,laptop
ham,I dont have any of your file in my bag..i was in work when you called me.i 'll tell you if i find anything in my room.,not file bagi work call mei ll tell find room
ham,I wan but too early lei... Me outside now wun b home so early... Neva mind then...,wan early lei outside wun b home early neva mind
spam,"For ur chance to win a å£250 cash every wk TXT: ACTION to 80608. T's&C's www.movietrivia.tv custcare 08712405022, 1x150p/wk",ur chance win   cash wk txt action   tscs wwwmovietriviatv custcare   xpwk
ham,I was at bugis juz now wat... But now i'm walking home oredi... ÌÏ so late then reply... I oso saw a top dat i like but din buy... Where r Ì_ now? ,bugis juz wat m walk home oredi   late reply oso see dat like din buy r  
ham,"Wishing you and your family Merry \X\"" mas and HAPPY NEW Year in advance..""",wish family merry x mas happy new year advance
ham,At 7 we will go ok na.,  ok na
ham,Yes I posted a couple of pics on fb. There's still snow outside too. I'm just waking up :),yes post couple pic fb s snow outside m wake
ham,S:-)if we have one good partnership going we will take lead:),sif good partnership go lead
spam,RGENT! This is the 2nd attempt to contact U!U have WON å£1250 CALL 09071512433 b4 050703 T&CsBCM4235WC1N3XX. callcost 150ppm mobilesvary. maxå£7. 50,rgent nd attempt contact uu win     b   tcsbcmwcnxx callcost ppm mobilesvary max
ham,"Yeah, where's your class at?",yeah s class
ham,No just send to you. Bec you in temple na.,send bec temple na
ham,"You aren't coming home between class, right? I need to work out and shower!",not come home class right need work shower
spam,Hi if ur lookin 4 saucy daytime fun wiv busty married woman Am free all next week Chat now 2 sort time 09099726429 JANINExx Callså£1/minMobsmoreLKPOBOX177HP51FL,hi ur lookin   saucy daytime fun wiv busty married woman free week chat   sort time   janinexx callsminmobsmorelkpoboxhpfl
ham,S but mostly not like that.,s like
ham,ÌÏ v ma fan...,  v ma fan
ham,Dunno cos i was v late n when i reach they inside already... But we ate spageddies lor... It's e gals who r laughing at me lor...,dunno cos v late n reach inside eat spageddie lor e gal r laugh lor
ham,Guess who spent all last night phasing in and out of the fourth dimension,guess spend night phase fourth dimension
ham,So now my dad is gonna call after he gets out of work and ask all these crazy questions.,dad go to get work ask crazy question
ham,"Yes..but they said its IT.,",yesbut say
ham,Very hurting n meaningful lines ever: \I compromised everything for my love,hurt n meaningful line compromise love
ham,Lmao!nice 1,lmaonice
ham,Glad to see your reply.,glad reply
spam,URGENT! We are trying to contact U. Todays draw shows that you have won a å£800 prize GUARANTEED. Call 09050001295 from land line. Claim A21. Valid 12hrs only,urgent try contact u todays draw show win   prize guarantee   land line claim valid hrs
spam,Monthly password for wap. mobsi.com is 391784. Use your wap phone not PC.,monthly password wap mobsicom   use wap phone pc
ham,Nah dub but je still buff,nah dub je buff
ham,Painful words- \I thought being Happy was the most toughest thing on Earth... But,painful word think happy tough thing earth
ham,"Yeah, that's fine! It's å£6 to get in, is that ok? ",yeah s fine   ok
ham,Lol where do u come up with these ideas?,lol u come idea
ham,"So many people seems to be special at first sight, But only very few will remain special to you till your last sight.. Maintain them till life ends.. Sh!jas",people special sight remain special till sight maintain till life end shjas
ham,"Today is \song dedicated day..\"" Which song will u dedicate for me? Send this to all ur valuable frnds but first rply me...""",today song dedicated day song u dedicate send ur valuable frnd rply
ham,Okay... We wait ah,okay wait ah
ham,Y lei?,y lei
ham,HI BABE U R MOST LIKELY TO BE IN BED BUT IM SO SORRY ABOUT TONIGHT! I REALLY WANNA SEE U TOMORROW SO CALL ME AT 9. LOVE ME XXX,hi babe u r likely bed m sorry tonight wanna u tomorrow   love xxx
ham,Already am squatting is the new way of walking,squat new way walk
ham,Do you want bold 2 or bb torch,want bold   bb torch
ham,Cramps stopped. Going back to sleep,cramp stop go sleep
spam,todays vodafone numbers ending with 0089(my last four digits) are selected to received a å£350 award. If your number matches please call 09063442151 to claim your å£350 award,todays vodafone number end digit select received   award number match   claim   award
spam,Free Top ringtone -sub to weekly ringtone-get 1st week free-send SUBPOLY to 81618-?3 per week-stop sms-08718727870,free ringtone sub weekly ringtoneget st week freesend subpoly   weekstop sm
ham,Nan sonathaya soladha. Why boss?,nan sonathaya soladha boss
ham,Bring tat cd don forget,bring tat cd don forget
spam,Sunshine Quiz Wkly Q! Win a top Sony DVD player if u know which country the Algarve is in? Txt ansr to 82277. å£1.50 SP:Tyrone,sunshine quiz wkly q win sony dvd player u know country algarve txt ansr    sptyrone
ham,I don't know but I'm raping dudes at poker,not know m rap dude poker
ham,Weightloss! No more girl friends. Make loads of money on ebay or something. And give thanks to God.,weightloss girl friend load money ebay thank god
ham,Was gr8 to see that message. So when r u leaving? Congrats dear. What school and wat r ur plans.,gr message r u leave congrat dear school wat r ur plan
ham,ÌÏ eatin later but i'm eatin wif my frens now lei... ÌÏ going home first? ,  eatin later m eatin wif fren lei   go home
ham,Finish already... Yar they keep saying i mushy... I so embarrassed ok...,finish yar say mushy embarrassed ok
ham,"Sorry man, my stash ran dry last night and I can't pick up more until sunday",sorry man stash run dry night not pick sunday
ham,Hai priya are you right. What doctor said pa. Where are you.,hai priya right doctor say pa
spam,"Free msg. Sorry, a service you ordered from 81303 could not be delivered as you do not have sufficient credit. Please top up to receive the service.",free msg sorry service order   deliver sufficient credit receive service
ham,Ok...,ok
ham,Please ask mummy to call father,ask mummy father
ham,Can come my room but cannot come my house cos my house still messy... Haha...,come room come house cos house messy haha
ham,I have lost 10 kilos as of today!,lose   kilo today
ham,Just taste fish curry :-P,taste fish curry p
ham,What can i do? Might accidant tookplace between somewhere ghodbandar rd. Traffic moves slovely. So plz slip &amp; don't worry.,accidant tookplace ghodbandar rd traffic move slovely plz slip amp not worry
ham,Yun ah.now Ì_ wkg where?btw if Ì_ go nus sc. ÌÏ wana specialise in wad?,yun ahnow   wkg wherebtw   nus sc   wana specialise wad
ham,Yes! I am a one woman man! Please tell me your likes and dislikes in bed...,yes woman man tell like dislike bed
ham,Was doing my test earlier. I appreciate you. Will call you tomorrow.,test early appreciate tomorrow
ham,"How's my loverboy doing ? What does he do that keeps him from coming to his Queen, hmmm ? Doesn't he ache to speak to me ? Miss me desparately ?",s loverboy   keep come queen hmmm   not ache speak   miss desparately
ham,U meet other fren dun wan meet me ah... Muz b a guy rite...,u meet fren dun wan meet ah muz b guy rite
ham,"(No promises on when though, haven't even gotten dinner yet)",promise not get dinner
ham,I got your back! Do you have any dislikes in bed?,get dislike bed
ham,o turns out i had stereo love on mi phone under the unknown album.,o turn stereo love mi phone unknown album
spam,Hard LIVE 121 chat just 60p/min. Choose your girl and connect LIVE. Call 09094646899 now! Cheap Chat UK's biggest live service. VU BCM1896WC1N3XX,hard live   chat pmin choose girl connect live   cheap chat uks big live service vu bcmwcnxx
ham,Yeah I don't see why not,yeah not
ham,Asking do u knw them or nt? May be ur frnds or classmates?,ask u knw not ur frnd classmate
ham,"Sorry about earlier. Putting out fires.Are you around to talk after 9? Or do you actually have a life, lol!",sorry early put firesare talk   actually life lol
spam,WOW! The Boys R Back. TAKE THAT 2007 UK Tour. Win VIP Tickets & pre-book with VIP Club. Txt CLUB to 81303. Trackmarque Ltd info@vipclub4u.,wow boy r   uk tour win vip ticket   prebook vip club txt club   trackmarque ltd infovipclubu
ham,"As in missionary hook up, doggy hook up, standing...|",missionary hook doggy hook stand
ham,Then u better go sleep.. Dun disturb u liao.. U wake up then msg me lor..,u well sleep dun disturb u liao u wake msg lor
ham,"Fighting with the world is easy, u either win or lose bt fightng with some1 who is close to u is dificult if u lose - u lose if u win - u still lose.",fight world easy u win lose bt fightng close u dificult u lose   u lose u win   u lose
ham,Am watching house ÛÒ very entertaining ÛÒ am getting the whole hugh laurie thing ÛÒ even with the stick ÛÒ indeed especially with the stick.,watch house   entertaining   get hugh laurie thing   stick   especially stick
ham,Thought praps you meant another one. Goodo! I'll look tomorrow ,thought prap mean goodo ill look tomorrow
ham,"Hi Jon, Pete here, Ive bin 2 Spain recently & hav sum dinero left, Bill said u or ur åÔrents mayb interested in it, I hav 12,000pes, so around å£48, tb, James.",hi jon pete ve bin   spain recently   hav sum dinero leave bill say u ur rent mayb interested hav pe   tb james
ham,There bold 2  &lt;#&gt; . Is that yours,bold    ltgt  
ham,You know there is. I shall speak to you in  &lt;#&gt;  minutes then,know shall speak   ltgt   minute
ham,"\ALRITE HUNNY!WOT U UP 2 2NITE? DIDNT END UP GOIN DOWN TOWN JUS DA PUB INSTEAD! JUS CHILLIN AT DA MO IN ME BEDROOM!LOVE JEN XXX.\""""",alrite hunnywot u   nite not end goin town jus da pub instead ju chillin da mo bedroomlove jen xxx
ham,I went to project centre,go project centre
ham,As per your request 'Maangalyam (Alaipayuthe)' has been set as your callertune for all Callers. Press *9 to copy your friends Callertune,request maangalyam alaipayuthe set callertune caller press   copy friend callertune
ham,Lol yeah at this point I guess not,lol yeah point guess
ham,Doing project w frens lor. ,project w frens lor
ham,Lol. Well quality aint bad at all so i aint complaining,lol quality be not bad be not complain
ham,"K, can that happen tonight?",k happen tonight
spam,"Hi, this is Mandy Sullivan calling from HOTMIX FM...you are chosen to receive å£5000.00 in our Easter Prize draw.....Please telephone 09041940223 to claim before 29/03/05 or your prize will be transferred to someone else....",hi mandy sullivan call hotmix fmyou choose receive   easter prize drawplease telephone   claim   prize transfer
ham,"I think we're going to finn's now, come",think go finn come
ham,Why tired what special there you had,tired special
ham,I will come tomorrow di,come tomorrow di
ham,I cant pick the phone right now. Pls send a message,not pick phone right pls send message
ham,K go and sleep well. Take rest:-).,k sleep rest
ham,U guys never invite me anywhere :(,u guy invite
spam,UR GOING 2 BAHAMAS! CallFREEFONE 08081560665 and speak to a live operator to claim either Bahamas cruise ofå£2000 CASH 18+only. To opt out txt X to 07786200117,ur go   bahama callfreefone   speak live operator claim bahama cruise cash opt txt x
ham,I can do that! I want to please you both inside and outside the bedroom...,want inside outside bedroom
ham,"\EY! CALM DOWNON THEACUSATIONS.. ITXT U COS IWANA KNOW WOTU R DOIN AT THEW/END... HAVENTCN U IN AGES..RING ME IF UR UP4 NETHING SAT.LOVE J XXX.\""""",ey calm downon theacusation itxt u cos iwana know wotu r doin thewend haventcn u agesre ur nething satlove j xxx
ham,I love to wine and dine my lady!,love wine dine lady
spam,Someone has conacted our dating service and entered your phone because they fancy you!To find out who it is call from landline 09111030116. PoBox12n146tf15,conacte date service enter phone fancy youto find landline   poboxntf
ham,"IåÕm cool ta luv but v.tired 2 cause i have been doin loads of planning all wk, we have got our social services inspection at the nursery! Take care & spk sn x.",m cool ta luv vtire   cause doin load plan wk get social service inspection nursery care   spk sn x
ham,I don know account details..i will ask my mom and send you.my mom is out of reach now.,don know account detailsi ask mom send youmy mom reach
ham,I think u have the wrong number.,think u wrong number
ham,Feel Yourself That You Are Always Happy.. Slowly It Becomes Your Habit &amp; Finally It Becomes Part Of Your Life.. Follow It.. Happy Morning &amp; Have A Happy Day:),feel happy slowly habit amp finally life follow happy morning amp happy day
ham,DO NOT B LATE LOVE MUM,b late love mum
ham,Got it..mail panren paru..,get itmail panren paru
ham,* Was thinking about chuckin ur red green n black trainners 2 save carryin them bac on train,  think chuckin ur red green n black trainner   save carryin bac train
ham,Give one miss from that number please,miss number
ham,Jus came back fr lunch wif my sis only. U leh?,jus come fr lunch wif sis u leh
ham,How is your schedule next week? I am out of town this weekend.,schedule week town weekend
ham,Really good:)dhanush rocks once again:),gooddhanush rock
ham,Lmao ok I wont be needing u to do my hair anymore.,lmao ok will not need u hair anymore
ham,"Miss ya, need ya, want ya, love ya.",miss ya need ya want ya love ya
ham,Sorry i'm not free...,sorry m free
ham,Do u ever get a song stuck in your head for no reason and it won't go away til u listen to it like 5 times?,u song stick head reason will not away til u listen like   time
ham,Nt yet chikku..simple habba..hw abt u?,not chikkusimple habbahw abt u
ham,"Got ur mail Dileep.thank you so muchand look forward to lots of support...very less contacts here,remember one venugopal you mentioned.tomorrow if not late,i shall try to come up till there.goodnight dear.",get ur mail dileepthank muchand look forward lot supportvery contact hereremember venugopal mentionedtomorrow latei shall try come till theregoodnight dear
ham,Sometimes Heart Remembrs someone Very much... Forgets someone soon... Bcoz Heart will not like everyone. But liked ones will be Remembered Everytime... BSLVYL,heart remembr forget soon bcoz heart like like one remember everytime bslvyl
ham,Joy's father is John. Then John is the NAME of Joy's father. Mandan,joys father john john joys father mandan
spam,Hi 07734396839 IBH Customer Loyalty Offer: The NEW NOKIA6600 Mobile from ONLY å£10 at TXTAUCTION!Txt word:START to No:81151 & get Yours Now!4T&,hi   ibh customer loyalty offer new nokia mobile   txtauctiontxt wordstart   nowt
ham,Hi this is yijue... It's regarding the 3230 textbook it's intro to algorithms second edition... I'm selling it for $50...,hi yijue   textbook intro algorithm second edition m sell
spam,SMS AUCTION You have won a Nokia 7250i. This is what you get when you win our FREE auction. To take part send Nokia to 86021 now. HG/Suite342/2Lands Row/W1JHL 16+,sm auction win nokia win free auction send nokia   hgsuiteland rowwjhl
ham,"K, want us to come by now?",k want come
ham,How. Its a little difficult but its a simple way to enter this place,little difficult simple way enter place
ham,Ha... Both of us doing e same thing. But i got tv 2 watch. U can thk of where 2 go tonight or u already haf smth in mind...,ha e thing get tv   watch u thk   tonight u haf smth mind
ham,Dont show yourself. How far. Put new pictures up on facebook.,not far new picture facebook
ham,Watching tv now. I got new job :),watch tv get new job
ham,"Good afternoon sexy buns! How goes the job search ? I wake and you are my first thought as always, my love. I wish your fine and happy and know I adore you!",good afternoon sexy bun go job search   wake thought love wish fine happy know adore
ham,"I'm not coming over, do whatever you want",m come want
ham,"Its ok chikku, and its my 1 of favourite song..:-)",ok chikku   favourite song
ham,Did u see what I posted on your Facebook?,u post facebook
spam,Call FREEPHONE 0800 542 0578 now!,freephone    
spam,Buy Space Invaders 4 a chance 2 win orig Arcade Game console. Press 0 for Games Arcade (std WAP charge) See o2.co.uk/games 4 Terms + settings. No purchase,buy space invader   chance   win orig arcade game console press   game arcade std wap charge ocoukgame   term   setting purchase
ham,"7 wonders in My WORLD 7th You 6th Ur style 5th Ur smile 4th Ur Personality 3rd Ur Nature 2nd Ur SMS and 1st \Ur Lovely Friendship\""... good morning dear""",  wonder world th th ur style th ur smile th ur personality rd ur nature nd ur sms st ur lovely friendship good morning dear
spam,"Loan for any purpose å£500 - å£75,000. Homeowners + Tenants welcome. Have you been previously refused? We can still help. Call Free 0800 1956669 or text back 'help'",loan purpose     homeowner   tenant welcome previously refuse help free    text help
spam,BIG BROTHER ALERT! The computer has selected u for 10k cash or #150 voucher. Call 09064018838. NTT PO Box CRO1327 18+ BT Landline Cost 150ppm mobiles vary,big brother alert computer select u k cash   voucher   ntt po box cro   bt landline cost ppm mobile vary
ham,";-( oh well, c u later",  oh c u later
ham,My uncles in Atlanta. Wish you guys a great semester.,uncle atlanta wish guy great semester
ham,No dear i do have free messages without any recharge. Hi hi hi,dear free message recharge hi hi hi
ham,"Dont search love, let love find U. Thats why its called falling in love, bcoz U dont force yourself, U just fall and U know there is smeone to hold U... BSLVYL",not search love let love find u s call fall love bcoz u not force u fall u know smeone hold u bslvyl
ham,I dun believe u. I thk u told him.,dun believe u thk u tell
ham,"Do you know why god created gap between your fingers..? So that, One who is made for you comes &amp; fills those gaps by holding your hand with LOVE..!",know god create gap finger come amp fill gap hold hand love
ham,Yes:)sura in sun tv.:)lol.,yessura sun tvlol
ham,Arun can u transfr me d amt,arun u transfr d amt
ham,Takin a shower now but yeah I'll leave when I'm done,takin shower yeah ill leave m
ham,Am not working but am up to eyes in philosophy so will text u later when a bit more free for chat...,work eye philosophy text u later bit free chat
ham,U havenåÕt lost me ill always b here 4u.i didnåÕt intend 2 hurt u but I never knew how u felt about me when Iwas+marine&thatåÕs what itried2tell urmom.i careabout u,u not lose ill b ui not intend   hurt u know u feel iwasmarinethat itriedtell urmomi careabout u
spam,"WIN: We have a winner! Mr. T. Foley won an iPod! More exciting prizes soon, so keep an eye on ur mobile or visit www.win-82050.co.uk",win winner mr t foley win ipod exciting prize soon eye ur mobile visit wwwwincouk
ham,You bad girl. I can still remember them,bad girl remember
ham,How much i gave to you. Morning.,give morning
ham,"I hope your alright babe? I worry that you might have felt a bit desparate when you learned the job was a fake ? I am here waiting when you come back, my love",hope alright babe worry feel bit desparate learn job fake   wait come love
ham,"Hey, can you tell me blake's address? Carlos wanted me to meet him there but I got lost and he's not answering his phone",hey tell blake address carlos want meet get lose s answer phone
ham,Can i get your opinion on something first?,opinion
ham,That one week leave i put know that time. Why.,week leave know time
ham,"If we hit it off, you can move in with me :)",hit
ham,excellent. I spent  &lt;#&gt;  years in the Air Force. Iraq and afghanistan. I am stable and honest. do you like traveling?,excellent spend   ltgt   year air force iraq afghanistan stable honest like travel
ham,I wanna watch that movie,wanna watch movie
ham,Ok lor thanx... ÌÏ in school?,ok lor thanx   school
ham,I'm in class. Did you get my text.,m class text
ham,The bus leaves at  &lt;#&gt; ,bus leave   ltgt
ham,God bless.get good sleep my dear...i will pray!,god blessget good sleep deari pray
spam,Todays Voda numbers ending 1225 are selected to receive a å£50award. If you have a match please call 08712300220 quoting claim code 3100 standard rates app ,todays voda number end   select receive award match   quote claim code   standard rate app
ham,Do have a nice day today. I love you so dearly.,nice day today love dearly
ham,Aiyo a bit pai seh Ì_ noe... Scared he dun rem who i am then die... Hee... But he become better lookin oredi leh...,aiyo bit pai seh   noe scared dun rem die hee well lookin oredi leh
ham,"Aight, I'll ask a few of my roommates",aight ill ask roommate
ham,"Now, whats your house # again ? And do you have any beer there ?",s house     beer
ham,Do Ì_ all wan 2 meet up n combine all the parts? How's da rest of da project going?,  wan   meet n combine part s da rest da project go
ham,"\Getting tickets 4 walsall tue 6 th march. My mate is getting me them on sat. ill pay my treat. Want 2 go. Txt bak .Terry\""""",get ticket   walsall tue   th march mate get sat ill pay treat want   txt bak terry
ham,Yes we are chatting too.,yes chat
ham,HI ITS JESS I DONT KNOW IF YOU ARE AT WORK BUT CALL ME WHEN U CAN IM AT HOME ALL EVE. XXX,hi jess not know work u m home eve xxx
ham,Sian... Aft meeting supervisor got work 2 do liao... U working now?,sian aft meeting supervisor get work   liao u work
ham,Are you going to write ccna exam this week??,go write ccna exam week
ham,Well i will watch shrek in 3D!!B),watch shrek db
ham,Am i that much dirty fellow?,dirty fellow
ham,Dunno dat's wat he told me. Ok lor...,dunno dat wat tell ok lor
ham,I'll probably be by tomorrow (or even later tonight if something's going on),ill probably tomorrow later tonight something go
ham,I couldn't say no as he is a dying man and I feel sad for him so I will go and I just wanted you to know I would probably be gone late into your night,not die man feel sad want know probably go late night
ham,If you're thinking of lifting me one then no.,think lift
ham,Same as u... Dun wan... Y u dun like me already ah... Wat u doing now? Still eating?,u dun wan y u dun like ah wat u eat
ham,Sent me ur email id soon,send ur email d soon
ham,Wat makes some people dearer is not just de happiness dat u feel when u meet them but de pain u feel when u miss dem!!!,wat make people dearer de happiness dat u feel u meet de pain u feel u miss dem
ham,"Dude. What's up. How Teresa. Hope you have been okay. When i didnt hear from these people, i called them and they had received the package since dec  &lt;#&gt; . Just thot you'ld like to know. Do have a fantastic year and all the best with your reading. Plus if you can really really Bam first aid for Usmle, then your work is done.",dude s teresa hope okay not hear people call receive package dec   ltgt   thot yould like know fantastic year good reading plus bam aid usmle work
ham,Hey gorgeous man. My work mobile number is. Have a good one babe. Squishy Mwahs.,hey gorgeous man work mobile number good babe squishy mwah
ham,May i call You later Pls,later pls
spam,"Hottest pics straight to your phone!! See me getting Wet and Wanting, just for you xx Text PICS to 89555 now! txt costs 150p textoperator g696ga 18 XxX",hot pic straight phone get wet want xx text pic   txt cost p textoperator gga   xxx
ham,That's the way you should stay oh.,s way stay oh
ham,Hello- thanx for taking that call. I got a job! Starts on monday!,hello thanx take get job start monday
ham,What time is ur flight tmr?,time ur flight tmr
ham,When should I come over?,come
ham,I have a rather prominent bite mark on my right cheek,prominent bite mark right cheek
ham,* Will be september by then!,  september
ham,Are you wet right now?,wet right
ham,And how's your husband.,s husband
spam,"Hack Chat. Get backdoor entry into 121 chat rooms at a fraction of the cost. Reply NEO69 or call 09050280520, to subscribe 25p pm. DPS, Bcm box 8027 Ldn, wc1n3xx",hack chat backdoor entry   chat room fraction cost reply neo   subscribe p pm dps bcm box   ldn wcnxx
ham,Are we doing the norm tomorrow? I finish just a 4.15 cos of st tests. Need to sort library stuff out at some point tomo - got letter from today - access til end march so i better get move on!,norm tomorrow finish   cos st test need sort library stuff point tomo   get letter today   access til end march well
ham,Yeah. I got a list with only u and Joanna if I'm feeling really anti social,yeah get list u joanna m feel anti social
ham,I am in your office na.,office na
ham,"\Are you comingdown later?\""""",comingdown later
ham,Super da:)good replacement for murali,super dagood replacement murali
ham,Da is good good player.why he is unsold.,da good good playerwhy unsold
ham,Hi. || Do u want | to join me with sts later? || Meeting them at five. || Call u after class.,hi   u want   join st later   meet   u class
ham,Its on in engalnd! But telly has decided it won't let me watch it and mia and elliot were kissing! Damn it!,engalnd telly decide will not let watch mia elliot kiss damn
spam,"FREE NOKIA Or Motorola with upto 12mths 1/2price linerental, 500 FREE x-net mins&100txt/mth FREE B'tooth*. Call Mobileupd8 on 08001950382 or call 2optout/D3WV",free nokia motorola upto mth price linerental   free xnet minstxtmth free btooth mobileupd   optoutdwv
ham,I dont want to hear philosophy. Just say what happen,not want hear philosophy happen
ham,You got job in wipro:)you will get every thing in life in 2 or 3 years.,get job wiproyou thing life     year
ham,Then cant get da laptop? My matric card wif Ì_ lei... ,not da laptop matric card wif   lei
ham,Dunno da next show aft 6 is 850. Toa payoh got 650.,dunno da aft     toa payoh get
spam,"This is the 2nd time we have tried 2 contact u. U have won the 750 Pound prize. 2 claim is easy, call 08718726970 NOW! Only 10p per min. BT-national-rate ",nd time try   contact u u win   pound prize   claim easy   p min btnationalrate
ham,I just made some payments so dont have that much. Sorry. Would you want it fedex or the other way.,payment not sorry want fedex way
ham,They did't play one day last year know even though they have very good team.. Like india.,didt play day year know good team like india
ham,K.:)you are the only girl waiting in reception ah?,kyou girl wait reception ah
ham,"Say this slowly.? GOD,I LOVE YOU &amp; I NEED YOU,CLEAN MY HEART WITH YOUR BLOOD.Send this to Ten special people &amp; u c miracle tomorrow, do it,pls,pls do it...",slowly godi love amp need youclean heart bloodsend special people amp u c miracle tomorrow itplspls
ham,I hate when she does this. She turns what should be a fun shopping trip into an annoying day of how everything would look in her house.,hate turn fun shopping trip annoying day look house
ham,"Sir, i am waiting for your call.",sir wait
ham,What's up. Do you want me to come online?,s want come online
ham,"It could work, we'll reach a consensus at the next meeting",work reach consensus meeting
ham,Aiyah then i wait lor. Then u entertain me. Hee...,aiyah wait lor u entertain hee
ham,"The last thing i ever wanted to do was hurt you. And i didn't think it would have. You'd laugh, be embarassed, delete the tag and keep going. But as far as i knew, it wasn't even up. The fact that you even felt like i would do it to hurt you shows you really don't know me at all. It was messy wednesday, but it wasn't bad. The problem i have with it is you HAVE the time to clean it, but you choose not to. You skype, you take pictures, you sleep, you want to go out. I don't mind a few things here and there, but when you don't make the bed, when you throw laundry on top of it, when i can't have a friend in the house because i'm embarassed that there's underwear and bras strewn on the bed, pillows on the floor, that's something else. You used to be good about at least making the bed.",thing want hurt not think d laugh embarasse delete tag go far know not fact feel like hurt show not know messy wednesday not bad problem time clean choose skype picture sleep want not mind thing not bed throw laundry not friend house m embarasse s underwear bras strew bed pillow floor s good make bed
ham,I'll let you know when it kicks in,ill let know kick
ham,You call him now ok i said call him,ok say
ham,Call to the number which is available in appointment. And ask to connect the call to waheed fathima.,number available appointment ask connect waheed fathima
ham,Or Ì_ go buy wif him then i meet Ì_ later can?,  buy wif meet   later
ham,Mmmm ... Fuck ... Not fair ! You know my weaknesses ! *grins* *pushes you to your knee's* *exposes my belly and pulls your head to it* Don't forget ... I know yours too *wicked smile*,mmmm   fuck   fair   know weakness   grin push knee expose belly pull head not forget   know wicked smile
ham,Today my system sh get ready.all is well and i am also in the deep well,today system sh readyall deep
ham,Mom wants to know where you at,mom want know
ham,"Aight, I'll text you when I'm back",aight ill text m
ham,Dont know supports ass and srt i thnk. I think ps3 can play through usb too,not know support ass srt thnk think ps play usb
ham,Oh ok i didnt know what you meant. Yep i am baby jontin,oh ok not know mean yep baby jontin
spam,You have WON a guaranteed å£1000 cash or a å£2000 prize.To claim yr prize call our customer service representative on,win guarantee   cash   prizeto claim yr prize customer service representative
spam,Would you like to see my XXX pics they are so hot they were nearly banned in the uk!,like xxx pic hot nearly ban uk
spam,HMV BONUS SPECIAL 500 pounds of genuine HMV vouchers to be won. Just answer 4 easy questions. Play Now! Send HMV to 86688 More info:www.100percent-real.com,hmv bonus special   pound genuine hmv voucher win answer   easy question play send hmv   infowwwpercentrealcom
ham,Watching tv now. I got new job :),watch tv get new job
ham,This pen thing is beyond a joke. Wont a Biro do? Don't do a masters as can't do this ever again! ,pen thing joke will not biro not master not
ham,I AM AT A PARTY WITH ALEX NICHOLS,party alex nichols
spam,U have a secret admirer who is looking 2 make contact with U-find out who they R*reveal who thinks UR so special-call on 09058094594,u secret admirer look   contact ufind rreveal think ur specialcall
ham,Just seeing your missed call my dear brother. Do have a gr8 day.,see miss dear brother gr day
ham,Ok.. ÌÏ finishing soon?,ok   finish soon
ham,"Sorry, I can't help you on this.",sorry not help
ham,"Come to me, slave. Your doing it again ... Going into your shell and unconsciously avoiding me ... You are making me unhappy :-(",come slave   go shell unconsciously avoid   make unhappy
ham,I love your ass! Do you enjoy doggy style? :),love ass enjoy doggy style
ham,I think asking for a gym is the excuse for lazy people. I jog.,think ask gym excuse lazy people jog
spam,Dear 0776xxxxxxx U've been invited to XCHAT. This is our final attempt to contact u! Txt CHAT to 86688 150p/MsgrcvdHG/Suite342/2Lands/Row/W1J6HL LDN 18yrs ,dear xxxxxxx uve invite xchat final attempt contact u txt chat   pmsgrcvdhgsuitelandsrowwjhl ldn yrs
spam,Urgent! Please call 09061743811 from landline. Your ABTA complimentary 4* Tenerife Holiday or å£5000 cash await collection SAE T&Cs Box 326 CW25WX 150ppm,urgent   landline abta complimentary   tenerife holiday   cash await collection sae tcs box   cwwx ppm
ham,No. On the way home. So if not for the long dry spell the season would have been over,way home long dry spell season
ham,I gotta collect da car at 6 lei.,get to collect da car   lei
ham,Ok but knackered. Just came home and went to sleep! Not good at this full time work lark.,ok knackere come home go sleep good time work lark
ham,Probably earlier than that if the station's where I think it is,probably early station think
spam,CALL 09090900040 & LISTEN TO EXTREME DIRTY LIVE CHAT GOING ON IN THE OFFICE RIGHT NOW TOTAL PRIVACY NO ONE KNOWS YOUR [sic] LISTENING 60P MIN 24/7MP 0870753331018+,   listen extreme dirty live chat go office right total privacy know sic listen p min mp
ham,Good Morning plz call me sir,good morning plz sir
spam,"FreeMsg Hey U, i just got 1 of these video/pic fones, reply WILD to this txt & ill send U my pics, hurry up Im so bored at work xxx (18 150p/rcvd STOP2stop)",freemsg hey u get   videopic fone reply wild txt   ill send u pic hurry m bored work xxx   prcvd stopstop
ham,"Uh, heads up we don't have THAT much left",uh head not left
ham,I tot u outside cos darren say u come shopping. Of course we nice wat. We jus went sim lim look at mp3 player.,tot u outside cos darren u come shop course nice wat jus go sim lim look mp player
ham,"Aight, sounds good. When do you want me to come down?",aight sound good want come
ham,Wat would u like 4 ur birthday?,wat u like   ur birthday
ham,I love working from home :),love work home
ham,And miss vday the parachute and double coins??? U must not know me very well...,miss vday parachute double coin u know
ham,"Sorry, I'll call later",sorry ill later
ham,My sister got placed in birla soft da:-),sister get place birla soft da
spam,Free entry in 2 a weekly comp for a chance to win an ipod. Txt POD to 80182 to get entry (std txt rate) T&C's apply 08452810073 for details 18+,free entry   weekly comp chance win ipod txt pod   entry std txt rate tcs apply   detail
ham,Wah... Okie okie... Muz make use of e unlimited... Haha... ,wah okie okie muz use e unlimited haha
ham,"There're some people by mu, I'm at the table by lambda",people mu m table lambda
ham,And stop being an old man. You get to build snowman snow angels and snowball fights.,stop old man build snowman snow angel snowball fight
ham,ELLO BABE U OK?,ello babe u ok
ham,Hello beautiful r u ok? I've kinda ad a row wiv and he walked out the pub?? I wanted a night wiv u Miss u ,hello beautiful r u ok ve kinda ad row wiv walk pub want night wiv u miss u
ham,Then u going ikea str aft dat?,u go ikea str aft dat
ham,Becoz its  &lt;#&gt;  jan whn al the post ofice is in holiday so she cn go fr the post ofice...got it duffer,becoz   ltgt   jan whn al post ofice holiday cn fr post oficegot duffer
ham,Lol grr my mom is taking forever with my prescription. Pharmacy is like 2 minutes away. Ugh.,lol grr mom take forever prescription pharmacy like   minute away ugh
ham,For real tho this sucks. I can't even cook my whole electricity is out. And I'm hungry.,real tho suck not cook electricity m hungry
ham,You want to go? ,want
spam,New TEXTBUDDY Chat 2 horny guys in ur area 4 just 25p Free 2 receive Search postcode or at gaytextbuddy.com. TXT ONE name to 89693. 08715500022 rpl Stop 2 cnl,new textbuddy chat   horny guy ur area   p free   receive search postcode gaytextbuddycom txt    rpl stop   cnl
ham,Its not that time of the month nor mid of the time?,time month mid time
ham,Fffff. Can you text kadeem or are you too far gone,fffff text kadeem far go
ham,We not leaving yet. Ok lor then we go elsewhere n eat. U thk...,leave ok lor n eat u thk
ham,Is fujitsu s series lifebook good?,fujitsu s series lifebook good
ham,Yar i wanted 2 scold u yest but late already... I where got zhong se qing you? If u ask me b4 he ask me then i'll go out w u all lor. N u still can act so real.,yar want   scold u y late get zhong se qe u ask b ask ill w u lor n u act real
ham,Dont know you bring some food,not know bring food
ham,No current and food here. I am alone also,current food
ham,I'll be in sch fr 4-6... I dun haf da book in sch... It's at home...,ill sch fr   dun haf da book sch home
ham,Hello. They are going to the village pub at 8 so either come here or there accordingly. Ok?,hello go village pub   come accordingly ok
ham,Ok,ok
ham,We don call like  &lt;#&gt;  times oh. No give us hypertension oh.,don like   ltgt   time oh hypertension oh
ham,"Dont give a monkeys wot they think and i certainly don't mind. Any friend of mine&all that! Just don't sleep wiv , that wud be annoyin!",not monkey wot think certainly not mind friend mineall not sleep wiv   wud annoyin
ham,Omg it could snow here tonite!,omg snow tonite
spam,Call from 08702490080 - tells u 2 call 09066358152 to claim å£5000 prize. U have 2 enter all ur mobile & personal details @ the prompts. Careful!,   tell u     claim   prize u   enter ur mobile   personal detail   prompt careful
spam,Free 1st week entry 2 TEXTPOD 4 a chance 2 win 40GB iPod or å£250 cash every wk. Txt VPOD to 81303 Ts&Cs www.textpod.net custcare 08712405020.,free st week entry   textpod   chance   win gb ipod   cash wk txt vpod   tscs wwwtextpodnet custcare
ham,Carry on not disturbing both of you,carry disturb
ham,What pa tell me.. I went to bath:-),pa tell go bath
ham,Jus finished avatar nigro,jus finish avatar nigro
ham,R u over scratching it?,r u scratch
ham,Hope you are having a great day.,hope have great day
ham,Did either of you have any idea's? Do you know of anyplaces doing something?,idea know anyplace
ham,My planning usually stops at \find hella weed,planning usually stop find hella weed
ham,The fact that you're cleaning shows you know why i'm upset. Your priority is constantly \what i want to do,fact clean show know m upset priority constantly want
ham,Excellent! Are you ready to moan and scream in ecstasy?,excellent ready moan scream ecstasy
spam,More people are dogging in your area now. Call 09090204448 and join like minded guys. Why not arrange 1 yourself. There's 1 this evening. Aå£1.50 minAPN LS278BB,people dog area   join like minded guy arrange   s   evening minapn lsbb
ham,Dude avatar 3d was imp. At one point i thought there were actually flies in the room and almost tried hittng one as a reflex,dude avatar d imp point think actually fly room try hittng reflex
spam,"WELL DONE! Your 4* Costa Del Sol Holiday or å£5000 await collection. Call 09050090044 Now toClaim. SAE, TCs, POBox334, Stockport, SK38xh, Costå£1.50/pm, Max10mins",  costa del sol holiday   await collection   toclaim sae tcs pobox stockport skxh costpm maxmin
ham,K...k:)why cant you come here and search job:),kkwhy not come search job
ham,I got lousy sleep. I kept waking up every 2 hours to see if my cat wanted to come in. I worry about him when its cold :(,get lousy sleep keep wake   hour cat want come worry cold
ham,"Yeah, I'll leave in a couple minutes &amp; let you know when I get to mu",yeah ill leave couple minute amp let know mu
ham,Can Ì_ call me at 10:10 to make sure dat i've woken up...,    sure dat ve wake
ham,Hey we can go jazz power yoga hip hop kb and yogasana ,hey jazz power yoga hip hop kb yogasana
ham,The battery is for mr adewale my uncle. Aka Egbon,battery mr adewale uncle aka egbon
ham,I cant pick the phone right now. Pls send a message,not pick phone right pls send message
ham,Wait 2 min..stand at bus stop,wait   minstand bus stop
ham,Oh ic. I thought you meant mary jane.,oh ic think mean mary jane
ham,Haha... Really oh no... How? Then will they deduct your lesson tmr?,haha oh deduct lesson tmr
ham,Nah im goin 2 the wrks with j wot bout u?,nah m goin   wrk j wot bout u
ham,Then just eat a shit and wait for ur monkey face bitch.......... U asshole..................,eat shit wait ur monkey face bitch u asshole
ham,Good night. Am going to sleep.,good night go sleep
ham,"Aight I'll grab something to eat too, text me when you're back at mu",aight ill grab eat text mu
ham,K...k:)why cant you come here and search job:),kkwhy not come search job
ham,Take something for pain. If it moves however to any side in the next 6hrs see a doctor.,pain move hrs doctor
ham,"Lol ... Oh no babe, I wont be sliding into your place after midnight, but thanks for the invite",lol   oh babe will not slide place midnight thank invite
ham,Howz that persons story,howz person story
spam,Guess what! Somebody you know secretly fancies you! Wanna find out who it is? Give us a call on 09065394973 from Landline DATEBox1282EssexCM61XN 150p/min 18,guess somebody know secretly fancy wanna find   landline dateboxessexcmxn pmin
ham,LOL that would be awesome payback.,lol awesome payback
spam,it to 80488. Your 500 free text messages are valid until 31 December 2005.,    free text message valid   december
ham,Yes :)it completely in out of form:)clark also utter waste.,yes completely formclark utter waste
ham,"Honeybee Said: *I'm d Sweetest in d World* God Laughed &amp; Said: *Wait,U Havnt Met d Person Reading This Msg* MORAL: Even GOD Can Crack Jokes! GM+GN+GE+GN:)",honeybee say m d sweetest d world god laugh amp say waitu havnt meet d person read msg moral god crack joke gmgngegn
ham,Thanks. It was only from tescos but quite nice. All gone now. Speak soon ,thank tesco nice go speak soon
ham,What's a feathery bowa? Is that something guys have that I don't know about?,s feathery bowa guy not know
ham,Even i cant close my eyes you are in me our vava playing umma :-D,not close eye vava play umma d
ham,2 laptop... I noe infra but too slow lar... I wan fast one,  laptop noe infra slow lar wan fast
spam,You have won a guaranteed å£200 award or even å£1000 cashto claim UR award call free on 08000407165 (18+) 2 stop getstop on 88222 PHP,win guarantee   award   cashto claim ur award free     stop getstop   php
ham,Nvm it's ok...,nvm ok
ham,Enjoy ur life. . Good night,enjoy ur life   good night
ham,Yes but can we meet in town cos will go to gep and then home. You could text at bus stop. And don't worry we'll have finished by march Û_ ish!,yes meet town cos gep home text bus stop not worry finish march   ish
ham,I had askd u a question some hours before. Its answer,askd u question hour answer
ham,Thats cool. Where should i cum? On you or in you? :),s cool cum
ham,Delhi and chennai still silent.,delhi chennai silent
ham,Lol alright i was thinkin that too haha,lol alright thinkin haha
spam,Reply to win å£100 weekly! Where will the 2006 FIFA World Cup be held? Send STOP to 87239 to end service,reply win   weekly   fifa world cup hold send stop   end service
ham,No I'm in the same boat. Still here at my moms. Check me out on yo. I'm half naked.,m boat mom check yo m half naked
ham,Shhhhh nobody is supposed to know!,shhhhh suppose know
ham,"Sorry, I'll call later",sorry ill later
ham,"Sorry, I'll call later in meeting any thing related to trade please call Arul. &lt;#&gt; ",sorry ill later meet thing relate trade arul ltgt
ham,Hey i will be late... i'm at amk. Need to drink tea or coffee,hey late m amk need drink tea coffee
ham,I wnt to buy a BMW car urgently..its vry urgent.but hv a shortage of  &lt;#&gt; Lacs.there is no source to arng dis amt. &lt;#&gt; lacs..thats my prob,wnt buy bmw car urgentlyit vry urgentbut hv shortage   ltgt lacsthere source arng dis amt ltgt lacsthat prob
spam,Urgent! Please call 09061743810 from landline. Your ABTA complimentary 4* Tenerife Holiday or #5000 cash await collection SAE T&Cs Box 326 CW25WX 150 ppm,urgent   landline abta complimentary   tenerife holiday   cash await collection sae tcs box   cwwx   ppm
ham,The length is e same but e top shorter n i got a fringe now. I thk i'm not going liao. Too lazy. Dun wan 2 distract u also.,length e e short n get fringe thk m go liao lazy dun wan   distract u
ham,S..antha num corrct dane,santha num corrct dane
ham,No calls..messages..missed calls,callsmessagesmisse call
ham,"Sorry, I'll call later",sorry ill later
ham,The basket's gettin full so I might be by tonight,basket gettin tonight
ham,HI DARLIN IVE JUST GOT BACK AND I HAD A REALLY NICE NIGHT AND THANKS SO MUCH FOR THE LIFT SEE U TOMORROW XXX,hi darlin ve get nice night thank lift u tomorrow xxx
ham,No other Valentines huh? The proof is on your fb page. Ugh I'm so glad I really DIDN'T watch your rupaul show you TOOL!,valentine huh proof fb page ugh m glad not watch rupaul tool
spam,Free tones Hope you enjoyed your new content. text stop to 61610 to unsubscribe. help:08712400602450p Provided by tones2you.co.uk,free tone hope enjoy new content text stop   unsubscribe helpp provide tonesyoucouk
ham,Eh den sat u book e kb liao huh...,eh den sit u book e kb liao huh
ham,Have you been practising your curtsey?,practise curtsey
ham,Shall i come to get pickle,shall come pickle
ham,Lol boo I was hoping for a laugh,lol boo hop laugh
ham,\YEH I AM DEF UP4 SOMETHING SAT,yeh def sit
ham,"Well, I have to leave for my class babe ... You never came back to me ... :-( ... Hope you have a nice sleep, my love",leave class babe   come     hope nice sleep love
ham,LMAO where's your fish memory when I need it?,lmao s fish memory need
ham,But i'll b going 2 sch on mon. My sis need 2 take smth.,ill b go   sch mon sis need   smth
ham,Idea will soon get converted to live:),idea soon convert live
spam,TheMob>Yo yo yo-Here comes a new selection of hot downloads for our members to get for FREE! Just click & open the next link sent to ur fone...,themobyo yo yohere come new selection hot download member free click   open link send ur fone
ham,S....s...india going to draw the series after many years in south african soil..,ssindia go draw series year south african soil
ham,"Goodmorning, today i am late for  &lt;DECIMAL&gt; min.",goodmorning today late   ltdecimalgt min
ham,Can't take any major roles in community outreach. You rock mel,not major role community outreach rock mel
ham,Shopping lor. Them raining mah hard 2 leave orchard.,shopping lor rain mah hard   leave orchard
ham,Hi here. have birth at on the  to  at 8lb 7oz. Mother and baby doing brilliantly.,hi birth     lb oz mother baby brilliantly
ham,See the forwarding message for proof,forward message proof
ham,"I can't keep going through this. It was never my intention to run you out, but if you choose to do that rather than keep the room clean so *I* don't have to say no to visitors, then maybe that's the best choice. Yes, I wanted you to be embarassed, so maybe you'd feel for once how I feel when i have a friend who wants to drop buy and i have to say no, as happened this morning. I've tried everything. I don't know what else to do.",not go intention run choose room clean not visitor maybe s good choice yes want embarasse maybe d feel feel friend want drop buy happen morning ve try not know
ham,Dunno lei... I thk mum lazy to go out... I neva ask her yet...,dunno lei thk mum lazy neva ask
ham,"Do whatever you want. You know what the rules are. We had a talk earlier this week about what had to start happening, you showing responsibility. Yet, every week it's can i bend the rule this way? What about that way? Do whatever. I'm tired of having thia same argument with you every week. And a  &lt;#&gt;  movie DOESNT inlude the previews. You're still getting in after 1.",want know rule talk early week start happen show responsibility week bend rule way way m tired have thia argument week   ltgt   movie not inlude preview get
ham,"Beautiful Truth against Gravity.. Read carefully: \Our heart feels light when someone is in it.. But it feels very heavy when someone leaves it..\"" GOODMORNING""",beautiful truth gravity read carefully heart feel light feel heavy leave goodmorne
spam,Great News! Call FREEFONE 08006344447 to claim your guaranteed å£1000 CASH or å£2000 gift. Speak to a live operator NOW!,great news freefone   claim guarantee   cash   gift speak live operator
ham,Ambrith..madurai..met u in arun dha marrge..remembr?,ambrithmaduraimet u arun dha marrgeremembr
ham,Just re read it and I have no shame but tell me how he takes it and if he runs I will blame u 4 ever!! Not really 4 ever just a long time ,read shame tell take run blame u     long time
ham,"Princess, is your kitty shaved or natural?",princess kitty shave natural
ham,"Better than bb. If he wont use it, his wife will or them doctor",well bb will not use wife doctor
ham,Ya it came a while ago,ya come ago
ham,From tomorrow onwards eve 6 to 3 work.,tomorrow onwards eve     work
ham,Anything lor but toa payoh got place 2 walk meh...,lor toa payoh get place   walk meh
ham,"I don't have anybody's number, I still haven't thought up a tactful way to ask alex",not anybodys number not think tactful way ask alex
spam,"U can WIN å£100 of Music Gift Vouchers every week starting NOW Txt the word DRAW to 87066 TsCs www.ldew.com SkillGame,1Winaweek, age16.150ppermessSubscription",u win   music gift voucher week start txt word draw   tscs wwwldewcom skillgamewinaweek ageppermesssubscription
ham,Is there any movie theatre i can go to and watch unlimited movies and just pay once?,movie theatre watch unlimited movie pay
ham,U having lunch alone? I now so bored...,u have lunch bored
ham,"Yes obviously, but you are the eggs-pert and the potato headÛ_ Speak soon! ",yes obviously eggspert potato head speak soon
ham,"Nah man, my car is meant to be crammed full of people",nah man car mean cram people
ham,No got new job at bar in airport on satsgettin 4.47per hour but means no lie in! keep in touch,get new job bar airport satsgettin hour mean lie touch
ham,Kallis is ready for bat in 2nd innings,kallis ready bat nd innings
ham,Thanx but my birthday is over already.,thanx birthday
ham,"Ugh y can't u just apologize, admit u were wrong and ask me to take u back?",ugh y not u apologize admit u wrong ask u
ham,"I noe la... U wana pei bf oso rite... K lor, other days den...",noe la u wana pei bf oso rite k lor day den
ham,"Yes, i'm small kid.. And boost is the secret of my energy..",yes m small kid boost secret energy
ham,IM GONNA MISS U SO MUCH,m go to miss u
ham,Is avatar supposed to have subtoitles,avatar suppose subtoitle
ham,Simply sitting and watching match in office..,simply sit watch match office
ham,You can jot down things you want to remember later.,jot thing want remember later
ham,Oh sorry please its over,oh sorry
ham,Hey are we going for the lo lesson or gym? ,hey go lo lesson gym
ham,"Dont pack what you can buy at any store.like cereals. If you must pack food, pack gari or something 9ja that you will miss.",not pack buy storelike cereal pack food pack gari ja miss
ham,You always make things bigger than they are,thing big
ham,ÌÏ dun wan to watch infernal affair?,  dun wan watch infernal affair
ham,"Me not waking up until 4 in the afternoon, sup",wake   afternoon sup
spam,4mths half price Orange line rental & latest camera phones 4 FREE. Had your phone 11mths ? Call MobilesDirect free on 08000938767 to update now! or2stoptxt,mth half price orange line rental   late camera phone   free phone mth   mobilesdirect free   update orstoptxt
ham,I can send you a pic if you like :),send pic like
ham,Okay... I booked all already... Including the one at bugis.,okay book include bugis
ham,"Aight fuck it, I'll get it later",aight fuck ill later
ham,No de. But call me after some time. Ill tell you k,de time ill tell k
ham,So dont use hook up any how,not use hook
ham,How much is blackberry bold2 in nigeria.,blackberry bold nigeria
ham,Hi where you. You in home or calicut?,hi home calicut
ham,Hey darlin.. i can pick u up at college if u tell me wen & where 2 mt.. love Pete xx,hey darlin pick u college u tell wen     mt love pete xx
spam,"Call 09094100151 to use ur mins! Calls cast 10p/min (mob vary). Service provided by AOM, just GBP5/month. AOM Box61,M60 1ER until u stop. Ages 18+ only!",  use ur min call cast pmin mob vary service provide aom gbpmonth aom boxm er u stop age  
ham,"Oh... I was thkin of goin yogasana at 10 den no nd to go at 3 den can rush to parco 4 nb... Okie lor, u call me when ready...",oh thkin goin yogasana   den nd   den rush parco   nb okie lor u ready
ham,Y so late but i need to go n get da laptop...,y late need n da laptop
ham,"Sir, I am waiting for your mail.",sir wait mail
ham,.Please charge my mobile when you get up in morning.,charge mobile morning
ham,"Nothing, i got msg frm tht unknown no..",get msg frm tht unknown
ham,Ugh fuck it I'm resubbing to eve,ugh fuck m resubbe eve
ham,He didn't see his shadow. We get an early spring yay,not shadow early spring yay
ham,I did. One slice and one breadstick. Lol,slice breadstick lol
ham,"Hey ! I want you ! I crave you ! I miss you ! I need you ! I love you, Ahmad Saeed al Hallaq ...",hey   want   crave   miss   need   love ahmad saeed al hallaq
ham,Is there any training tomorrow?,training tomorrow
spam,"URGENT! Your mobile No *********** WON a å£2,000 Bonus Caller Prize on 02/06/03! This is the 2nd attempt to reach YOU! Call 09066362220 ASAP! BOX97N7QP, 150ppm",urgent mobile   win   bonus caller prize   nd attempt reach   asap boxnqp ppm
ham,Pass dis to all ur contacts n see wat u get! Red;i'm in luv wid u. Blue;u put a smile on my face. Purple;u r realy hot. Pink;u r so swt. Orange;i thnk i lyk u. Green;i realy wana go out wid u. Yelow;i wnt u bck. Black;i'm jealous of u. Brown;i miss you Nw plz giv me one color,pass dis ur contact n wat u redim luv wid u blueu smile face purpleu r realy hot pinku r swt orangei thnk lyk u greeni realy wana wid u yelowi wnt u bck blackim jealous u browni miss nw plz giv color
ham,Cos daddy arranging time c wat time fetch Ì_ mah...,cos daddy arrange time c wat time fetch   mah
ham,Then. You are eldest know.,eld know
ham,Who's there say hi to our drugdealer,s hi drugdealer
ham,Its hard to believe things like this. All can say lie but think twice before saying anything to me.,hard believe thing like lie think twice say
spam,"Eerie Nokia tones 4u, rply TONE TITLE to 8007 eg TONE DRACULA to 8007 Titles: GHOST, ADDAMSFA, MUNSTERS, EXORCIST, TWILIGHT www.getzed.co.uk POBox36504W45WQ 150p ",eerie nokia tone u rply tone title   eg tone dracula   titles ghost addamsfa munster exorcist twilight wwwgetzedcouk poboxwwq p
spam,Sexy Singles are waiting for you! Text your AGE followed by your GENDER as wither M or F E.G.23F. For gay men text your AGE followed by a G. e.g.23G.,sexy single wait text age follow gender wither m f egf gay man text age follow g egg
ham,Good night my dear.. Sleepwell&amp;Take care,good night dear sleepwellamptake care
ham,That is wondarfull song,wondarfull song
spam,"FreeMsg: Claim ur 250 SMS messages-Text OK to 84025 now!Use web2mobile 2 ur mates etc. Join Txt250.com for 1.50p/wk. T&C BOX139, LA32WU. 16 . Remove txtX or stop",freemsg claim ur   sm messagestext ok   nowuse webmobile   ur mates etc join txtcom pwk tc box lawu    remove txtx stop
ham,Yar lor actually we quite fast... Cos da ge slow wat... Haha...,yar lor actually fast cos da ge slow wat haha
ham,Must come later.. I normally bathe him in da afternoon mah..,come later normally bathe da afternoon mah
ham,"Trust me. Even if isn't there, its there.",trust not
ham,Hey hun-onbus goin 2 meet him. He wants 2go out 4a meal but I donyt feel like it cuz have 2 get last bus home!But hes sweet latelyxxx,hey hunonbus goin   meet want meal donyt feel like cuz   bus homebut s sweet latelyxxx
spam,85233 FREE>Ringtone!Reply REAL,  freeringtonereply real
ham,I can take you at like noon,like noon
ham,Where is it. Is there any opening for mca.,opening mca
ham,I'm aight. Wat's happening on your side.,m aight wat happen
ham,I'm done oredi...,m oredi
ham,"you are sweet as well, princess. Please tell me your likes and dislikes in bed...",sweet princess tell like dislike bed
ham,How are you. Wish you a great semester,wish great semester
ham,Moji i love you more than words. Have a rich day,moji love word rich day
ham,Dude how do you like the buff wind.,dude like buff wind
ham,\alright babe,alright babe
spam,Well done ENGLAND! Get the official poly ringtone or colour flag on yer mobile! text TONE or FLAG to 84199 NOW! Opt-out txt ENG STOP. Box39822 W111WX å£1.50,england official poly ringtone colour flag yer mobile text tone flag   optout txt eng stop box wwx
ham,"No i'm not. I can't give you everything you want and need. You actually could do better for yourself on yor own--you've got more money than i do. I can't get work, i can't get a man, i can't pay the rent, i can't even fill my fucking gas tank. yes, i'm stressed and depressed. I didn't even call home for thanksgiving cuz i'll have to tell them i,m up to nothing.",m not want need actually well yor ownyouve get money not work not man not pay rent not fill fucking gas tank yes m stress depress not home thanksgiving cuz ill tell m
ham,S:-)kallis wont play in first two odi:-),skalli will not play odi
ham,Then get some cash together and I'll text jason,cash ill text jason
ham,"Oh, my love, it's soooo good to hear from you. Omg I missed you so much today. I'm sorry your having problems with the provider but thank you for tming me",oh love soooo good hear omg miss today m sorry have problem provider thank tme
spam,"Final Chance! Claim ur å£150 worth of discount vouchers today! Text YES to 85023 now! SavaMob, member offers mobile! T Cs SavaMob POBOX84, M263UZ. å£3.00 Subs 16",final chance claim ur   worth discount voucher today text yes   savamob member offer mobile t cs savamob pobox muz   sub
spam,PRIVATE! Your 2004 Account Statement for 07742676969 shows 786 unredeemed Bonus Points. To claim call 08719180248 Identifier Code: 45239 Expires,private   account statement   show   unredeemed bonus point claim   identifier code   expire
ham,"Probably, want to pick up more?",probably want pick
ham,I'm done...,m
ham,Are you the cutest girl in the world or what,cute girl world
ham,"No dice, art class 6 thru 9 :( thanks though. Any idea what time I should come tomorrow?",dice art class      thank idea time come tomorrow
spam,"SMS SERVICES. for your inclusive text credits, pls goto www.comuk.net login= ***** unsubscribe with STOP. no extra charge. help:08700469649. PO BOX420. IP4 5WE",sm service inclusive text credit pls goto wwwcomuknet login   unsubscribe stop extra charge help po box ip
ham,Oh Howda gud gud.. Mathe en samachara chikku:-),oh howda gud gud mathe en samachara chikku
ham,I thk 530 lor. But dunno can get tickets a not. Wat u doing now?,thk   lor dunno ticket wat u
ham,Audrie lousy autocorrect,audrie lousy autocorrect
ham,Its a site to simulate the test. It just gives you very tough questions to test your readiness.,site simulate test give tough question test readiness
ham,Anyway seriously hit me up when you're back because otherwise I have to light up with armand and he always has shit and/or is vomiting,seriously hit light armand shit andor vomit
ham,I fetch yun or u fetch?,fetch yun u fetch
ham,Thank you. I like you as well...,thank like
ham,"Hmmm ... And imagine after you've come home from that having to rub my feet, make me dinner and help me get ready for my date ! Are you sure your ready for that kind of life ?",hmmm   imagine ve come home have rub foot dinner help ready date   sure ready kind life
spam,"FREE2DAY sexy St George's Day pic of Jordan!Txt PIC to 89080 dont miss out, then every wk a saucy celeb!4 more pics c PocketBabe.co.uk 0870241182716 å£3/wk",freeday sexy st george day pic jordantxt pic   not miss wk saucy celeb pic c pocketbabecouk   wk
ham,Lara said she can loan me  &lt;#&gt; .,lara say loan   ltgt
ham,Do we have any spare power supplies,spare power supply
ham,Yar he quite clever but aft many guesses lor. He got ask me 2 bring but i thk darren not so willing 2 go. Aiya they thk leona still not attach wat.,yar clever aft guess lor get ask   bring thk darren willing   aiya thk leona attach wat
spam,You are a winner you have been specially selected to receive å£1000 cash or a å£2000 award. Speak to a live operator to claim call 087123002209am-7pm. Cost 10p,winner specially select receive   cash   award speak live operator claim ampm cost p
ham,"Yeah, don't go to bed, I'll be back before midnight",yeah not bed ill midnight
spam,"Sunshine Hols. To claim ur med holiday send a stamped self address envelope to Drinks on Us UK, PO Box 113, Bray, Wicklow, Eire. Quiz Starts Saturday! Unsub Stop",sunshine hol claim ur med holiday send stamp self address envelope drink uk po box   bray wicklow eire quiz start saturday unsub stop
ham,Well I wasn't available as I washob nobbing with last night so they had to ask Nickey Platt instead of me!;,not available washob nobbe night ask nickey platt instead
ham,"It's that time of the week again, ryan",time week ryan
ham,Wish u many many returns of the day.. Happy birthday vikky..,wish u return day happy birthday vikky
spam,"U can WIN å£100 of Music Gift Vouchers every week starting NOW Txt the word DRAW to 87066 TsCs www.Idew.com SkillGame, 1Winaweek, age16. 150ppermessSubscription",u win   music gift voucher week start txt word draw   tscs wwwidewcom skillgame winaweek age ppermesssubscription
ham,I hope you know I'm still mad at you.,hope know m mad
ham,"Argh my 3g is spotty, anyway the only thing I remember from the research we did was that province and sterling were the only problem-free places we looked at",argh g spotty thing remember research province sterling problemfree place look
ham,In xam hall boy asked girl Tell me the starting term for dis answer I can den manage on my own After lot of hesitation n lookin around silently she said THE! intha ponnungale ipaditan;),xam hall boy ask girl tell start term dis answer den manage lot hesitation n lookin silently say intha ponnungale ipaditan
ham,Do you know when the result.,know result
spam,+123 Congratulations - in this week's competition draw u have won the å£1450 prize to claim just call 09050002311 b4280703. T&Cs/stop SMS 08718727868. Over 18 only 150ppm,  congratulation   week competition draw u win   prize claim   b tcsstop sms     ppm
ham,"Beautiful Truth against Gravity.. Read carefully: \Our heart feels light when someone is in it.. But it feels very heavy when someone leaves it..\"" GOOD NIGHT""",beautiful truth gravity read carefully heart feel light feel heavy leave good night
ham,"Sorry im getting up now, feel really bad- totally rejected that kinda me thing.",sorry m get feel bad totally reject kinda thing
ham,You do got a shitload of diamonds though,get shitload diamond
ham,Tessy..pls do me a favor. Pls convey my birthday wishes to Nimya..pls dnt forget it. Today is her birthday Shijas,tessypl favor pls convey birthday wish nimyapls dnt forget today birthday shijas
ham,Well I'm going to be an aunty!,m go aunty
ham,Mine here like all fr china then so noisy.,like fr china noisy
ham,Later i guess. I needa do mcat study too.,later guess needa mcat study
ham,S...from the training manual it show there is no tech process:)its all about password reset and troubleshooting:),sfrom training manual tech processit password reset troubleshoot
spam,Your B4U voucher w/c 27/03 is MARSMS. Log onto www.B4Utele.com for discount credit. To opt out reply stop. Customer care call 08717168528,bu voucher wc   marsm log wwwbutelecom discount credit opt reply stop customer care
ham,"Spoke with uncle john today. He strongly feels that you need to sacrifice to keep me here. He's going to call you. When he does, i beg you to just listen. Dont make any promises or make it clear things are not easy. And i need you to please let us work things out. As long as i keep expecting help, my creativity will be stifled so pls just keep him happy, no promises on your part.",speak uncle john today strongly feel need sacrifice s go beg listen not promise clear thing easy need let work thing long expect help creativity stifle pls happy promise
ham,If he started searching he will get job in few days.he have great potential and talent.,start search job dayshe great potential talent
ham,"Carlos took a while (again), we leave in a minute",carlos take leave minute
ham,Well done and ! luv ya all ,  luv ya
ham,Then why you came to hostel.,come hostel
ham,K still are you loving me.,k love
ham,But i juz remembered i gotta bathe my dog today..,juz remember get to bathe dog today
ham,After the drug she will be able to eat.,drug able eat
ham,Alright took the morphine. Back in yo.,alright take morphine yo
ham,You see the requirements please,requirement
ham,You stayin out of trouble stranger!!saw Dave the other day heåÕs sorted now!still with me bloke when u gona get a girl MR!ur mum still Thinks we will get 2GETHA! ,stayin trouble strangersaw dave day s sort nowstill bloke u gona girl mrur mum think getha
spam,FreeMsg: Hey - I'm Buffy. 25 and love to satisfy men. Home alone feeling randy. Reply 2 C my PIX! QlynnBV Help08700621170150p a msg Send stop to stop txts,freemsg hey   m buffy   love satisfy man home feel randy reply   c pix qlynnbv helpp msg send stop stop txts
spam,"Sunshine Hols. To claim ur med holiday send a stamped self address envelope to Drinks on Us UK, PO Box 113, Bray, Wicklow, Eire. Quiz Starts Saturday! Unsub Stop",sunshine hol claim ur med holiday send stamp self address envelope drink uk po box   bray wicklow eire quiz start saturday unsub stop
ham,So can collect ur laptop?,collect ur laptop
ham,"Ok. Can be later showing around 8-8:30 if you want + cld have drink before. Wld prefer not to spend money on nosh if you don't mind, as doing that nxt wk.",ok later show   want   cld drink wld prefer spend money nosh not mind nxt wk
ham,I will once i get home,home
ham,Waaaat?? Lololo ok next time then!,waaaat lololo ok time
ham,"The table's occupied, I'm waiting by the tree",table occupy m wait tree
ham,I surely dont forgot to come:)i will always be in touch in with you:-),surely not forgot comei touch
ham,Hi kindly give us back our documents which we submitted for loan from STAPATI,hi kindly document submit loan stapati
ham,I dont have i shall buy one dear,not shall buy dear
ham,Oh god i am happy to see your message after 3 days,oh god happy message   day
ham,What year. And how many miles.,year mile
ham,Hey cutie. How goes it? Here in WALES its kinda ok. There is like hills and shit but i still avent killed myself. ,hey cutie go wale kinda ok like hill shit avent kill
ham,"Sad story of a Man - Last week was my b'day. My Wife did'nt wish me. My Parents forgot n so did my Kids . I went to work. Even my Colleagues did not wish. As I entered my cabin my PA said, '' Happy B'day Boss !!''. I felt special. She askd me 4 lunch. After lunch she invited me to her apartment. We went there. She said,'' do u mind if I go into the bedroom for a minute ? '' ''OK'', I sed in a sexy mood. She came out 5 minuts latr wid a cake...n My Wife, My Parents, My Kidz, My Friends n My Colleagues. All screaming.. SURPRISE !! and I was waiting on the sofa.. ... ..... ' NAKED...!",sad story man   week bday wife not wish parent forget n kid   go work colleague wish enter cabin pa say   happy bday boss   feel special askd   lunch lunch invite apartment go say u mind bedroom minute    ok se sexy mood come   minut latr wid caken wife parent kidz friend n colleague screaming surprise   wait sofa     naked
ham,I think you should go the honesty road. Call the bank tomorrow. Its the tough decisions that make us great people.,think honesty road bank tomorrow tough decision great people
spam,FREE for 1st week! No1 Nokia tone 4 ur mob every week just txt NOKIA to 87077 Get txting and tell ur mates. zed POBox 36504 W45WQ norm150p/tone 16+,free st week nokia tone   ur mob week txt nokia   txte tell ur mate ze pobox   wwq normptone
ham,No. Its not specialisation. Can work but its slave labor. Will look for it this month sha cos no shakara 4 beggar.,specialisation work slave labor look month sha cos shakara   beggar
ham,Is she replying. Has boye changed his phone number,reply boye change phone number
ham,"1) Go to write msg 2) Put on Dictionary mode 3)Cover the screen with hand, 4)Press  &lt;#&gt; . 5)Gently remove Ur hand.. Its interesting..:)",  write msg   dictionary mode cover screen hand press   ltgt   gently remove ur hand interesting
ham,hi my darlin im on my way to London and we have just been smashed into by another driver! and have a big dent! im really missing u what have u been up to? xxx,hi darlin m way london smash driver big dent m miss u u xxx
ham,"Nothing really, just making sure everybody's up to speed",make sure everybodys speed
ham,I'm not coming home 4 dinner.,m come home   dinner
ham,"Thank you. And by the way, I just lost.",thank way lose
ham,Yes.he have good crickiting mind,yeshe good crickite mind
ham,Thx. All will be well in a few months,thx month
spam,"Shop till u Drop, IS IT YOU, either 10K, 5K, å£500 Cash or å£100 Travel voucher, Call now, 09064011000. NTT PO Box CR01327BT fixedline Cost 150ppm mobile vary",shop till u drop k k   cash   travel voucher   ntt po box crbt fixedline cost ppm mobile vary
ham,\CAN I PLEASE COME UP NOW IMIN TOWN.DONTMATTER IF URGOIN OUTL8R,come imin towndontmatter urgoin outlr
ham,I wont. So wat's wit the guys,will not wat wit guy
ham,Yavnt tried yet and never played original either,yavnt try play original
ham,"Hiya, had a good day? Have you spoken to since the weekend?",hiya good day speak weekend
ham,See? I thought it all through,think
ham,I'm at work. Please call,m work
ham,get ready to moan and scream :),ready moan scream
ham,Oh k :)why you got job then whats up?,oh k get job s
ham,"I don,t think so. You don't need to be going out that late on a school night. ESPECIALLY when the one class you have is the one you missed last wednesday and probably failed a test in on friday",not think not need go late school night especially class miss wednesday probably fail test friday
ham,And popping &lt;#&gt; ibuprofens was no help.,pop ltgt ibuprofen help
ham,"Babe ! How goes that day ? What are you doing ? Where are you ? I sip my cappuccino and think of you, my love ... I send a kiss to you from across the sea",babe   go day       sip cappuccino think love   send kiss sea
ham,Ok.,ok
ham,PS U no ur a grown up now right?,ps u ur grow right
ham,"Chinatown got porridge, claypot rice, yam cake, fishhead beehoon... Either we eat cheap den go cafe n tok or go nydc or somethin...",chinatown get porridge claypot rice yam cake fishhead beehoon eat cheap den cafe n tok nydc somethin
ham,I know a few people I can hit up and fuck to the yes,know people hit fuck yes
ham,Purity of friendship between two is not about smiling after reading the forwarded message..Its about smiling just by seeing the name. Gud evng,purity friendship smile read forwarded messageit smile see gud evng
ham,So is there anything specific I should be doing with regards to jaklin or what because idk what the fuck,specific regard jaklin idk fuck
ham,Oh god. I'm gonna Google nearby cliffs now.,oh god m go to google nearby cliff
spam,FREE camera phones with linerental from 4.49/month with 750 cross ntwk mins. 1/2 price txt bundle deals also avble. Call 08001950382 or call2optout/J MF,free camera phone linerental month   cross ntwk min   price txt bundle deal avble   calloptoutj mf
ham,Yup i shd haf ard 10 pages if i add figures... ÌÏ all got how many pages?,yup shd haf ard   page add figure   get page
ham,"Ooh, 4got, i'm gonna start belly dancing in moseley weds 6.30 if u want 2 join me, they have a cafe too. ",ooh get m go to start belly dancing moseley wed   u want   join cafe
ham,Thankyou so much for the call. I appreciate your care.,thankyou appreciate care
ham,Congrats ! Treat pending.i am not on mail for 2 days.will mail once thru.Respect mother at home.check mails.,congrat   treat pendingi mail   dayswill mail thrurespect mother homecheck mail
ham,I called but no one pick up e phone. I ask both of them already they said ok.,call pick e phone ask say ok
ham,Hi my email address has changed now it is ,hi email address change
ham,"V-aluable. A-ffectionate. L-oveable. E-ternal. N-oble. T-ruthful. I-ntimate. N-atural. E-namous. Happy \VALENTINES DAY\"" in advance""",valuable affectionate loveable eternal noble truthful intimate natural enamous happy valentine day advance
ham,"Not much, just some textin'. How bout you?",textin bout
ham,Bring it if you got it,bring get
ham,I'm in a movie. Call me 4 wat?,m movie   wat
ham,Not sure I have the stomach for it ...,sure stomach
ham,Haha... can... But i'm having dinner with my cousin...,haha m have dinner cousin
ham,"A boy was late 2 home. His father: \POWER OF FRNDSHIP\""""",boy late   home father power frndship
ham,"(And my man carlos is definitely coming by mu tonight, no excuses)",man carlos definitely come mu tonight excuse
ham,soon you will have the real thing princess! Do i make you wet? :),soon real thing princess wet
ham,Raji..pls do me a favour. Pls convey my Birthday wishes to Nimya. Pls. Today is her birthday.,rajipls favour pls convey birthday wish nimya pls today birthday
ham,"Haha, my legs and neck are killing me and my amigos are hoping to end the night with a burn, think I could swing by in like an hour?",haha leg neck kill amigo hop end night burn think swing like hour
spam,"URGENT! Your mobile No 07xxxxxxxxx won a å£2,000 bonus caller prize on 02/06/03! this is the 2nd attempt to reach YOU! call 09066362231 ASAP! BOX97N7QP, 150PPM",urgent mobile xxxxxxxxx win   bonus caller prize   nd attempt reach   asap boxnqp ppm
ham,Usually the body takes care of it buy making sure it doesnt progress. Can we pls continue this talk on saturday.,usually body take care buy make sure not progress pls continue talk saturday
spam,"URGENT!! Your 4* Costa Del Sol Holiday or å£5000 await collection. Call 09050090044 Now toClaim. SAE, TC s, POBox334, Stockport, SK38xh, Costå£1.50/pm, Max10mins",urgent   costa del sol holiday   await collection   toclaim sae tc s pobox stockport skxh costpm maxmin
ham,"Hmm well, night night ",hmm night night
ham,Just wanted to say holy shit you guys weren't kidding about this bud,want holy shit guy not kid bud
ham,"Just gettin a bit arty with my collages at the mo, well tryin 2 ne way! Got a roast in a min lovely i shall enjoy that!",gettin bit arty collage mo tryin   ne way get roast min lovely shall enjoy
ham,"This is one of the days you have a billion classes, right?",day billion class right
ham,"Goodmorning, today i am late for 2hrs. Because of back pain.",goodmorning today late hrs pain
ham,Ok then i'll let him noe later n ask him call u tmr...,ok ill let noe later n ask u tmr
ham,Prabha..i'm soryda..realy..frm heart i'm sory,prabhaim sorydarealyfrm heart m sory
ham,OK i'm waliking ard now... Do u wan me 2 buy anything go ur house?,ok m walike ard u wan   buy ur house
ham,* Will have two more cartons off u and is very pleased with shelves,  carton u pleased shelf
ham,Nice talking to you! please dont forget my pix :) i want to see all of you...,nice talk not forget pix   want
spam,You have WON a guaranteed å£1000 cash or a å£2000 prize. To claim yr prize call our customer service representative on 08714712379 between 10am-7pm Cost 10p,win guarantee   cash   prize claim yr prize customer service representative   ampm cost p
ham,But really quite funny lor wat... Then u shd haf run shorter distance wat...,funny lor wat u shd haf run short distance wat
ham,I notice you like looking in the shit mirror youre turning into a right freak,notice like look shit mirror turn right freak
ham,Great. I was getting worried about you. Just know that a wonderful and caring person like you will have only the best in life. Know that u r wonderful and God's love is yours.,great get worried know wonderful caring person like good life know u r wonderful god love
spam,"Thanks for your ringtone order, ref number K718. Your mobile will be charged å£4.50. Should your tone not arrive please call customer services on 09065069120",thank ringtone order ref number k mobile charge   tone arrive customer service
ham,"I prefer my free days... Tues, wed, fri oso can... ÌÏ ask those workin lor...",prefer free day tue d fri oso   ask workin lor
ham,Alrite jod hows the revision goin? Keris bin doin a smidgin. N e way u wanna cum over after college?xx,alrite jod s revision goin keris bin doin smidgin n e way u wanna cum collegexx
ham,If you have belive me. Come to my home.,belive come home
ham,Oh k.k..where did you take test?,oh kkwhere test
ham,Those were my exact intentions,exact intention
ham,haha but no money leh... Later got to go for tuition... Haha and looking for empty slots for driving lessons,haha money leh later get tuition haha look slot drive lesson
ham,"Hey... Thk we juz go accordin to wat we discussed yest lor, except no kb on sun... Cos there's nt much lesson to go if we attend kb on sat...",hey thk juz accordin wat discuss y lor kb sun cos s not lesson attend kb sit
ham,"K, wen ur free come to my home and also tel vikky i hav sent mail to him also.. Better come evening il be free today aftr 6pm..:-)",k wen ur free come home tel vikky hav send mail well come evening il free today aftr pm
ham,Nothing just getting msgs by dis name wit different no's..,get msgs dis wit different nos
ham,Good Morning plz call me sir,good morning plz sir
ham,What's your room number again? Wanna make sure I'm knocking on the right door,s room number wanna sure m knock right door
ham,\Si.como no?!listened2the plaid album-quite gd&the new air1 which is hilarious-also boughtåÓbraindanceåÓa comp.ofstuff on aphexåÕs ;abel,sicomo nolistenedthe plaid albumquite gdthe new air hilariousalso boughtbraindancea compofstuff aphexs abel
ham,Pls tell nelson that the bb's are no longer comin. The money i was expecting aint coming,pls tell nelson bbs long comin money expect be not come
ham,"Give her something to drink, if she takes it and doesn't vomit then you her temp might drop. If she unmits however let me know.",drink take not vomit temp drop unmit let know
ham,Think you sent the text to the home phone. That cant display texts. If you still want to send it his number is,think send text home phone not display text want send number
ham,Every day i use to sleep after  &lt;#&gt;  so only.,day use sleep   ltgt  
ham,K I'll call you when I'm close,k ill m close
ham,U buy newspapers already?,u buy newspaper
ham,Nope wif my sis lor... Aft bathing my dog then i can bathe... Looks like it's going 2 rain soon.,nope wif sis lor aft bath dog bathe look like go   rain soon
ham,Boo I'm on my way to my moms. She's making tortilla soup. Yummmm,boo m way mom s make tortilla soup yummmm
ham,No management puzzeles.,management puzzele
ham,How did you find out in a way that didn't include all of these details,find way not include detail
spam,"Hi ya babe x u 4goten bout me?' scammers getting smart..Though this is a regular vodafone no, if you respond you get further prem rate msg/subscription. Other nos used also. Beware!",hi ya babe x u goten bout scammer get smartthough regular vodafone respond prem rate msgsubscription nos beware
spam,Back 2 work 2morro half term over! Can U C me 2nite 4 some sexy passion B4 I have 2 go back? Chat NOW 09099726481 Luv DENA Calls å£1/minMobsmoreLKPOBOX177HP51FL,  work morro half term u c nite   sexy passion b   chat   luv dena call minmobsmorelkpoboxhpfl
ham,will you like to be spoiled? :),like spoil
spam,"Thanks for your ringtone order, ref number R836. Your mobile will be charged å£4.50. Should your tone not arrive please call customer services on 09065069154",thank ringtone order ref number r mobile charge   tone arrive customer service
ham,I am getting threats from your sales executive Shifad as i raised complaint against him. Its an official message.,get threat sale executive shifad raise complaint official message
ham,hope things went well at 'doctors' ;) reminds me i still need 2go.did u c d little thing i left in the lounge?,hope thing go doctor   remind need godid u c d little thing leave lounge
ham,Den wat will e schedule b lk on sun?,den wat e schedule b lk sun
ham,Lol enjoy role playing much?,lol enjoy role play
ham,Ok. Me watching tv too.,ok watch tv
ham,I just lov this line: \Hurt me with the truth,lov line hurt truth
ham,"Just checked out, heading out to drop off my stuff now",check head drop stuff
ham,Here got lots of hair dresser fr china.,get lot hair dresser fr china
ham,Sad story of a Man - Last week was my b'day. My Wife did'nt wish me. My Parents forgot n so did my Kids . I went to work. Even my Colleagues did not wish.,sad story man   week bday wife not wish parent forget n kid   go work colleague wish
ham,Ill call you evening ill some ideas.,ill evening ill idea
spam,SplashMobile: Choose from 1000s of gr8 tones each wk! This is a subscrition service with weekly tones costing 300p. U have one credit - kick back and ENJOY,splashmobile choose s gr tone wk subscrition service weekly tone cost p u credit   kick enjoy
ham,Did you show him and wot did he say or could u not c him 4 dust?,wot u c   dust
ham,It should take about  &lt;#&gt;  min,  ltgt   min
spam,Not heard from U4 a while. Call 4 rude chat private line 01223585334 to cum. Wan 2C pics of me gettin shagged then text PIX to 8552. 2End send STOP 8552 SAM xxx,hear u   rude chat private line   cum wan c pic gettin shag text pix   end send stop   sam xxx
ham,Ok . . now i am in bus. . If i come soon i will come otherwise tomorrow,ok    bus   come soon come tomorrow
ham,I cant pick the phone right now. Pls send a message,not pick phone right pls send message
spam,<Forwarded from 88877>FREE entry into our å£250 weekly comp just send the word ENTER to 88877 NOW. 18 T&C www.textcomp.com,forward free entry   weekly comp send word enter     tc wwwtextcompcom
ham,Finish liao... U?,finish liao u
spam,88066 FROM 88066 LOST 3POUND HELP,    lose pound help
ham,Haha i think i did too,haha think
ham,U know we watchin at lido?,u know watchin lido
ham,Life spend with someone for a lifetime may be meaningless but a few moments spent with someone who really love you means more than life itself..,life spend lifetime meaningless moment spend love mean life
ham,"Haha awesome, I've been to 4u a couple times. Who all's coming?",haha awesome ve u couple time all come
ham,Cold. Dont be sad dear,cold not sad dear
ham,Think I could stop by in like an hour or so? My roommate's looking to stock up for a trip,think stop like hour roommate look stock trip
ham,Is that on the telly? No its Brdget Jones!,telly brdget jone
ham,Love you aathi..love u lot..,love aathilove u lot
ham,Hello! How r u? Im bored. Inever thought id get bored with the tv but I am. Tell me something exciting has happened there? Anything! =/,hello r u m bored inever think d bored tv tell exciting happen
ham,Hmm...Bad news...Hype park plaza $700 studio taken...Only left 2 bedrm-$900...,hmmbad newshype park plaza   studio takenonly leave   bedrm
ham,"Sorry, I'll call later in meeting",sorry ill later meeting
ham,R Ì_ comin back for dinner?,r   comin dinner
ham,"I hav almost reached. Call, i m unable to connect u.",hav reach m unable connect u
ham,Whom you waited for yesterday,wait yesterday
ham,I reach home safe n sound liao...,reach home safe n sound liao
ham,"Velly good, yes please!",velly good yes
ham,"Hi, wkend ok but journey terrible. Wk not good as have huge back log of marking to do",hi wkend ok journey terrible wk good huge log mark
ham,I have had two more letters from . I will copy them for you cos one has a message for you. Speak soon,letter   copy cos message speak soon
ham,Alex knows a guy who sells mids but he's down in south tampa and I don't think I could set it up before like 8,alex know guy sell mid s south tampa not think set like
ham,Dont you have message offer,not message offer
spam,Had your mobile 11mths ? Update for FREE to Oranges latest colour camera mobiles & unlimited weekend calls. Call Mobile Upd8 on freefone 08000839402 or 2StopTx,mobile mth   update free orange late colour camera mobile   unlimited weekend call mobile upd freefone   stoptx
ham,"HEY THERE BABE, HOW U DOIN? WOT U UP 2 2NITE LOVE ANNIE X.",hey babe u doin wot u   nite love annie x
ham,Remind me how to get there and I shall do so,remind shall
ham,:-( that's not v romantic!,  s v romantic
ham,Hello. Damn this christmas thing. I think i have decided to keep this mp3 that doesnt work.,hello damn christmas thing think decide mp not work
spam,You have 1 new message. Please call 08718738034.,  new message
ham,HI DARLIN IM MISSIN U HOPE YOU ARE HAVING A GOOD TIME. WHEN ARE U BACK AND WHAT TIME IF U CAN GIVE ME A CALL AT HOME. JESS XX,hi darlin m missin u hope have good time u time u home jess xx
spam,<Forwarded from 21870000>Hi - this is your Mailbox Messaging SMS alert. You have 4 messages. You have 21 matches. Please call back on 09056242159 to retrieve your messages and matches,forward hi   mailbox message sms alert   message   match   retrieve message match
ham,Draw va?i dont think so:),draw vai not think
ham,Dont pick up d call when something important is There to tell. Hrishi,not pick d important tell hrishi
spam,"Congrats! 1 year special cinema pass for 2 is yours. call 09061209465 now! C Suprman V, Matrix3, StarWars3, etc all 4 FREE! bx420-ip4-5we. 150pm. Dont miss out!",congrat   year special cinema pass     c suprman v matrix starwar etc   free bxipwe pm not miss
ham,Nothin comes to my mind. ÌÏ help me buy hanger lor. Ur laptop not heavy?,nothin come mind   help buy hang lor ur laptop heavy
ham,"&lt;#&gt; , that's all? Guess that's easy enough",ltgt   s guess s easy
ham,We can make a baby in yo tho,baby yo tho
ham,Should I tell my friend not to come round til like  &lt;#&gt; ish?,tell friend come round til like   ltgt ish
ham,Friendship poem: Dear O Dear U R Not Near But I Can Hear Dont Get Fear Live With Cheer No More Tear U R Always my Dear. Gud ni8,friendship poem dear o dear u r near hear not fear live cheer tear u r dear gud ni
ham,Still in the area of the restaurant. Ill try to come back soon,area restaurant ill try come soon
ham,"Aight that'll work, thanks",aight ll work thank
spam,WIN a year supply of CDs 4 a store of ur choice worth å£500 & enter our å£100 Weekly draw txt MUSIC to 87066 Ts&Cs www.Ldew.com.subs16+1win150ppmx3,win year supply cd   store ur choice worth    enter   weekly draw txt music   tsc wwwldewcomsubswinppmx
spam,Moby Pub Quiz.Win a å£100 High Street prize if u know who the new Duchess of Cornwall will be? Txt her first name to 82277.unsub STOP å£1.50 008704050406 SP Arrow,moby pub quizwin   high street prize u know new duchess cornwall txt unsub stop    sp arrow
ham,"I have 2 sleeping bags, 1 blanket and paper and  phone details. Anything else?",  sleep bag   blanket paper   phone detail
spam,You have won a Nokia 7250i. This is what you get when you win our FREE auction. To take part send Nokia to 86021 now. HG/Suite342/2Lands Row/W1JHL 16+ ,win nokia win free auction send nokia   hgsuiteland rowwjhl  
spam,"Congratulations! Thanks to a good friend U have WON the å£2,000 Xmas prize. 2 claim is easy, just call 08718726971 NOW! Only 10p per minute. BT-national-rate.",congratulation thank good friend u win   xmas prize   claim easy   p minute btnationalrate
spam,"tddnewsletter@emc1.co.uk (More games from TheDailyDraw) Dear Helen, Dozens of Free Games - with great prizesWith..",tddnewsletteremccouk game thedailydraw dear helen dozen free game   great prizeswith
ham,So what do you guys do.,guy
ham,Also that chat was awesome but don't make it regular unless you can see her in person,chat awesome not regular person
ham,That's significant but dont worry.,s significant not worry
ham,That's cause your old. I live to be high.,s cause old live high
ham,"Waqt se pehle or naseeb se zyada kisi ko kuch nahi milta,Zindgi wo nahi he jo hum sochte hai Zindgi wo hai jo ham jeetey hai..........",waqt se pehle naseeb se zyada kisi ko kuch nahi miltazindgi will nahi jo hum sochte hai zindgi wo hai jo ham jeetey hai
ham,On the way to office da..,way office da
ham,In which place do you want da.,place want da
ham,This pain couldn't have come at a worse time.,pain not come bad time
ham,Ok...,ok
ham,Should I be stalking u?,stalk u
ham,Sorry dude. Dont know how i forgot. Even after Dan reminded me. Sorry. Hope you guys had fun.,sorry dude not know forget dan remind sorry hope guy fun
ham,Ok lor.,ok lor
ham,Apps class varaya elaya.,apps class varaya elaya
ham,The Xmas story is peace.. The Xmas msg is love.. The Xmas miracle is jesus.. Hav a blessed month ahead &amp; wish U Merry Xmas...,xmas story peace xmas msg love xmas miracle jesus hav blessed month ahead amp wish u merry xmas
spam,"URGENT! Your mobile number *************** WON a å£2000 Bonus Caller prize on 10/06/03! This is the 2nd attempt to reach you! Call 09066368753 ASAP! Box 97N7QP, 150ppm",urgent mobile number   win   bonus caller prize   nd attempt reach   asap box nqp ppm
ham,That day you asked about anand number. Why:-),day ask anand number
ham,Am surfing online store. For offers do you want to buy any thing.,surf online store offer want buy thing
ham,Long beach lor. Expected... U having dinner now?,long beach lor expect u have dinner
ham,At home by the way,home way
ham,We are both fine. Thanks,fine thank
ham,What happen to her tell the truth,happen tell truth
ham,Do you like Italian food?,like italian food
ham,Which is weird because I know I had it at one point,weird know point
ham,"\Aww you must be nearly dead!Well Jez isComing over toDo some workAnd that whillTake forever!\""""",aww nearly deadwell jez iscome todo workand whilltake forever
ham,Tell your friends what you plan to do on Valentines day @ &lt;URL&gt;,tell friend plan valentine day   lturlgt
ham,"Alright, see you in a bit",alright bit
ham,Cheers for the message Zogtorius. IåÕve been staring at my phone for an age deciding whether to text or not.,cheer message zogtorius ve star phone age decide text
ham,I will take care of financial problem.i will help:),care financial problemi help
ham,Tell dear what happen to you. Why you talking to me like an alian,tell dear happen talk like alian
spam,Double your mins & txts on Orange or 1/2 price linerental - Motorola and SonyEricsson with B/Tooth FREE-Nokia FREE Call MobileUpd8 on 08000839402 or2optout/HV9D,double min   txts orange   price linerental   motorola sonyericsson btooth freenokia free mobileupd   oroptouthvd
ham,"1) Go to write msg 2) Put on Dictionary mode 3)Cover the screen with hand, 4)Press  &lt;#&gt; . 5)Gently remove Ur hand.. Its interesting..:)",  write msg   dictionary mode cover screen hand press   ltgt   gently remove ur hand interesting
ham,Okie...,okie
ham,"Hi this is yijue, can i meet u at 11 tmr?",hi yijue meet u   tmr
ham,Its posible dnt live in  &lt;#&gt; century cm frwd n thnk different,posible dnt live   ltgt century cm frwd n thnk different
ham,But i dint slept in afternoon.,dint sleep afternoon
ham,That seems unnecessarily affectionate,unnecessarily affectionate
ham,Yar else i'll thk of all sorts of funny things.,yar ill thk sort funny thing
ham,You will be in the place of that man,place man
spam,"Download as many ringtones as u like no restrictions, 1000s 2 choose. U can even send 2 yr buddys. Txt Sir to 80082 å£3 ",download ringtone u like restriction s   choose u send   yr buddys txt sir   
ham,Thats cool. How was your day?,s cool day
spam,Please CALL 08712402902 immediately as there is an urgent message waiting for you.,  immediately urgent message wait
ham,R we going with the  &lt;#&gt;  bus?,r go   ltgt   bus
ham,"Hello, my love ! How went your day ? Are you alright ? I think of you, my sweet and send a jolt to your heart to remind you ... I LOVE YOU! Can you hear it ? I screamed it across the sea for all the world to hear. Ahmad al Hallaq is loved ! and owned ! *possessive passionate kiss*",hello love   go day   alright   think sweet send jolt heart remind   love hear   scream sea world hear ahmad al hallaq love   own   possessive passionate kiss
ham,No..he joined today itself.,nohe join today
ham,Okay same with me. Well thanks for the clarification,okay thank clarification
ham,I'll talk to the others and probably just come early tomorrow then,ill talk probably come early tomorrow
spam,"Spook up your mob with a Halloween collection of a logo & pic message plus a free eerie tone, txt CARD SPOOK to 8007 zed 08701417012150p per logo/pic",spook mob halloween collection logo   pic message plus free eerie tone txt card spook   ze p logopic
ham,"Had the money issue weigh me down but thanks to you, I can breathe easier now. I.ll make sure you dont regret it. Thanks.",money issue weigh thank breathe easy ill sure not regret thank
ham,Hi. I'm sorry i missed your call. Can you pls call back.,hi m sorry miss pls
ham,How are you doing? Hope you've settled in for the new school year. Just wishin you a gr8 day,hope ve settle new school year wishin gr day
spam,"Fantasy Football is back on your TV. Go to Sky Gamestar on Sky Active and play å£250k Dream Team. Scoring starts on Saturday, so register now!SKY OPT OUT to 88088",fantasy football tv sky gamestar sky active play k dream team scoring start saturday register nowsky opt
ham,Ok then no need to tell me anything i am going to sleep good night,ok need tell go sleep good night
ham,Ok try to do week end course in coimbatore.,ok try week end course coimbatore
spam,Tone Club: Your subs has now expired 2 re-sub reply MONOC 4 monos or POLYC 4 polys 1 weekly @ 150p per week Txt STOP 2 stop This msg free Stream 0871212025016,tone club sub expire   resub reply monoc   mono polyc   polys   weekly   p week txt stop   stop msg free stream
ham,V nice! Off 2 sheffield tom 2 air my opinions on categories 2 b used 2 measure ethnicity in next census. Busy transcribing. :-),v nice   sheffield tom   air opinion category   b   measure ethnicity census busy transcribe
ham,If you r @ home then come down within 5 min,r   home come   min
ham,"A Boy loved a gal. He propsd bt she didnt mind. He gv lv lttrs, Bt her frnds threw thm. Again d boy decided 2 aproach d gal , dt time a truck was speeding towards d gal. Wn it was about 2 hit d girl,d boy ran like hell n saved her. She asked 'hw cn u run so fast?' D boy replied \Boost is d secret of my energy\"" n instantly d girl shouted \""our energy\"" n Thy lived happily 2gthr drinking boost evrydy Moral of d story:- I hv free msgs:D;): gud ni8""",boy love gal propsd bt not mind gv lv lttrs bt frnd throw thm d boy decide   aproach d gal   dt time truck speed d gal wn   hit d girld boy run like hell n save ask hw cn u run fast d boy reply boost d secret energy n instantly d girl shout energy n thy live happily gthr drinking boost evrydy moral d story hv free msgsd gud ni
ham,"That day Ì_ say Ì_ cut ur hair at paragon, is it called hair sense? Do Ì_ noe how much is a hair cut? ",day     cut ur hair paragon call hair sense   noe hair cut
ham,"Hmm, too many of them unfortunately... Pics obviously arent hot cakes. Its kinda fun tho",hmm unfortunately pic obviously not hot cake kinda fun tho
ham,Watching tv lor... Y she so funny we bluff her 4 wat. Izzit because she thk it's impossible between us?,watch tv lor y funny bluff   wat izzit thk impossible
spam,XMAS Prize draws! We are trying to contact U. Todays draw shows that you have won a å£2000 prize GUARANTEED. Call 09058094565 from land line. Valid 12hrs only,xmas prize draw try contact u todays draw show win   prize guarantee   land line valid hrs
ham,Dunno lei he neva say...,dunno lei neva
ham,Thanx 4 2day! U r a goodmate I THINK UR RITE SARY! ASUSUAL!1 U CHEERED ME UP! LOVE U FRANYxxxxx,thanx   day u r goodmate think ur rite sary asusual u cheer love u franyxxxxx
ham,I'm on my way home. Went to change batt 4 my watch then go shop a bit lor.,m way home go change batt   watch shop bit lor
spam,YES! The only place in town to meet exciting adult singles is now in the UK. Txt CHAT to 86688 now! 150p/Msg.,yes place town meet exciting adult single uk txt chat   pmsg
ham,"Hi, Mobile no.  &lt;#&gt;  has added you in their contact list on www.fullonsms.com It s a great place to send free sms to people For more visit fullonsms.com",hi mobile   ltgt   add contact list wwwfullonsmscom s great place send free sms people visit fullonsmscom
ham,"Good evening Sir, hope you are having a nice day. I wanted to bring it to your notice that I have been late in paying rent for the past few months and have had to pay a $ &lt;#&gt;  charge. I felt it would be inconsiderate of me to nag about something you give at great cost to yourself and that's why i didnt speak up. I however am in a recession and wont be able to pay the charge this month hence my askin well ahead of month's end. Can you please help. Thank you for everything.",good evening sir hope have nice day want bring notice late pay rent past month pay   ltgt   charge feel inconsiderate nag great cost s not speak recession will not able pay charge month askin ahead month end help thank
ham,"If i let you do this, i want you in the house by 8am.",let want house
ham,"Best line said in Love: . \I will wait till the day I can forget u Or The day u realize that u cannot forget me.\""... Gn""",good line say love   wait till day forget u day u realize u forget gn
ham,I will reach before ten morning,reach morning
ham,Your pussy is perfect!,pussy perfect
ham,"Sorry, I'll call later",sorry ill later
spam,"Someone has contacted our dating service and entered your phone becausethey fancy you! To find out who it is call from a landline 09058098002. PoBox1, W14RG 150p",contact date service enter phone becausethey fancy find landline   pobox wrg p
ham,No message..no responce..what happend?,messageno responcewhat happend
ham,Also where's the piece,s piece
ham,"wiskey Brandy Rum Gin Beer Vodka Scotch Shampain Wine \KUDI\""yarasu dhina vaazhthukkal. ..""",wiskey brandy rum gin beer vodka scotch shampain wine kudiyarasu dhina vaazhthukkal
ham,Boo. How's things? I'm back at home and a little bored already :-(,boo s thing m home little bored
ham,First has she gained more than  &lt;#&gt; kg since she took in. Second has she done the blood sugar tests. If she has and its ok and her blood pressure is within normal limits then no worries,gain   ltgt kg take second blood sugar test ok blood pressure normal limit worry
ham,PICK UR FONE UP NOW U DUMB?,pick ur fone u dumb
ham,"Thanks da thangam, i feel very very happy dear. I also miss you da.",thanks da thangam feel happy dear miss da
ham,"Okey doke. I'm at home, but not dressed cos laying around ill! Speak to you later bout times and stuff. ",okey doke m home dress cos lay ill speak later bout time stuff
ham,I don't run away frm u... I walk slowly &amp; it kills me that u don't care enough to stop me...,not run away frm u walk slowly amp kill u not care stop
ham,"Babe, I'm back ... Come back to me ...",babe m   come
ham,Well you told others you'd marry them...,tell d marry
ham,Neshanth..tel me who r u?,neshanthtel r u
ham,YO YO YO BYATCH WHASSUP?,yo yo yo byatch whassup
ham,Oh... Kay... On sat right?,oh kay sit right
ham,Hi! This is Roger from CL. How are you?,hi roger cl
spam,Babe: U want me dont u baby! Im nasty and have a thing 4 filthyguys. Fancy a rude time with a sexy bitch. How about we go slo n hard! Txt XXX SLO(4msgs),babe u want not u baby m nasty thing   filthyguy fancy rude time sexy bitch slo n hard txt xxx slomsg
ham,Oh oh... Wasted... Den muz chiong on sat n sun liao...,oh oh waste den muz chiong sat n sun liao
ham,Jesus christ bitch I'm trying to give you drugs answer your fucking phone,jesus christ bitch m try drug answer fucking phone
ham,Please give it 2  or i will pick it up on Tuesday evening about 8 if that is ok.,   pick tuesday evening   ok
ham,I'm meeting Darren...,m meet darren
ham,One of best dialogue in cute reltnship..!! \Wen i Die,good dialogue cute reltnship wen die
ham,"Solve d Case : A Man Was Found Murdered On  &lt;DECIMAL&gt; . &lt;#&gt;  AfterNoon. 1,His wife called Police. 2,Police questioned everyone. 3,Wife: Sir,I was sleeping, when the murder took place. 4.Cook: I was cooking. 5.Gardener: I was picking vegetables. 6.House-Maid: I went 2 d post office. 7.Children: We went 2 play. 8.Neighbour: We went 2 a marriage. Police arrested d murderer Immediately. Who's It? Reply With Reason, If U r Brilliant.",solve d case   man find murder   ltdecimalgt   ltgt   afternoon wife call police police question wife siri sleep murder take place cook cook gardener pick vegetable housemaid go   d post office child go   play neighbour go   marriage police arrest d murderer immediately s reply reason u r brilliant
ham,Dear where you will be when i reach there,dear reach
ham,Aww that's the first time u said u missed me without asking if I missed u first. You DO love me! :),aww s time u say u miss ask miss u love
ham,Ok... Thanx... Gd nite 2 Ì_ too...,ok thanx gd nite   
ham,"Come to me right now, Ahmad",come right ahmad
spam,I don't know u and u don't know me. Send CHAT to 86688 now and let's find each other! Only 150p/Msg rcvd. HG/Suite342/2Lands/Row/W1J6HL LDN. 18 years or over.,not know u u not know send chat   let find pmsg rcvd hgsuitelandsrowwjhl ldn   year
ham,Lol please do. Actually send a pic of yourself right now. I wanna see. Pose with a comb and hair dryer or something.,lol actually send pic right wanna pose comb hair dryer
ham,O was not into fps then.,o fps
ham,Huh means computational science... Y they like dat one push here n there...,huh mean computational science y like dat push n
ham,"Could you not read me, my Love ? I answered you",read love   answer
ham,Oh... Lk tt den we take e one tt ends at cine lor... Dun wan yogasana oso can... ,oh lk tt den e tt end cine lor dun wan yogasana oso
ham,"Madam,regret disturbance.might receive a reference check from DLF Premarica.kindly be informed.Rgds,Rakhesh,Kerala.",madamregret disturbancemight receive reference check dlf premaricakindly informedrgdsrakheshkerala
spam,SMS SERVICES For your inclusive text credits pls gotto www.comuk.net login 3qxj9 unsubscribe with STOP no extra charge help 08702840625 comuk.220cm2 9AE,sm service inclusive text credit pls gotto wwwcomuknet login qxj unsubscribe stop extra charge help   comukcm ae
ham,Oic... Then better quickly go bathe n settle down...,oic well quickly bathe n settle
ham,Err... Cud do. I'm going to  at 8pm. I haven't got a way to contact him until then.,err cud m go   pm not get way contact
ham,A bloo bloo bloo I'll miss the first bowl,bloo bloo bloo ill miss bowl
ham,Lmao but its so fun...,lmao fun
ham,Oh k k:)but he is not a big hitter.anyway good,oh k kbut big hitteranyway good
ham,Hey!!! I almost forgot ... Happy B-day babe ! I love ya!!,hey forget   happy bday babe   love ya
spam,Valentines Day Special! Win over å£1000 in our quiz and take your partner on the trip of a lifetime! Send GO to 83600 now. 150p/msg rcvd. CustCare:08718720201,valentine day special win   quiz partner trip lifetime send   pmsg rcvd custcare
ham,Do you think i can move  &lt;#&gt;  in a week,think   ltgt   week
ham,She.s find. I sent you an offline message to know how anjola's now.,s find send offline message know anjola
spam,Guess who am I?This is the first time I created a web page WWW.ASJESUS.COM read all I wrote. I'm waiting for your opinions. I want to be your friend 1/1,guess ithis time create web page wwwasjesuscom read write m wait opinion want friend
ham,How was txting and driving,txte drive
ham,That's good. Lets thank God. Please complete the drug. Have lots of water. And have a beautiful day.,s good let thank god complete drug lot water beautiful day
ham,Really dun bluff me leh... U sleep early too. Nite...,dun bluff leh u sleep early nite
ham,"Indians r poor but India is not a poor country. Says one of the swiss bank directors. He says that \ &lt;#&gt;  lac crore\"" of Indian money is deposited in swiss banks which can be used for 'taxless' budget for  &lt;#&gt;  yrs. Can give  &lt;#&gt;  crore jobs to all Indians. From any village to Delhi 4 lane roads. Forever free power suply to more than  &lt;#&gt;  social projects. Every citizen can get monthly  &lt;#&gt; /- for  &lt;#&gt;  yrs. No need of World Bank &amp; IMF loan. Think how our money is blocked by rich politicians. We have full rights against corrupt politicians. Itna forward karo ki pura INDIA padhe.g.m.\""""",indians r poor india poor country say swiss bank director say   ltgt   lac crore indian money deposit swiss bank taxless budget   ltgt   yrs   ltgt   crore job indians village delhi   lane road forever free power suply   ltgt   social project citizen monthly   ltgt     ltgt   yrs need world bank amp imf loan think money block rich politician right corrupt politician itna forward karo ki pura india padhegm
ham,Uncle boye. I need movies oh. Guide me. Plus you know torrents are not particularly legal here. And the system is slowing down. What should i do. Have a gr8 day. Plus have you started cos i dont meet you online. How was the honey moon.,uncle boye need movie oh guide plus know torrent particularly legal system slow gr day plus start cos not meet online honey moon
ham,Oh ya ya. I remember da. .,oh ya ya remember da
ham,Btw regarding that we should really try to see if anyone else can be our 4th guy before we commit to a random dude,btw try th guy commit random dude
spam,"For ur chance to win å£250 cash every wk TXT: PLAY to 83370. T's&C's www.music-trivia.net custcare 08715705022, 1x150p/wk.",ur chance win   cash wk txt play   tscs wwwmusictrivianet custcare   xpwk
ham,I not busy juz dun wan 2 go so early.. Hee.. ,busy juz dun wan   early hee
ham,Rightio. 11.48 it is then. Well arent we all up bright and early this morning.,rightio   not bright early morning
ham,"Great. I'm in church now, will holla when i get out",great m church holla
ham,Back in brum! Thanks for putting us up and keeping us all and happy. See you soon ,brum thank put keep happy soon
ham,I donno if they are scorable,donno scorable
ham,&lt;#&gt;  great loxahatchee xmas tree burning update: you can totally see stars here,ltgt   great loxahatchee xmas tree burning update totally star
ham,"Yes but i dont care! I need you bad, princess!",yes not care need bad princess
ham,"The guy (kadeem) hasn't been selling since the break, I know one other guy but he's paranoid as fuck and doesn't like selling without me there and I can't be up there til late tonight",guy kadeem not sell break know guy s paranoid fuck not like sell not til late tonight
ham,"Sorry, I'll call later",sorry ill later
ham,Tmr then Ì_ brin lar... Aiya later i come n c lar... Mayb Ì_ neva set properly Ì_ got da help sheet wif Ì_...,tmr   brin lar aiya later come n c lar mayb   neva set properly   get da help sheet wif
ham,Do u knw dis no. &lt;#&gt; ?,u knw dis ltgt
ham,Then she dun believe wat?,dun believe wat
ham,K..give back my thanks.,kgive thank
ham,I know complain num only..bettr directly go to bsnl offc nd apply for it..,know complain num onlybettr directly bsnl offc nd apply
ham,Okay. I've seen it. So i should pick it on friday?,okay ve see pick friday
ham,How much she payed. Suganya.,pay suganya
ham,Left dessert. U wan me 2 go suntec look 4 u?,leave dessert u wan   suntec look   u
ham,"Abeg, make profit. But its a start. Are you using it to get sponsors for the next event?",abeg profit start sponsor event
ham,Onum ela pa. Normal than.,onum ela pa normal
ham,K.k..how is your sister kids?,kkhow sister kid
ham,"Cool, I'll text you when I'm on the way",cool ill text m way
ham,Nope. Meanwhile she talk say make i greet you.,nope talk greet
ham,i cant talk to you now.i will call when i can.dont keep calling.,not talk nowi candont call
ham,Anything lar...,lar
ham,"Rose needs water, season needs change, poet needs imagination..My phone needs ur sms and i need ur lovely frndship forever....",rise need water season need change poet need imaginationmy phone need ur sm need ur lovely frndship forever
ham,"Good afternoon, babe. How goes that day ? Any job prospects yet ? I miss you, my love ... *sighs* ... :-(",good afternoon babe go day   job prospect   miss love   sigh  
ham,They will pick up and drop in car.so no problem..,pick drop carso problem
ham,S.i think he is waste for rr..,si think waste rr
ham,He is world famamus....,world famamus
ham,Is there coming friday is leave for pongal?do you get any news from your work place.,come friday leave pongaldo news work place
ham,Lol well don't do it without me. We could have a big sale together.,lol not big sale
ham,* Am on my way,  way
ham,Eat at old airport road... But now 630 oredi... Got a lot of pple...,eat old airport road   oredi get lot pple
ham,"sry can't talk on phone, with parents",sry not talk phone parent
spam,"Final Chance! Claim ur å£150 worth of discount vouchers today! Text YES to 85023 now! SavaMob, member offers mobile! T Cs SavaMob POBOX84, M263UZ. å£3.00 Subs 16",final chance claim ur   worth discount voucher today text yes   savamob member offer mobile t cs savamob pobox muz   sub
ham,Ok lor wat time Ì_ finish?,ok lor wat time   finish
ham,"Princess, i like to make love  &lt;#&gt;  times per night. Hope thats not a problem!",princess like love   ltgt   time night hope s problem
ham,Mm i am on the way to railway,mm way railway
ham,i dnt wnt to tlk wid u,dnt wnt tlk wid u
ham,"I'm done. I'm sorry. I hope your next space gives you everything you want. Remember all the furniture is yours. If i'm not around when you move it, just lock all the locks and leave the key with jenne.",m m sorry hope space give want remember furniture m lock lock leave key jenne
ham,Not yet. Just i'd like to keep in touch and it will be the easiest way to do that from barcelona. By the way how ru and how is the house?,d like touch easy way barcelona way ru house
spam,"Sppok up ur mob with a Halloween collection of nokia logo&pic message plus a FREE eerie tone, txt CARD SPOOK to 8007",sppok ur mob halloween collection nokia logopic message plus free eerie tone txt card spook
spam,"Urgent! call 09066612661 from landline. Your complementary 4* Tenerife Holiday or å£10,000 cash await collection SAE T&Cs PO Box 3 WA14 2PX 150ppm 18+ Sender: Hol Offer",urgent   landline complementary   tenerife holiday   cash await collection sae tcs po box   wa px ppm   sender hol offer
ham,K.:)do it at evening da:)urgent:),kdo evening daurgent
ham,Pansy! You've been living in a jungle for two years! Its my driving you should be more worried about!,pansy ve live jungle year driving worried
ham,Mm have some kanji dont eat anything heavy ok,mm kanji not eat heavy ok
ham,Only if you promise your getting out as SOON as you can. And you'll text me in the morning to let me know you made it in ok.,promise get soon ll text morning let know ok
ham,Lol that's different. I don't go trying to find every real life photo you ever took.,lol s different not try find real life photo take
ham,I dont thnk its a wrong calling between us,not thnk wrong calling
ham,K ill drink.pa then what doing. I need srs model pls send it to my mail id pa.,k ill drinkpa need srs model pls send mail d pa
ham,Aiyah e rain like quite big leh. If drizzling i can at least run home.,aiyah e rain like big leh drizzle run home
ham,I have 2 docs appointments next week.:/ I'm tired of them shoving stuff up me. Ugh why couldn't I have had a normal body?,  doc appointment week m tired shove stuff ugh not normal body
ham,Dun b sad.. It's over.. Dun thk abt it already. Concentrate on ur other papers k.,dun b sad dun thk abt concentrate ur paper k
ham,"Greetings me, ! Consider yourself excused.",greeting   consider excuse
ham,No drama Pls.i have had enough from you and family while i am struggling in the hot sun in a strange place.No reason why there should be an ego of not going 'IF NOT INVITED' when actually its necessity to go.wait for very serious reppurcussions.,drama plsi family struggle hot sun strange placeno reason ego go invite actually necessity gowait reppurcussion
ham,they released another Italian one today and it has a cosign option,release italian today cosign option
ham,"You at mu? You should try to figure out how much money everyone has for gas and alcohol, jay and I are trying to figure out our weed budget",mu try figure money gas alcohol jay try figure weed budget
spam,WINNER! As a valued network customer you hvae been selected to receive a å£900 reward! To collect call 09061701444. Valid 24 hours only. ACL03530150PM,winner value network customer hvae select receive   reward collect   valid   hour aclpm
ham,HCL chennai requires FRESHERS for voice process.Excellent english needed.Salary upto  &lt;#&gt; .Call Ms.Suman  &lt;#&gt;  for Telephonic interview -via Indyarocks.com,hcl chennai require fresher voice processexcellent english neededsalary upto   ltgt mssuman   ltgt   telephonic interview indyarockscom
ham,Dai what this da.. Can i send my resume to this id.,dai da send resume d
ham,"I know where the  &lt;#&gt;  is, I'll be there around 5",know   ltgt   ill
ham,Yup i've finished c Ì_ there...,yup ve finish c  
ham,Remember to ask alex about his pizza,remember ask alex pizza
ham,No da..today also i forgot..,datoday forget
ham,"Ola would get back to you maybe not today but I ve told him you can be his direct link in the US in getting cars he bids for online, you arrange shipping and you get a cut. Or U????? For a partnership where U????? Invest money for shipping and he takes care of the rest!U??Wud b self reliant soon dnt worry",ola maybe today ve tell direct link get car bid online arrange shipping cut u partnership u invest money shipping take care restuwud b self reliant soon dnt worry
ham,Fwiw the reason I'm only around when it's time to smoke is that because of gas I can only afford to be around when someone tells me to be and that apparently only happens when somebody wants to light up,fwiw reason m time smoke gas afford tell apparently happen somebody want light
ham,"Hello, my boytoy! I made it home and my constant thought is of you, my love. I hope your having a nice visit but I can't wait till you come home to me ...*kiss*",hello boytoy home constant thought love hope have nice visit not wait till come home kiss
ham,Congrats kano..whr s the treat maga?,congrats kanowhr s treat maga
ham,Who u talking about?,u talk
ham,Yup...,yup
ham,Ok...,ok
ham,"U wake up already? Wat u doing? U picking us up later rite? I'm taking sq825, reaching ard 7 smth 8 like dat. U can check e arrival time. C ya soon...",u wake wat u u pick later rite m take sq reach ard   smth   like dat u check e arrival time c ya soon
ham,Yunny i'm walking in citylink now Ì_ faster come down... Me very hungry...,yunny m walk citylink   fast come hungry
ham,Er yep sure. Props?,er yep sure prop
ham,"Hiya , have u been paying money into my account? If so, thanks. Got a pleasant surprise when i checked my balance -u c, i don't get statements 4 that acc",hiya   u pay money account thank get pleasant surprise check balance u c not statement   acc
spam,U have won a nokia 6230 plus a free digital camera. This is what u get when u win our FREE auction. To take part send NOKIA to 83383 now. POBOX114/14TCR/W1 16,u win nokia   plus free digital camera u u win free auction send nokia   poboxtcrw
ham,Ok ill send you with in  &lt;DECIMAL&gt;  ok.,ok ill send   ltdecimalgt   ok
ham,Bognor it is! Should be splendid at this time of year.,bognor splendid time year
ham,Yes.i'm in office da:),yesim office da
ham,"Sorry, I'll call later",sorry ill later
ham,Joy's father is John. Then John is the NAME of Joy's father. Mandan,joys father john john joys father mandan
ham,Ok. I only ask abt e movie. U wan ktv oso?,ok ask abt e movie u wan ktv oso
ham,Misplaced your number and was sending texts to your old number. Wondering why i've not heard from you this year. All the best in your mcat. Got this number from my atlanta friends,misplace number send text old number wonder ve hear year good mcat get number atlanta friend
ham,"Sorry, I'll call later",sorry ill later
ham,Dunno lei... I might b eatin wif my frens... If Ì_ wan to eat then i wait 4 Ì_ lar,dunno lei b eatin wif fren   wan eat wait    lar
ham,"Sorry, I'll call later",sorry ill later
spam,FREE entry into our å£250 weekly comp just send the word WIN to 80086 NOW. 18 T&C www.txttowin.co.uk,free entry   weekly comp send word win     tc wwwtxttowincouk
ham,"Say this slowly.? GOD,I LOVE YOU &amp; I NEED YOU,CLEAN MY HEART WITH YOUR BLOOD.Send this to Ten special people &amp; u c miracle tomorrow, do it,pls,pls do it...",slowly godi love amp need youclean heart bloodsend special people amp u c miracle tomorrow itplspls
ham,Do u noe how 2 send files between 2 computers?,u noe   send file   computer
ham,"Mmmmm ... I loved waking to your words this morning ! I miss you too, my Love. I hope your day goes well and you are happy. I wait for us to be together again",mmmmm   love wake word morning   miss love hope day go happy wait
ham,jay says he'll put in  &lt;#&gt;,jay say hell   ltgt
ham,Can you just come in for a sec? There's somebody here I want you to see,come sec s somebody want
ham,So the sun is anti sleep medicine.,sun anti sleep medicine
ham,What's happening with you. Have you gotten a job and have you begun registration for permanent residency,s happen get job begin registration permanent residency
ham,Yup ok...,yup ok
ham,Glad it went well :) come over at 11 then we'll have plenty of time before claire goes to work.,glad go   come   plenty time claire go work
ham,Ok enjoy . R u there in home.,ok enjoy   r u home
ham,"Can you pls pls send me a mail on all you know about relatives coming to deliver here? All you know about costs, risks, benefits and anything else. Thanks.",pls pls send mail know relative come deliver know cost risk benefit thank
ham,You do what all you like,like
ham,That's y we haf to combine n c how lor...,s y haf combine n c lor
ham,The monthly amount is not that terrible and you will not pay anything till 6months after finishing school.,monthly terrible pay till month finish school
ham,Hmmm:)how many players selected?,hmmmhow player select
ham,"They said if its gonna snow, it will start around 8 or 9 pm tonite! They are predicting an inch of accumulation.",say go to snow start     pm tonite predict inch accumulation
ham,I dont. Can you send it to me. Plus how's mode.,not send plus s mode
ham,Aiyo please Ì_ got time meh.,aiyo   get time meh
ham,Package all your programs well,package program
ham,"She is our sister.. She belongs 2 our family.. She is d hope of tomorrow.. Pray 4 her,who was fated 4 d Shoranur train incident. Lets hold our hands together &amp; fuelled by love &amp; concern prior 2 her grief &amp; pain. Pls join in dis chain &amp; pass it. STOP VIOLENCE AGAINST WOMEN.",sister belong   family d hope tomorrow pray   herwho fat   d shoranur train incident let hold hand amp fuel love amp concern prior   grief amp pain pls join dis chain amp pass stop violence woman
ham,So are you guys asking that i get that slippers again or its gone with last year,guy ask slipper go year
ham,Company is very good.environment is terrific and food is really nice:),company goodenvironment terrific food nice
spam,"Text82228>> Get more ringtones, logos and games from www.txt82228.com. Questions: info@txt82228.co.uk",text ringtone logo game wwwtxtcom question infotxtcouk
ham,Honestly i've just made a lovely cup of tea and promptly dropped my keys in it and then burnt my fingers getting them out!,honestly ve lovely cup tea promptly drop key burn finger get
ham,Yup but not studying surfing lor. I'm in e lazy mode today.,yup study surf lor m e lazy mode today
ham,Please sen :)my kind advice :-)please come here and try:-),sen kind advice come try
ham,I'm done. C Ì_ there.,m c  
ham,"Oh fine, I'll be by tonight",oh fine ill tonight
ham,ÌÏ give me some time to walk there.,  time walk
ham,I'll reach in ard 20 mins ok...,ill reach ard   min ok
spam,"FreeMSG You have been awarded a FREE mini DIGITAL CAMERA, just reply SNAP to collect your prize! (quizclub Opt out? Stop 80122300p/wk SP:RWM Ph:08704050406)",freemsg award free mini digital camera reply snap collect prize quizclub opt stop pwk sprwm ph
ham,Fuck babe ... What happened to you ? How come you never came back?,fuck babe   happen   come come
spam,This message is brought to you by GMW Ltd. and is not connected to the,message bring gmw ltd connect
ham,"Some friends want me to drive em someplace, probably take a while",friend want drive em someplace probably
ham,I also thk too fast... Xy suggest one not me. U dun wan it's ok. Going 2 rain leh where got gd.,thk fast xy suggest u dun wan ok go   rain leh get gd
ham,Are you still getting the goods.,get good
ham,And maybe some pressies,maybe pressie
ham,"Yeah I am, so I'll leave maybe 7ish?",yeah ill leave maybe ish
ham,K..k..i'm also fine:)when will you complete the course?,kkim finewhen complete course
ham,"Under the sea, there lays a rock. In the rock, there is an envelope. In the envelope, there is a paper. On the paper, there are 3 words... '",sea lay rock rock envelope envelope paper paper   word
ham,I told her I had a Dr appt next week. She thinks I'm gonna die. I told her its just a check. Nothing to be worried about. But she didn't listen.,tell dr appt week think m go to die tell check worried not listen
ham,You in your room? I need a few,room need
ham,I dont want to hear anything,not want hear
ham,Hey. For me there is no leave on friday. Wait i will ask my superior and tell you..,hey leave friday wait ask superior tell
ham,Ultimately tor motive tui achieve korli.,ultimately tor motive tui achieve korli
ham,From 5 to 2 only my work timing.,    work timing
ham,Û_ and donÛ÷t worry weÛ÷ll have finished by march Û_ ish!,  not worry finish march   ish
ham,"The house is on the water with a dock, a boat rolled up with a newscaster who dabbles in jazz flute behind the wheel",house water dock boat roll newscaster dabble jazz flute wheel
spam,"Congrats 2 mobile 3G Videophones R yours. call 09063458130 now! videochat wid ur mates, play java games, Dload polypH music, noline rentl. bx420. ip4. 5we. 150p",congrat   mobile g videophone r   videochat wid ur mate play java games dload polyph music noline rentl bx ip p
spam,Your next amazing xxx PICSFREE1 video will be sent to you enjoy! If one vid is not enough for 2day text back the keyword PICSFREE1 to get the next video.,amazing xxx picsfree video send enjoy vid day text keyword picsfree video
ham,Now thats going to ruin your thesis!,s go ruin thesis
ham,In sch but neva mind u eat 1st lor..,sch neva mind u eat st lor
ham,Hey whats up? U sleeping all morning?,hey s u sleep morning
ham,Erm. I thought the contract ran out the4th of october.,erm think contract run theth october
ham,I dunno until when... Lets go learn pilates...,dunno let learn pilate
spam,U are subscribed to the best Mobile Content Service in the UK for å£3 per ten days until you send STOP to 83435. Helpline 08706091795.,u subscribe good mobile content service uk   day send stop   helpline
ham,Yup i'm elaborating on the safety aspects and some other issues..,yup m elaborate safety aspect issue
spam,"3 FREE TAROT TEXTS! Find out about your love life now! TRY 3 FOR FREE! Text CHANCE to 85555 16 only! After 3 Free, Msgs å£1.50 each",  free tarot text find love life try   free text chance      free msgs  
ham,"Goodmorning, today i am late for 1hr.",goodmorning today late hr
ham,Hi happy birthday. Hi hi hi hi hi hi hi,hi happy birthday hi hi hi hi hi hi hi
ham,I will be outside office take all from there,outside office
ham,If you don't respond imma assume you're still asleep and imma start calling n shit,not respond imma assume asleep imma start call n shit
ham,"Aight, see you in a bit",aight bit
ham,My superior telling that friday is leave for all other department except ours:)so it will be leave for you:)any way call waheed fathima hr and conform it:),superior telling friday leave department oursso leave youany way wahee fathima hr conform
spam,Join the UK's horniest Dogging service and u can have sex 2nite!. Just sign up and follow the instructions. Txt ENTRY to 69888 now! Nyt.EC2A.3LP.msg@150p,join uks horny dog service u sex nite sign follow instruction txt entry   nytecalpmsgp
ham,Lol I have to take it. member how I said my aunt flow didn't visit for 6 months? It's cause I developed ovarian cysts. Bc is the only way to shrink them.,lol member say aunt flow not visit   month cause develop ovarian cyst bc way shrink
ham,Still work going on:)it is very small house.,work go onit small house
ham,"My friend just got here and says he's upping his order by a few grams (he's got $ &lt;#&gt; ), when can you get here?",friend get say s up order gram s get   ltgt  
ham,Tmr timin still da same wat cos i got lesson until 6...,tmr timin da wat cos get lesson
ham,"ThatÛ÷s the thing with apes, u can fight to the death to keep something, but the minute they have it when u let go, thats it!",s thing ape u fight death minute u let s
spam,Sunshine Quiz Wkly Q! Win a top Sony DVD player if u know which country Liverpool played in mid week? Txt ansr to 82277. å£1.50 SP:Tyrone,sunshine quiz wkly q win sony dvd player u know country liverpool play mid week txt ansr    sptyrone
ham,No i'm not gonna be able to. || too late notice. || i'll be home in a few weeks anyway. || what are the plans,m go to able   late notice   ill home week   plan
ham,"Got fujitsu, ibm, hp, toshiba... Got a lot of model how to say...",get fujitsu ibm hp toshiba get lot model
ham,Okie... Thanx...,okie thanx
ham,"Gosh that , what a pain. Spose I better come then.",gosh   pain spose well come
ham,"As usual..iam fine, happy &amp; doing well..:)",usualiam fine happy amp
ham,Okie,okie
ham,So when you gonna get rimac access ,go to rimac access
ham,"\Im at arestaurant eating squid! i will be out about 10:30 wanna dosomething or is that to late?\""""",m arestaurant eat squid   wanna dosomethe late
ham,You call times job today ok umma and ask them to speed up,time job today ok umma ask speed
ham,"\HELLO U.CALL WEN U FINISH WRK.I FANCY MEETIN UP WIV U ALL TONITE AS I NEED A BREAK FROM DABOOKS. DID 4 HRS LAST NITE+2 TODAY OF WRK!\""""",hello ucall wen u finish wrki fancy meetin wiv u tonite need break dabook   hrs nite today wrk
ham,R U &SAM P IN EACHOTHER. IF WE MEET WE CAN GO 2 MY HOUSE,r u sam p eachother meet   house
ham,:-) yeah! Lol. Luckily i didn't have a starring role like you!,  yeah lol luckily not star role like
ham,Hello madam how are you ?,hello madam
ham,"Awesome, text me when you're restocked",awesome text restock
ham,"As usual..iam fine, happy &amp; doing well..:)",usualiam fine happy amp
spam,Knock Knock Txt whose there to 80082 to enter r weekly draw 4 a å£250 gift voucher 4 a store of yr choice. T&Cs www.tkls.com age16 to stoptxtstopå£1.50/week,knock knock txt   enter r weekly draw     gift voucher   store yr choice tcs wwwtklscom age stoptxtstopweek
ham,Yes. It's all innocent fun. O:-),yes innocent fun o
ham,Thanks for sending this mental ability question..,thank send mental ability question
ham,"Sir, hope your day is going smoothly. i really hoped i wont have to bother you about this. I have some bills that i can't settle this month. I am out of all extra cash. I know this is a challenging time for you also but i have to let you know.",sir hope day go smoothly hop will not bother bill not settle month extra cash know challenging time let know
ham,2marrow only. Wed at  &lt;#&gt;  to 2 aha.,marrow d   ltgt     aha
ham,I went to ur hon lab but no one is there.,go ur hon lab
ham,I cant pick the phone right now. Pls send a message,not pick phone right pls send message
ham,Hey pple...$700 or $900 for 5 nights...Excellent location wif breakfast hamper!!!,hey pple     nightsexcellent location wif breakfast hamper
spam,<Forwarded from 21870000>Hi - this is your Mailbox Messaging SMS alert. You have 40 matches. Please call back on 09056242159 to retrieve your messages and matches cc100p/min,forward hi   mailbox message sms alert   match   retrieve message match ccpmin
ham,How come?,come
ham,Lol! Nah wasn't too bad thanks. Its good to b home but its been quite a reality check. Hows ur day been? Did u do anything with website?,lol nah not bad thank good b home reality check s ur day u website
ham,Ok lor...,ok lor
ham,I'm coming home 4 dinner.,m come home   dinner
ham,S da..al r above  &lt;#&gt;,s daal r   ltgt
spam,"FREE RING TONE just text \POLYS\"" to 87131. Then every week get a new tone. 0870737910216yrs only å£1.50/wk.""",free ring tone text polys   week new tone yrs wk
ham,Unni thank you dear for the recharge..Rakhesh,unni thank dear rechargerakhesh
ham,I know I'm lacking on most of this particular dramastorm's details but for the most part I'm not worried about that,know m lack particular dramastorm detail m worried
ham,Haha... They cant what... At the most tmr forfeit... haha so how?,haha not tmr forfeit haha
ham,"Hey there! Glad u r better now. I hear u treated urself to a digi cam, is it good? We r off at 9pm. Have a fab new year, c u in coupla wks!",hey glad u r well hear u treat urself digi cam good r pm fab new year c u coupla wk
ham,No way I'm going back there!,way m go
spam,"URGENT! Your mobile No 077xxx WON a å£2,000 Bonus Caller Prize on 02/06/03! This is the 2nd attempt to reach YOU! Call 09066362206 ASAP! BOX97N7QP, 150ppm",urgent mobile xxx win   bonus caller prize   nd attempt reach   asap boxnqp ppm
ham,I WILL CAL YOU SIR. In meeting,cal sir meeting
ham,"That's what I love to hear :V see you sundayish, then",s love hear v sundayish
ham,"Sorry da thangam, very very sorry i am held up with prasad.",sorry da thangam sorry hold prasad
ham,Tiwary to rcb.battle between bang and kochi.,tiwary rcbbattle bang kochi
ham,Thank god they are in bed!,thank god bed
ham,No I don't have cancer. Moms making a big deal out of a regular checkup aka pap smear,not cancer mom make big deal regular checkup aka pap smear
ham,Am in gobi arts college,gobi arts college
ham,Why she wants to talk to me,want talk
ham,Pandy joined 4w technologies today.he got job..,pandy join w technology todayhe get job
spam,"You are guaranteed the latest Nokia Phone, a 40GB iPod MP3 player or a å£500 prize! Txt word: COLLECT to No: 83355! IBHltd LdnW15H 150p/Mtmsgrcvd18",guarantee late nokia phone gb ipod mp player   prize txt word collect   ibhltd ldnwh pmtmsgrcvd
ham,"They can try! They can get lost, in fact. Tee hee",try lose fact tee hee
ham,Hi! You just spoke to MANEESHA V. We'd like to know if you were satisfied with the experience. Reply Toll Free with Yes or No.,hi speak maneesha v d like know satisfied experience reply toll free yes
ham,My friends use to call the same.,friend use
ham,"Sorry, I'll call later",sorry ill later
ham,"Em, its olowoyey@ usc.edu have a great time in argentina. Not sad about secretary, everything is a blessing",em olowoyey uscedu great time argentina sad secretary blessing
ham,"It,,s a taxt massage....tie-pos argh ok! Lool!",taxt massagetiepos argh ok lool
ham,"Hi, can i please get a  &lt;#&gt;  dollar loan from you. I.ll pay you back by mid february. Pls.",hi   ltgt   dollar loan ill pay mid february pls
ham,"You might want to pull out more just in case and just plan on not spending it if you can, I don't have much confidence in derek and taylor's money management",want pull case plan spend not confidence derek taylor money management
ham,Do you like shaking your booty on the dance floor?,like shake booty dance floor
ham,"Text me when you get off, don't call, my phones having problems",text not phone have problem
ham,No need for the drug anymore.,need drug anymore
ham,Sorry da:)i was thought of calling you lot of times:)lil busy.i will call you at noon..,sorry dai think call lot timeslil busyi noon
ham,Its sarcasm.. .nt scarcasim,sarcasm not scarcasim
ham,Great! I have to run now so ttyl!,great run ttyl
ham,Feel like trying kadeem again? :V,feel like try kadeem v
ham,Dai  &lt;#&gt;  naal eruku.,dai   ltgt   naal eruku
ham,Not yet chikku..wat abt u?,chikkuwat abt u
ham,Ok...,ok
ham,Want to finally have lunch today?,want finally lunch today
ham,Do you know when dad will be back?,know dad
spam,"Hello darling how are you today? I would love to have a chat, why dont you tell me what you look like and what you are in to sexy?",hello darle today love chat not tell look like sexy
spam,8007 FREE for 1st week! No1 Nokia tone 4 ur mob every week just txt NOKIA to 8007 Get txting and tell ur mates www.getzed.co.uk POBox 36504 W4 5WQ norm 150p/tone 16+,  free st week nokia tone   ur mob week txt nokia   txte tell ur mate wwwgetzedcouk pobox   w wq norm ptone
ham,He remains a bro amongst bros,remain bro bros
ham,R u meeting da ge at nite tmr?,r u meet da ge nite tmr
ham,"* Was a nice day and, impressively, i was sensible, went home early and now feel fine. Or am i just boring?! When's yours, i can't remember.",  nice day impressively sensible go home early feel fine boring s not remember
ham,Why de. You looking good only:-)..,de look good
spam,Wanna get laid 2nite? Want real Dogging locations sent direct to ur mobile? Join the UK's largest Dogging Network. Txt PARK to 69696 now! Nyt. ec2a. 3lp å£1.50/msg,wanna lay nite want real dog location send direct ur mobile join uks large dog network txt park   nyt eca lp msg
spam,we tried to contact you re your response to our offer of a new nokia fone and camcorder hit reply or call 08000930705 for delivery,try contact response offer new nokia fone camcorder hit reply   delivery
ham,Yes. They replied my mail. I'm going to the management office later. Plus will in to bank later also.or on wednesday.,yes reply mail m go management office later plus bank later alsoor wednesday
ham,"That's cool, I'll come by like  &lt;#&gt; ish",s cool ill come like   ltgt ish
ham,Super msg da:)nalla timing.,super msg danalla timing
ham,"Good afternoon, my boytoy ... How are you feeling today ? Better I hope? Are you being my good boy? Are you my obedient, slave? Do you please your Queen?",good afternoon boytoy   feel today   well hope good boy obedient slave queen
ham,I am 6 ft. We will be a good combination!,  ft good combination
ham,I'm sick !! I'm needy !! I want you !! *pouts* *stomps feet* Where are you ?! *pouts* *stomps feet* I want my slave !! I want him now !!,m sick   m needy   want   pout stomp foot   pout stomp foot want slave   want
ham,* Am on a train back from northampton so i'm afraid not!,  train northampton m afraid
ham,Where in abj are you serving. Are you staying with dad or alone.,abj serve stay dad
ham,Was playng 9 doors game and gt racing on phone lol,playng   door game gt race phone lol
spam,"New Tones This week include: 1)McFly-All Ab.., 2) Sara Jorge-Shock.. 3) Will Smith-Switch.. To order follow instructions on next message",new tone week include mcflyall ab   sara jorgeshock   smithswitch order follow instruction message
ham,"Solve d Case : A Man Was Found Murdered On  &lt;DECIMAL&gt; . &lt;#&gt;  AfterNoon. 1,His wife called Police. 2,Police questioned everyone. 3,Wife: Sir,I was sleeping, when the murder took place. 4.Cook: I was cooking. 5.Gardener: I was picking vegetables. 6.House-Maid: I went 2 d post office. 7.Children: We went 2 play. 8.Neighbour: We went 2 a marriage. Police arrested d murderer Immediately. Who's It? Reply With Reason, If U r Brilliant.",solve d case   man find murder   ltdecimalgt   ltgt   afternoon wife call police police question wife siri sleep murder take place cook cook gardener pick vegetable housemaid go   d post office child go   play neighbour go   marriage police arrest d murderer immediately s reply reason u r brilliant
ham,I'm on da bus going home...,m da bus go home
ham,I got a call from a landline number. . . I am asked to come to anna nagar . . . I will go in the afternoon,get landline number    ask come anna nagar     afternoon
ham,I'm okay. Chasing the dream. What's good. What are you doing next.,m okay chase dream s good
ham,Yupz... I've oredi booked slots 4 my weekends liao... ,yupz ve oredi book slot   weekend liao
spam,URGENT! We are trying to contact U. Todays draw shows that you have won a å£800 prize GUARANTEED. Call 09050003091 from land line. Claim C52. Valid 12hrs only,urgent try contact u todays draw show win   prize guarantee   land line claim c valid hrs
ham,There r many model..sony ericson also der.. &lt;#&gt; ..it luks good bt i forgot modl no,r modelsony ericson der ltgt luk good bt forget modl
ham,Okie,okie
ham,Yes I know the cheesy songs from frosty the snowman :),yes know cheesy song frosty snowman
ham,"Ya ok, vikky vl c witin  &lt;#&gt; mins and il reply u..",ya ok vikky vl c witin   ltgt min il reply u
spam,sports fans - get the latest sports news str* 2 ur mobile 1 wk FREE PLUS a FREE TONE Txt SPORT ON to 8007 www.getzed.co.uk 0870141701216+ norm 4txt/120p ,sport fan   late sport news str   ur mobile   wk free plus free tone txt sport   wwwgetzedcouk   norm txtp
ham,Hey tmr meet at bugis 930 ?,hey tmr meet bugis  
spam,"Urgent Urgent! We have 800 FREE flights to Europe to give away, call B4 10th Sept & take a friend 4 FREE. Call now to claim on 09050000555. BA128NNFWFLY150ppm",urgent urgent   free flight europe away b th sept   friend   free claim   bannfwflyppm
ham,All these nice new shirts and the only thing I can wear them to is nudist themed ;_; you in mu?,nice new shirt thing wear nudist theme   mu
ham,Hey sexy buns! What of that day? No word from you this morning on YM ... :-( ... I think of you,hey sexy bun day word morning ym     think
ham,And whenever you and i see we can still hook up too.,hook
ham,Nope but i'm going home now then go pump petrol lor... Like going 2 rain soon...,nope m go home pump petrol lor like go   rain soon
ham,Can you use foreign stamps for whatever you send them off for? ,use foreign stamp send
spam,FROM 88066 LOST å£12 HELP,  lose   help
ham,Oh baby of the house. How come you dont have any new pictures on facebook,oh baby house come not new picture facebook
ham,"Feb  &lt;#&gt;  is \I LOVE U\"" day. Send dis to all ur \""VALUED FRNDS\"" evn me. If 3 comes back u'll gt married d person u luv! If u ignore dis u will lose ur luv 4 Evr""",feb   ltgt   love u day send dis ur value frnd evn   come ull gt marry d person u luv u ignore dis u lose ur luv   evr
ham,"Hiya, sorry didn't hav signal. I haven't seen or heard from and neither has, which is unusual in itself! I'll put on the case and get him to sort it out! Hugs and snogs.",hiya sorry not hav signal not see hear unusual ill case sort hug snog
ham,"Omw back to tampa from west palm, you hear what happened?",omw tampa west palm hear happen
ham,Yup no more already... Thanx 4 printing n handing it up.,yup thanx   printing n hand
spam,FreeMsg: Fancy a flirt? Reply DATE now & join the UKs fastest growing mobile dating service. Msgs rcvd just 25p to optout txt stop to 83021. Reply DATE now!,freemsg fancy flirt reply date   join uks fast grow mobile date service msgs rcvd p optout txt stop   reply date
ham,What i mean is do they come chase you out when its over or is it stated you can watch as many movies as you want.,mean come chase state watch movie want
ham,S now only i took tablets . Reaction morning only.,s take tablet   reaction morning
spam,Great NEW Offer - DOUBLE Mins & DOUBLE Txt on best Orange tariffs AND get latest camera phones 4 FREE! Call MobileUpd8 free on 08000839402 NOW! or 2stoptxt T&Cs,great new offer   double min   double txt good orange tariff late camera phone   free mobileupd free   stoptxt tcs
ham,"Nah, I'm a perpetual DD",nah m perpetual dd
ham,Sorry de i went to shop.,sorry de go shop
spam,Hope you enjoyed your new content. text stop to 61610 to unsubscribe. help:08712400602450p Provided by tones2you.co.uk,hope enjoy new content text stop   unsubscribe helpp provide tonesyoucouk
ham,"Wen ur lovable bcums angry wid u, dnt take it seriously.. Coz being angry is d most childish n true way of showing deep affection, care n luv!.. kettoda manda... Have nice day da.",wen ur lovable bcum angry wid u dnt seriously coz angry d childish n true way show deep affection care n luv kettoda manda nice day da
ham,Hey you still want to go for yogasana? Coz if we end at cine then can go bathe and hav the steam bath,hey want yogasana coz end cine bathe hav steam bath
ham,Nope i'm not drivin... I neva develop da photos lei...,nope m drivin neva develop da photo lei
ham,I am thinking of going down to reg for pract lessons.. Flung my advance.. Haha wat time u going?,think go reg pract lesson fling advance haha wat time u go
ham,Cool. I am  &lt;#&gt;  inches long. hope you like them big!,cool   ltgt   inch long hope like big
ham,"House-Maid is the murderer, coz the man was murdered on  &lt;#&gt; th January.. As public holiday all govt.instituitions are closed,including post office..understand?",housemaid murderer coz man murder   ltgt th january public holiday govtinstituition closedinclude post officeunderstand
ham,Okie.. Thanx..,okie thanx
spam,18 days to Euro2004 kickoff! U will be kept informed of all the latest news and results daily. Unsubscribe send GET EURO STOP to 83222.,  day euro kickoff u keep inform late news result daily unsubscribe send euro stop
ham,Go where n buy? Juz buy when we get there lar.,n buy juz buy lar
ham,Ok lor...,ok lor
ham,I'm working technical support :)voice process.,m work technical support voice process
ham,It's justbeen overa week since we broke up and already our brains are going to mush!,justbeen overa week break brain go mush
ham,"Tunde, how are you doing. This is just wishing you a great day. Abiola.",tunde wish great day abiola
ham,Nope... C Ì_ then...,nope c  
ham,No. But we'll do medical missions to nigeria,medical mission nigeria
ham,No i am not having not any movies in my laptop,have movie laptop
ham,Whatsup there. Dont u want to sleep,whatsup not u want sleep
spam,Urgent Please call 09066612661 from landline. å£5000 cash or a luxury 4* Canary Islands Holiday await collection. T&Cs SAE award. 20M12AQ. 150ppm. 16+ ÛÏ,urgent   landline   cash luxury   canary islands holiday await collection tcs sae award maq ppm  
spam,"Urgent! Please call 09066612661 from your landline, your complimentary 4* Lux Costa Del Sol holiday or å£1000 CASH await collection. ppm 150 SAE T&Cs James 28, EH74RR",urgent   landline complimentary   lux costa del sol holiday   cash await collection ppm   sae tcs james   ehrr
ham,I havent lei.. Next mon can?,not lei mon
ham,Mm feeling sleepy. today itself i shall get that dear,mm feel sleepy today shall dear
ham,How dare you stupid. I wont tell anything to you. Hear after i wont talk to you:-.,dare stupid will not tell hear will not talk
ham,Do Ì_ noe if ben is going?,  noe ben go
ham,Can you do a mag meeting this avo at some point?,mag meeting avo point
ham,I meant middle left or right?,mean middle left right
ham,Really? I crashed out cuddled on my sofa.,crash cuddled sofa
ham,Hi Chachi tried calling u now unable to reach u .. Pl give me a missed cal once u c tiz msg  Kanagu,hi chachi try call u unable reach u   pl miss cal u c tiz msg   kanagu
ham,"I sent you the prices and do you mean the  &lt;#&gt; g,",send price mean   ltgt g
ham,Are you this much buzy,buzy
ham,Nothing. Can...,
spam,I don't know u and u don't know me. Send CHAT to 86688 now and let's find each other! Only 150p/Msg rcvd. HG/Suite342/2Lands/Row/W1J6HL LDN. 18 years or over.,not know u u not know send chat   let find pmsg rcvd hgsuitelandsrowwjhl ldn   year
ham,No * am working on the ringing u thing but have whole houseful of screaming brats so * am pulling my hair out! Loving u,  work ring u thing houseful scream brat   pull hair love u
ham,But my family not responding for anything. Now am in room not went to home for diwali but no one called me and why not coming. It makes me feel like died.,family respond room go home diwali call come make feel like die
ham,"Tick, tick, tick ... Babe",tick tick tick   babe
ham,R Ì_ going 4 today's meeting?,r   go   today meeting
ham,K da:)how many page you want?,k dahow page want
ham,Ya had just now.onion roast.,ya nowonion roast
ham,Send his number and give reply tomorrow morning for why you said that to him like that ok,send number reply tomorrow morning say like ok
ham,You said not now. No problem. When you can. Let me know.,say problem let know
ham,Ok but tell me half an hr b4 u come i need 2 prepare.,ok tell half hr b u come need   prepare
ham,Play w computer? Aiyah i tok 2 u lor?,play w computer aiyah tok   u lor
ham,Sat right? Okay thanks... ,sit right okay thank
ham,"Derp. Which is worse, a dude who always wants to party or a dude who files a complaint about the three drug abusers he lives with",derp bad dude want party dude file complaint drug abuser live
ham,Ok Chinese food on its way. When I get fat you're paying for my lipo.,ok chinese food way fat pay lipo
ham,We r outside already.,r outside
ham,Have a good trip. Watch out for . Remember when you get back we must decide about easter.,good trip watch   remember decide easter
ham,Yo we are watching a movie on netflix,yo watch movie netflix
ham,What time. IÛ÷m out until prob 3 or so,time m prob  
ham,"Can meh? Thgt some will clash... Really ah, i dun mind... I dun seen to have lost any weight... Gee...",meh thgt clash ah dun mind dun see lose weight gee
ham,I dont thnk its a wrong calling between us,not thnk wrong calling
ham,I am not sure about night menu. . . I know only about noon menu,sure night menu    know noon menu
ham,ARR birthday today:) i wish him to get more oscar.,arr birthday today wish oscar
ham,"Say this slowly.? GOD,I LOVE YOU &amp; I NEED YOU,CLEAN MY HEART WITH YOUR BLOOD.Send this to Ten special people &amp; u c miracle tomorrow, do it,pls,pls do it...",slowly godi love amp need youclean heart bloodsend special people amp u c miracle tomorrow itplspls
ham,"Open rebtel with firefox. When it loads just put plus sign in the user name place, and it will show you two numbers. The lower number is my number. Once you pick that number the pin will display okay!",open rebtel firefox load plus sign user place number low number number pick number pin display okay
ham, and  picking them up from various points,    pick point
spam,Married local women looking for discreet action now! 5 real matches instantly to your phone. Text MATCH to 69969 Msg cost 150p 2 stop txt stop BCMSFWC1N3XX,marry local woman look discreet action   real match instantly phone text match   msg cost p   stop txt stop bcmsfwcnxx
ham,Wow v v impressed. Have funs shopping!,wow v v impressed fun shop
ham,I am on the way to ur home,way ur home
spam,Burger King - Wanna play footy at a top stadium? Get 2 Burger King before 1st Sept and go Large or Super with Coca-Cola and walk out a winner,burger king   wanna play footy stadium   burger king st sept large super cocacola walk winner
ham,No problem. Talk to you later,problem talk later
ham,Then ur sis how?,ur sis
ham,Still in customer place,customer place
spam,How come it takes so little time for a child who is afraid of the dark to become a teenager who wants to stay out all night?,come take little time child afraid dark teenager want stay night
ham,"Dude u knw also telugu..thts gud..k, gud nyt..",dude u knw telugutht gudk gud nyt
ham,We confirm eating at esplanade?,confirm eat esplanade
ham,Send me your id and password,send d password
ham,Kind of. Took it to garage. Centre part of exhaust needs replacing. Part ordered n taking it to be fixed tomo morning.,kind take garage centre exhaust need replace order n take fix tomo morning
spam,"For ur chance to win a å£250 cash every wk TXT: ACTION to 80608. T's&C's www.movietrivia.tv custcare 08712405022, 1x150p/wk.",ur chance win   cash wk txt action   tscs wwwmovietriviatv custcare   xpwk
ham,Well I might not come then...,come
ham,Long after I quit. I get on only like 5 minutes a day as it is.,long quit like   minute day
ham,Then its most likely called Mittelschmertz. Google it. If you dont have paracetamol dont worry it will go.,likely call mittelschmertz google not paracetamol not worry
ham,Well at this right I'm gonna have to get up and check today's steam sales/pee so text me when you want me to come get you,right m go to check todays steam salespee text want come
ham,"Just arrived, see you in a couple days &lt;3",arrive couple day lt
ham,"K, wat s tht incident?",k wat s tht incident
ham,Yeah get the unlimited,yeah unlimited
ham,cThen i thk shd b enuff.. Still got conclusion n contents pg n references.. I'll b doing da contents pg n cover pg..,cthen thk shd b enuff get conclusion n content pg n reference ill b da content pg n cover pg
ham,"Forgot it takes me 3 years to shower, sorry. Where you at/your phone dead yet?",forget take   year shower sorry atyour phone dead
ham,ÌÏ got wat to buy tell us then Ì_ no need to come in again.,  get wat buy tell   need come
ham,When you are big..| God will bring success.,big god bring success
spam,UÛªve Bin Awarded å£50 to Play 4 Instant Cash. Call 08715203028 To Claim. EVERY 9th Player Wins Min å£50-å£500. OptOut 08718727870,uve bin award   play   instant cash   claim th player win min   optout
ham,"Û_ we r stayin here an extra week, back next wed. How did we do in the rugby this weekend? Hi to and and , c u soon \""ham""",  r stayin extra week d rugby weekend hi   c u soon ham
ham,Not from this campus. Are you in the library?,campus library
ham,"The affidavit says  &lt;#&gt;  E Twiggs St, division g, courtroom  &lt;#&gt; , &lt;TIME&gt;  AM. I'll double check and text you again tomorrow",affidavit say   ltgt   e twiggs st division g courtroom   ltgt   lttimegt   ill double check text tomorrow
ham,How will I creep on you now? ;_;,creep
ham,Tell your friends what you plan to do on Valentines day @ &lt;URL&gt;,tell friend plan valentine day   lturlgt
ham,If I get there before you after your ten billion calls and texts so help me god,billion call text help god
ham,Purity of friendship between two is not about smiling after reading the forwarded message..Its about smiling just by seeing the name. Gud evng musthu,purity friendship smile read forwarded messageit smile see gud evng musthu
ham,I've told him that i've returned it. That should i re order it.,ve tell ve return order
ham,"House-Maid is the murderer, coz the man was murdered on  &lt;#&gt; th January.. As public holiday all govt.instituitions are closed,including post office..",housemaid murderer coz man murder   ltgt th january public holiday govtinstituition closedinclude post office
ham,Depends on where u going lor.,depend u go lor
ham,And smile for me right now as you go and the world will wonder what you are smiling about and think your crazy and keep away from you ... *grins*,smile right world wonder smile think crazy away   grin
spam,FreeMsg>FAV XMAS TONES!Reply REAL,freemsgfav xmas tonesreply real
ham,Lil fever:) now fine:),lil fever fine
ham,I think it's all still in my car,think car
ham,Can a not?,
spam,December only! Had your mobile 11mths+? You are entitled to update to the latest colour camera mobile for Free! Call The Mobile Update Co FREE on 08002986906 ,december mobile mth entitle update late colour camera mobile free mobile update co free  
ham,Yes princess! I want to catch you with my big strong hands...,yes princess want catch big strong hand
ham,Oh yeah I forgot. U can only take 2 out shopping at once.,oh yeah forget u   shopping
ham,Mm so you asked me not to call radio,mm ask radio
ham,Thinkin about someone is all good. No drugs for that,thinkin good drug
ham,"Say this slowly.? GOD,I LOVE YOU &amp; I NEED YOU,CLEAN MY HEART WITH YOUR BLOOD.Send this to Ten special people &amp; u c miracle tomorrow, do it,pls,pls do it...",slowly godi love amp need youclean heart bloodsend special people amp u c miracle tomorrow itplspls
ham,"Enjoy the showers of possessiveness poured on u by ur loved ones, bcoz in this world of lies, it is a golden gift to be loved truly..",enjoy shower possessiveness pour u ur love one bcoz world lie golden gift love truly
ham,"Alright if you're sure, let me know when you're leaving",alright sure let know leave
ham,Some are lasting as much as 2 hours. You might get lucky.,last   hour lucky
ham,Genius what's up. How your brother. Pls send his number to my skype.,genius s brother pls send number skype
spam,"Gr8 Poly tones 4 ALL mobs direct 2u rply with POLY TITLE to 8007 eg POLY BREATHE1 Titles: CRAZYIN, SLEEPINGWITH, FINEST, YMCA :getzed.co.uk POBox365O4W45WQ 300p",gr poly tone   mob direct u rply poly title   eg poly breathe title crazyin sleepingwith fine ymca getzedcouk poboxowwq p
ham,Thk some of em find wtc too far... Weiyi not goin... E rest i dunno yet... R ur goin 4 dinner den i might b able to join...,thk em find wtc far weiyi goin e rest dunno r ur goin   dinner den b able join
ham,Don't forget who owns you and who's private property you are ... And be my good boy always .. *passionate kiss*,not forget own s private property   good boy   passionate kiss
spam,INTERFLORA - åÒIt's not too late to order Interflora flowers for christmas call 0800 505060 to place your order before Midnight tomorrow.,interflora   late order interflora flower christmas    place order midnight tomorrow
ham,Oh god..taken the teeth?is it paining,oh godtaken teethis pain
spam,ROMCAPspam Everyone around should be responding well to your presence since you are so warm and outgoing. You are bringing in a real breath of sunshine.,romcapspam respond presence warm outgoing bring real breath sunshine
ham,Then u ask darren go n pick u lor... But i oso sian tmr haf 2 meet lect...,u ask darren n pick u lor oso sian tmr haf   meet lect
ham,No need to buy lunch for me.. I eat maggi mee..,need buy lunch eat maggi mee
spam,"Congratulations - Thanks to a good friend U have WON the å£2,000 Xmas prize. 2 claim is easy, just call 08712103738 NOW! Only 10p per minute. BT-national-rate",congratulation   thank good friend u win   xmas prize   claim easy   p minute btnationalrate
ham,Ok lor...,ok lor
ham,"Oh right, ok. I'll make sure that i do loads of work during the day!  got a really nasty cough today and is dry n shot so that should really help it!",oh right ok ill sure load work day   get nasty cough today dry n shoot help
ham,Wife.how she knew the time of murder exactly,wifehow know time murder exactly
spam,Send a logo 2 ur lover - 2 names joined by a heart. Txt LOVE NAME1 NAME2 MOBNO eg LOVE ADAM EVE 07123456789 to 87077 Yahoo! POBox36504W45WQ TxtNO 4 no ads 150p.,send logo   ur lover    name join heart txt love mobno eg love adam eve     yahoo poboxwwq txtno   ad p
ham,Howz that persons story,howz person story
ham,Thanx 4 sending me home...,thanx   send home
ham,Its normally hot mail. Com you see!,normally hot mail com
spam,"You've won tkts to the EURO2004 CUP FINAL or å£800 CASH, to collect CALL 09058099801 b4190604, POBOX 7876150ppm",ve win tkts euro cup final   cash collect   b pobox ppm
ham,U sick still can go shopping?,u sick shop
ham,"Ya they are well and fine., BBD(pooja) full pimples..even she become quite black..and ur rite here its too cold, wearing sweatter..",ya fine bbdpooja pimpleseven blackand ur rite cold wear sweatter
ham,Nice.nice.how is it working?,nicenicehow work
ham,1's reach home call me.,s reach home
ham,Were trying to find a Chinese food place around here,try find chinese food place
ham,"Easy mate, * guess the quick drink was bit ambitious.",easy mate   guess quick drink bit ambitious
ham,BABE !!! I miiiiiiissssssssss you ! I need you !!! I crave you !!! :-( ... Geeee ... I'm so sad without you babe ... I love you ...,babe   miiiiiiissssssssss   need   crave     geeee   m sad babe   love
ham,Ok thanx...,ok thanx
ham,aathi..where are you dear..,aathiwhere dear
ham,"Tunji, how's the queen? how are you doing. This is just wishing you a great day. Abiola.",tunji s queen wish great day abiola
ham,Today iZ Yellow rose day. If u love my frndship give me 1 misscall &amp; send this to ur frndZ &amp; See how many miss calls u get. If u get 6missed U marry ur Lover.,today iz yellow rise day u love frndship   misscall amp send ur frndz amp miss call u u miss u marry ur lover
ham,Will be out of class in a few hours. Sorry,class hour sorry
ham,Wat time u finish ur lect today?,wat time u finish ur lect today
spam,"Free-message: Jamster!Get the crazy frog sound now! For poly text MAD1, for real text MAD2 to 88888. 6 crazy sounds for just 3 GBP/week! 16+only! T&C's apply",freemessage jamsterget crazy frog sound poly text mad real text mad    crazy sound   gbpweek tcs apply
ham,"Sad story of a Man - Last week was my b'day. My Wife did'nt wish me. My Parents forgot n so did my Kids . I went to work. Even my Colleagues did not wish. As I entered my cabin my PA said, '' Happy B'day Boss !!''. I felt special. She askd me 4 lunch. After lunch she invited me to her apartment. We went there. She said,'' do u mind if I go into the bedroom for a minute ? '' ''OK'', I sed in a sexy mood. She came out 5 minuts latr wid a cake...n My Wife, My Parents, My Kidz, My Friends n My Colleagues. All screaming.. SURPRISE !! and I was waiting on the sofa.. ... ..... ' NAKED...!",sad story man   week bday wife not wish parent forget n kid   go work colleague wish enter cabin pa say   happy bday boss   feel special askd   lunch lunch invite apartment go say u mind bedroom minute    ok se sexy mood come   minut latr wid caken wife parent kidz friend n colleague screaming surprise   wait sofa     naked
spam,"YOUR CHANCE TO BE ON A REALITY FANTASY SHOW call now = 08707509020 Just 20p per min NTT Ltd, PO Box 1327 Croydon CR9 5WB 0870 is a national = rate call",chance reality fantasy    p min ntt ltd po box   croydon cr wb   national   rate
ham,She's fine. Good to hear from you. How are you my dear? Happy new year oh.,s fine good hear dear happy new year oh
ham,Are you going to wipro interview today?,go wipro interview today
ham,how tall are you princess?,tall princess
ham,I doubt you could handle 5 times per night in any case...,doubt handle   time night case
ham,Haha... Hope Ì_ can hear the receipt sound... Gd luck!,haha hope   hear receipt sound gd luck
ham,Your gonna be the death if me. I'm gonna leave a note that says its all robs fault. Avenge me.,go to death m go to leave note say rob fault avenge
ham,"Japanese Proverb: If one Can do it, U too Can do it, If none Can do it,U must do it Indian version: If one Can do it, LET HIM DO it.. If none Can do it,LEAVE it!! And finally Kerala version: If one can do it, Stop him doing it.. If none can do it, Make a strike against it ...",japanese proverb u itu indian version let itleave finally kerala version stop strike
ham,Today i'm not workin but not free oso... Gee... Thgt u workin at ur fren's shop ? ,today m workin free oso gee thgt u workin ur frens shop  
ham,In life when you face choices Just toss a coin not becoz its settle the question But while the coin in the air U will know what your heart is hoping for. Gudni8,life face choice toss coin becoz settle question coin air u know heart hop gudni
ham,"Do you know why god created gap between your fingers..? So that, One who is made for you comes &amp; fills those gaps by holding your hand with LOVE..!",know god create gap finger come amp fill gap hold hand love
ham,I want to be there so i can kiss you and feel you next to me,want kiss feel
ham,I am not at all happy with what you saying or doing,happy say
spam,Adult 18 Content Your video will be with you shortly,adult   content video shortly
ham,"Ok that would b lovely, if u r sure. Think about wot u want to do, drinkin, dancin, eatin, cinema, in, out, about... Up to u! Wot about ? ",ok b lovely u r sure think wot u want drinkin dancin eatin cinema u wot  
ham,What I'm saying is if you haven't explicitly told nora I know someone I'm probably just not gonna bother,m say not explicitly tell nora know m probably go to bother
ham,He says hi and to get your ass back to south tampa (preferably at a kegger),say hi ass south tampa preferably kegger
ham,Smith waste da.i wanna gayle.,smith waste dai wanna gayle
ham,"Mum, i've sent you many many messages since i got here. I just want to know that you are actually getting them. Do enjoy the rest of your day.",mum ve send message get want know actually get enjoy rest day
ham,"Aight, tomorrow around  &lt;#&gt;  it is",aight tomorrow   ltgt  
ham,"House-Maid is the murderer, coz the man was murdered on  &lt;#&gt; th January.. As public holiday all govt.instituitions are closed,including post office..understand?",housemaid murderer coz man murder   ltgt th january public holiday govtinstituition closedinclude post officeunderstand
spam,"YOUR CHANCE TO BE ON A REALITY FANTASY SHOW call now = 08707509020 Just 20p per min NTT Ltd, PO Box 1327 Croydon CR9 5WB 0870 is a national = rate call.",chance reality fantasy    p min ntt ltd po box   croydon cr wb   national   rate
ham,I actually did for the first time in a while. I went to bed not too long after i spoke with you. Woke up at 7. How was your night?,actually time go bed long speak wake   night
ham,See you there! ,
ham,I dont understand your message.,not understand message
ham,Crucify is c not s. You should have told me earlier.,crucify c s tell early
ham,"Idk. You keep saying that you're not, but since he moved, we keep butting heads over freedom vs. responsibility. And i'm tired. I have so much other shit to deal with that i'm barely keeping myself together once this gets added to it.",idk say move butt head freedom vs responsibility m tired shit deal m barely keep get add
ham,Fuck cedar key and fuck her (come over anyway tho),fuck cedar key fuck come tho
ham,twenty past five he said will this train have been to durham already or not coz i am in a reserved seat,past say train durham coz reserved seat
spam,"Hey Boys. Want hot XXX pics sent direct 2 ur phone? Txt PORN to 69855, 24Hrs free and then just 50p per day. To stop text STOPBCM SF WC1N3XX",hey boy want hot xxx pic send direct   ur phone txt porn   hrs free p day stop text stopbcm sf wcnxx
ham,U still painting ur wall?,u paint ur wall
spam,"Last Chance! Claim ur å£150 worth of discount vouchers today! Text SHOP to 85023 now! SavaMob, offers mobile! T Cs SavaMob POBOX84, M263UZ. å£3.00 Sub. 16",chance claim ur   worth discount voucher today text shop   savamob offer mobile t cs savamob pobox muz   sub
ham,Printer is cool. I mean groovy. Wine is groovying,printer cool mean groovy wine groovye
ham,Hi Harish's rent has been transfred to ur Acnt.,hi harishs rent transfre ur acnt
ham,Anything lor is she coming?,lor come
ham,Cbe is really good nowadays:)lot of shop and showrooms:)city is shaping good.,cbe good nowadayslot shop showroomscity shape good
ham,ÌÏ still attending da talks?,  attend da talk
ham,No probs hon! How u doinat the mo?,prob hon u doinat mo
ham,K I'll take care of it,k ill care
ham,I take it we didn't have the phone callon Friday. Can we assume we won't have it this year now?,not phone callon friday assume will not year
ham,My battery is low babe,battery low babe
ham,Shuhui has bought ron's present it's a swatch watch...,shuhui buy ron present swatch watch
ham,"Yeah there's quite a bit left, I'll swing by tomorrow when I get up",yeah s bit left ill swing tomorrow
ham,Babe? You said 2 hours and it's been almost 4 ... Is your internet down ?,babe say   hour    internet
ham,K I'll be sure to get up before noon and see what's what,k ill sure noon s
ham,K...k...yesterday i was in cbe .,kkyesterday cbe
ham,Went to ganesh dress shop,go ganesh dress shop
spam,"pdate_Now - Double mins and 1000 txts on Orange tariffs. Latest Motorola, SonyEricsson & Nokia & Bluetooth FREE! Call MobileUpd8 on 08000839402 or call2optout/!YHL",pdatenow   double min   txts orange tariff late motorola sonyericsson   nokia   bluetooth free mobileupd   calloptoutyhl
ham,ÌÏ collecting ur laptop then going to configure da settings izzit?,  collect ur laptop go configure da setting izzit
ham,If you r @ home then come down within 5 min,r   home come   min
ham,"Aight, I should be there by 8 at the latest, probably closer to 7. Are jay and tyler down or should we just do two trips?",aight   late probably close   jay tyler trip
ham,Come aftr  &lt;DECIMAL&gt; ..now i m cleaning the house,come aftr   ltdecimalgt m clean house
spam,Ur cash-balance is currently 500 pounds - to maximize ur cash-in now send CASH to 86688 only 150p/msg. CC: 08718720201 PO BOX 114/14 TCR/W1,ur cashbalance currently   pound   maximize ur cashin send cash   pmsg cc   po box   tcrw
ham,"Bill, as in: Are there any letters for me. iÛªm expecting one from orange that isnÛªt a bill but may still say orange on it.",bill letter m expect orange not bill orange
ham,Tell me pa. How is pain de.,tell pa pain de
ham,HI DARLIN I HOPE YOU HAD A NICE NIGHT I WISH I HAD COME CANT WAIT TO SEE YOU LOVE FRAN PS I WANT DIRTY ANAL SEX AND I WANT A 10 MAN GANG BANG,hi darlin hope nice night wish come not wait love fran ps want dirty anal sex want   man gang bang
ham,"Ha. You donÛ÷t know either. I did a a clever but simple thing with pears the other day, perfect for christmas.",ha not know clever simple thing pear day perfect christmas
ham,"Helloooo... Wake up..! \Sweet\"" \""morning\"" \""welcomes\"" \""You\"" \""Enjoy\"" \""This Day\"" \""with full of joy\"".. \""GUD MRNG\"".""",helloooo wake sweet morning welcome enjoy day joy gud mrng
ham,ALRITE,alrite
ham,Why must we sit around and wait for summer days to celebrate. Such a magical sight when the worlds dressed in white. Oooooh let there be snow.,sit wait summer day celebrate magical sight world dress white oooooh let snow
spam,URGENT! Your Mobile number has been awarded with a å£2000 prize GUARANTEED. Call 09058094454 from land line. Claim 3030. Valid 12hrs only,urgent mobile number award   prize guarantee   land line claim   valid hrs
ham,How do you guys go to see movies on your side.,guy movie
ham,"Sorry,in meeting I'll call later",sorryin meeting ill later
ham,You didn't have to tell me that...now i'm thinking. Plus he's going to stop all your runs,not tell thatnow m think plus s go stop run
ham,Kindly send some one to our flat before  &lt;DECIMAL&gt;  today.,kindly send flat   ltdecimalgt   today
spam,Sorry! U can not unsubscribe yet. THE MOB offer package has a min term of 54 weeks> pls resubmit request after expiry. Reply THEMOB HELP 4 more info,sorry u unsubscribe mob offer package min term   week pls resubmit request expiry reply themob help   info
ham,Nothing lor... A bit bored too... Then y dun u go home early 2 sleep today...,lor bit bored y dun u home early   sleep today
ham,What time should I tell my friend to be around?,time tell friend
ham,Yes. that will be fine. Love you. Be safe.,yes fine love safe
ham,Thanks chikku..:-) gud nyt:-*,thanks chikku gud nyt
ham,Is xy in ur car when u picking me up?,xy ur car u pick
ham,"Thanx 4 the time weåÕve spent 2geva, its bin mint! Ur my Baby and all I want is u!xxxx",thanx   time ve spend geva bin mint ur baby want uxxxx
ham,"Yo, any way we could pick something up tonight?",yo way pick tonight
ham,I've not sent it. He can send me.,ve send send
ham,Fine am simply sitting.,fine simply sit
ham,Thts god's gift for birds as humans hav some natural gift frm god..,tht god gift bird human hav natural gift frm god
ham,Are you coming to day for class.,come day class
ham,Im done. Just studyn in library,m studyn library
ham,Ok... U enjoy ur shows...,ok u enjoy ur show
ham,Anything...,
ham,Where wuld I be without my baby? The thought alone mite break me and I donåÕt wanna go crazy but everyboy needs his lady xxxxxxxx,wuld baby thought mite break not wanna crazy everyboy need lady xxxxxxxx
ham,Wat's my dear doing? Sleeping ah?,wat dear sleep ah
ham,Hi' Test on  &lt;#&gt; rd ....,hi test   ltgt rd
ham,Only 2% students solved this CAT question in 'xam... 5+3+2= &lt;#&gt;  9+2+4= &lt;#&gt;  8+6+3= &lt;#&gt;  then 7+2+5=????? Tell me the answer if u r brilliant...1thing.i got d answr.,  student solve cat question xam   ltgt    ltgt    ltgt     tell answer u r brilliantthingi get d answr
ham,Yo do you know anyone  &lt;#&gt;  or otherwise able to buy liquor? Our guy flaked and right now if we don't get a hold of somebody its just 4 loko all night,yo know   ltgt   able buy liquor guy flaked right not hold somebody   loko night
ham,Yup n her fren lor. I'm meeting my fren at 730.,yup n fren lor m meet fren
ham,"Yeah, we got one lined up for us",yeah get line
ham,"And stop wondering \wow is she ever going to stop tm'ing me ?!\"" because I will tm you whenever I want because you are MINE ... *laughs*""",stop wonder wow go stop tme   tm want   laugh
ham,Lol yep did that yesterday. Already got my fireplace. Now its just another icon sitting there for me.,lol yep yesterday get fireplace icon sit
ham,Hey i've booked the pilates and yoga lesson already... Haha,hey ve book pilate yoga lesson haha
ham,Are you ok. What happen to behave like this,ok happen behave like
spam,You have 1 new message. Please call 08712400200.,  new message
ham,My supervisor find 4 me one lor i thk his students. I havent ask her yet. Tell u aft i ask her.,supervisor find   lor thk student not ask tell u aft ask
ham,"Hello. No news on job, they are making me wait a fifth week! Yeah im up for some woozles and weasels... In exeter still, but be home about 3. ",hello news job make wait fifth week yeah m woozle weasel exeter home  
ham,No message..no responce..what happend?,messageno responcewhat happend
spam,We currently have a message awaiting your collection. To collect your message just call 08718723815.,currently message await collection collect message
ham,"Hey babe, sorry i didn't get sooner. Gary can come and fix it cause he thinks he knows what it is but he doesn't go as far a Ptbo and he says it will cost  &lt;#&gt;  bucks. I don't know if it might be cheaper to find someone there ? We don't have any second hand machines at all right now, let me know what you want to do babe",hey babe sorry not soon gary come fix cause think know not far ptbo say cost   ltgt   buck not know cheap find   not second hand machine right let know want babe
ham,make that 3! 4 fucks sake?! x,   fuck sake x
ham,Leave it. U will always be ignorant.,leave u ignorant
ham,Nope but i'll b going 2 sch on fri quite early lor cos mys sis got paper in da morn :-),nope ill b go   sch fri early lor cos mys sis get paper da morn
ham,at bruce b downs &amp; fletcher now,bruce b downs amp fletcher
ham,Where are you ? You said you would be here when I woke ... :-(,  say wake  
ham,Hey now am free you can call me.,hey free
ham,Tell me whos this pls:-),tell s pls
spam,"URGENT! Your mobile was awarded a å£1,500 Bonus Caller Prize on 27/6/03. Our final attempt 2 contact U! Call 08714714011",urgent mobile award   bonus caller prize   final attempt   contact u
ham,"Think i might have to give it a miss. Am teaching til twelve, then have lecture at two. Damn this working thing.",think miss teach til lecture damn work thing
ham,Id have to check but there's only like 1 bowls worth left,d check s like   bowl worth left
ham,Yes there were many sweets,yes sweet
ham,I would but I'm still cozy. And exhausted from last night.nobody went to school or work. Everything is closed.,m cozy exhaust nightnobody go school work close
spam,U have a secret admirer. REVEAL who thinks U R So special. Call 09065174042. To opt out Reply REVEAL STOP. 1.50 per msg recd. Cust care 07821230901,u secret admirer reveal think u r special   opt reply reveal stop   msg recd cust care
ham,Buzzzz! *grins* Did I buzz your ass? Buzz your chest ? Buzz your cock ? Where do you keep your phone ? Is the vibrator on ? Did you feel it shake ?,buzzzz grin buzz ass buzz chest   buzz cock   phone   vibrator   feel shake
ham,Sir send to group mail check it.,sir send group mail check
ham,I'm doing da intro covers energy trends n pros n cons... Brief description of nuclear fusion n oso brief history of iter n jet got abt 7 n half pages..,m da intro cover energy trend n pro n con brief description nuclear fusion n oso brief history iter n jet get abt   n half page
ham,"\NONE!NOWHERE IKNO DOESDISCOUNT!SHITINNIT\""""",nonenowhere ikno doesdiscountshitinnit
ham,You dont know you jabo me abi.,not know jabo abi
spam,"Do you ever notice that when you're driving, anyone going slower than you is an idiot and everyone driving faster than you is a maniac?",notice drive go slow idiot drive fast maniac
ham,Not yet had..ya sapna aunty manege y'day hogidhe..chinnu full weak and swalpa black agidhane..,hadya sapna aunty manege yday hogidhechinnu weak swalpa black agidhane
ham,"Are you being good, baby? :)",good baby
ham,NEFT Transaction with reference number  &lt;#&gt;  for Rs. &lt;DECIMAL&gt;  has been credited to the beneficiary account on  &lt;#&gt;  at  &lt;TIME&gt; : &lt;#&gt;,neft transaction reference number   ltgt   rs ltdecimalgt   credit beneficiary account   ltgt     lttimegt   ltgt
ham,"Mostly sports type..lyk footbl,crckt..",sport typelyk footblcrckt
ham,Ma head dey swell oh. Thanks for making my day,ma head dey swell oh thank make day
ham,U should make a fb list,u fb list
ham,Height of Confidence: All the Aeronautics professors wer calld &amp; they wer askd 2 sit in an aeroplane. Aftr they sat they wer told dat the plane ws made by their students. Dey all hurried out of d plane.. Bt only 1 didnt move... He said:\if it is made by my students,height confidence aeronautic professor wer calld amp wer askd   sit aeroplane aftr sit wer tell dat plane ws student dey hurry d plane bt   not saidif student
ham,Sary just need Tim in the bollox &it hurt him a lot so he tol me!,sary need tim bollox hurt lot tol
ham,Happy New Year Princess!,happy new year princess
ham,"I'll text carlos and let you know, hang on",ill text carlo let know hang
ham,"Don't worry, * is easy once have ingredients!",not worry   easy ingredient
ham,I love u 2 my little pocy bell I am sorry but I love u,love u   little pocy bell sorry love u
ham,"Ok omw now, you at castor?",ok omw castor
ham,Yar lor... Keep raining non stop... Or u wan 2 go elsewhere?,yar lor rain non stop u wan  
spam,"Xmas Offer! Latest Motorola, SonyEricsson & Nokia & FREE Bluetooth or DVD! Double Mins & 1000 Txt on Orange. Call MobileUpd8 on 08000839402 or call2optout/4QF2",xmas offer late motorola sonyericsson   nokia   free bluetooth dvd double min    txt orange mobileupd   calloptoutqf
ham,What u mean u almost done? Done wif sleeping? But i tot u going to take a nap.. Yup i send her liao so i'm picking her up at ard 4 smth lor..,u mean u wif sleeping tot u go nap yup send liao m pick ard   smth lor
ham,"7 wonders in My WORLD 7th You 6th Ur style 5th Ur smile 4th Ur Personality 3rd Ur Nature 2nd Ur SMS and 1st \Ur Lovely Friendship\""... good morning dear""",  wonder world th th ur style th ur smile th ur personality rd ur nature nd ur sms st ur lovely friendship good morning dear
ham,"Tonight? Yeah, I'd be down for that",tonight yeah d
ham,What should i eat fo lunch senor,eat fo lunch senor
ham,"He said that he had a right giggle when he saw u again! You would possibly be the first person2die from NVQ, but think how much you could for! ",say right giggle see u possibly persondie nvq think
ham,No break time one... How... I come out n get my stuff fr Ì_?,break time come n stuff fr
spam,Reply to win å£100 weekly! What professional sport does Tiger Woods play? Send STOP to 87239 to end service,reply win   weekly professional sport tiger wood play send stop   end service
ham,"I'm there and I can see you, but you can't see me ? Maybe you should reboot ym ? I seen the buzz",m not   maybe reboot ym   see buzz
ham,Do you still have the grinder?,grinder
spam,No 1 POLYPHONIC tone 4 ur mob every week! Just txt PT2 to 87575. 1st Tone FREE ! so get txtin now and tell ur friends. 150p/tone. 16 reply HL 4info,  polyphonic tone   ur mob week txt pt   st tone free   txtin tell ur friend ptone   reply hl info
ham,"Love isn't a decision, it's a feeling. If we could decide who to love, then, life would be much simpler, but then less magical",love not decision feeling decide love life simple magical
spam,"HOT LIVE FANTASIES call now 08707509020 Just 20p per min NTT Ltd, PO Box 1327 Croydon CR9 5WB 0870 is a national rate call",hot live fantasy   p min ntt ltd po box   croydon cr wb   national rate
ham,K.i did't see you.:)k:)where are you now?,ki didt youkwhere
ham,So i'm doing a list of buyers.,m list buyer
ham,"No idea, I guess we'll work that out an hour after we're supposed to leave since as usual nobody has any interest in figuring shit out before the last second",idea guess work hour suppose leave usual interest figure shit second
ham,Mm not entirely sure i understood that text but hey. Ho. Which weekend?,mm entirely sure understand text hey ho weekend
ham,They released vday shirts and when u put it on it makes your bottom half naked instead of those white underwear.,release vday shirt u make half naked instead white underwear
ham,Don know..he is watching film in computer..,don knowhe watch film computer
ham,No b4 Thursday,b thursday
ham,"Oh, then your phone phoned me but it disconnected",oh phone phone disconnect
ham,Id onluy matters when getting on from offcampus,d onluy matter get offcampus
spam,This message is free. Welcome to the new & improved Sex & Dogging club! To unsubscribe from this service reply STOP. msgs@150p 18+only,message free welcome new   improved sex   dog club unsubscribe service reply stop msgsp
ham,"Excellent, I'll see what riley's plans are",excellent ill riley plan
ham,I will see in half an hour,half hour
spam,"You've won tkts to the EURO2004 CUP FINAL or å£800 CASH, to collect CALL 09058099801 b4190604, POBOX 7876150ppm",ve win tkts euro cup final   cash collect   b pobox ppm
ham,Ew are you one of them?,ew
ham,Also hi wesley how've you been,hi wesley ve
ham,Ah you see. You have to be in the lingo. I will let you know wot on earth it is when has finished making it!,ah lingo let know wot earth finish make
spam,"Loan for any purpose å£500 - å£75,000. Homeowners + Tenants welcome. Have you been previously refused? We can still help. Call Free 0800 1956669 or text back 'help'",loan purpose     homeowner   tenant welcome previously refuse help free    text help
spam,Update_Now - 12Mths Half Price Orange line rental: 400mins...Call MobileUpd8 on 08000839402 or call2optout=J5Q,updatenow   mth half price orange line rental minscall mobileupd   calloptoutjq
ham,Imagine Life WITHOUT ME... see.. How fast u are searching me?Don't worry.. l'm always there To disturb U.. Goodnoon..:),imagine life fast u search medont worry lm disturb u goodnoon
ham,"Hm good morning, headache anyone? :-)",hm good morning headache
ham,Yeah no probs - last night is obviously catching up with you... Speak soon ,yeah prob   night obviously catch speak soon
spam,FREE UNLIMITED HARDCORE PORN direct 2 your mobile Txt PORN to 69200 & get FREE access for 24 hrs then chrgd@50p per day txt Stop 2exit. This msg is free,free unlimited hardcore porn direct   mobile txt porn    free access   hrs chrgdp day txt stop exit msg free
ham,I might go 2 sch. Yar at e salon now v boring.,  sch yar e salon v boring
ham, &lt;#&gt;  mins but i had to stop somewhere first.,  ltgt   min stop
ham,"&lt;#&gt;  is fast approaching. So, Wish u a very Happy New Year Happy Sankranti Happy republic day Happy Valentines Day Happy Shivratri Happy Ugadi Happy Fools day Happy May Day Happy Independence Day, Happy Friendship,Mother,Father,Teachers,Childrens Day, &amp; HAPPY BIRTHDAY 4 U. Happy Ganesh festival Happy Dasara Happy Diwali Happy Christmas  &lt;#&gt;  Good Mornings Afternoons, Evenings Nights. RememberI AM the first to WISHING U ALL THESE...your's Raj",ltgt   fast approach wish u happy new year happy sankranti happy republic day happy valentine day happy shivratri happy ugadi happy fool day happy day happy independence day happy friendshipmotherfatherteacherschildren day amp happy birthday   u happy ganesh festival happy dasara happy diwali happy christmas   ltgt   good morning afternoon evening night rememberi wish u theseyour raj
ham,One of the joys in lifeis waking up each daywith thoughts that somewhereSomeone cares enough tosend a warm morning greeting.. -,joy lifeis wake daywith thought somewheresomeone care tosend warm morning greeting
ham,I didn't get the second half of that message,not second half message
ham,Wat time do u wan 2 meet me later?,wat time u wan   meet later
ham,I thank you so much for all you do with selflessness. I love you plenty.,thank selflessness love plenty
ham,Am in film ill call you later.,film ill later
ham,How dare you change my ring,dare change ring
ham,You are a very very very very bad girl. Or lady.,bad girl lady
ham,I love ya too but try and budget your money better babe. Gary would freak on me if he knew,love ya try budget money well babe gary freak know
ham,"What part of \don't initiate\"" don't you understand""",not initiate not understand
ham,I finished my lunch already. U wake up already?,finish lunch u wake
ham,You still at the game?,game
ham,You have got tallent but you are wasting.,get tallent waste
ham,What is your record for one night? :),record night
ham,"Also sir, i sent you an email about how to log into the usc payment portal. I.ll send you another message that should explain how things are back home. Have a great weekend.",sir send email log usc payment portal ill send message explain thing home great weekend
ham, gonna let me know cos comes bak from holiday that day.  is coming. Don't4get2text me  number. ,  go to let know cos come bak holiday day   come dontgettext   number
ham,Jokin only lar... :-) depends on which phone my father can get lor...,jokin lar   depend phone father lor
ham,"Aight, lemme know what's up",aight lemme know s
ham,Get ready for  &lt;#&gt;  inches of pleasure...,ready   ltgt   inch pleasure
ham,Raji..pls do me a favour. Pls convey my Birthday wishes to Nimya. Pls. Today is her birthday.,rajipls favour pls convey birthday wish nimya pls today birthday
ham,;-) ok. I feel like john lennon.,  ok feel like john lennon
ham,Cos darren say Ì_ considering mah so i ask Ì_...,cos darren   consider mah ask
ham,You are not bothering me but you have to trust my answers. Pls.,bother trust answer pls
ham,"Wishing you and your family Merry \X\"" mas and HAPPY NEW Year in advance..""",wish family merry x mas happy new year advance
ham,One day a crab was running on the sea shore..The waves came n cleared the footprints of the crab.. Crab asked: being my frnd y r u clearing my beautiful footprints? Waves replied: A fox was following ur footprints to catch you! thats y i cleared it off:) frndsship never lets u dwn :-) GUD nyt..,day crab run sea shorethe wave come n clear footprint crab crab ask frnd y r u clear beautiful footprint wave reply fox follow ur footprint catch s y clear frndsship let u dwn   gud nyt
ham,Aight what time you want me to come up?,aight time want come
ham,Slaaaaave ! Where are you ? Must I summon you to me all the time now ? Don't you wish to come to me on your own anymore?,slaaaaave     summon time   not wish come anymore
ham,Your bill at 3 is å£33.65 so thats not bad!,bill     s bad
ham,Let me know how it changes in the next 6hrs. It can even be appendix but you are out of that age range. However its not impossible. So just chill and let me know in 6hrs,let know change hrs appendix age range impossible chill let know hrs
ham,"Hello, yeah i've just got out of the bath and need to do my hair so i'll come up when i'm done, yeah?",hello yeah ve get bath need hair ill come m yeah
ham,So how's the weather over there?,s weather
ham,"Ok. Not much to do here though. H&M Friday, cant wait. Dunno wot the hell im gonna do for another 3 weeks! Become a slob- oh wait, already done that! ",ok hm friday not wait dunno wot hell m go to   week slob oh wait
ham,Die... Now i have e toot fringe again...,die e toot fringe
ham,Lol they don't know about my awesome phone. I could click delete right now if I want.,lol not know awesome phone click delete right want
ham,Ok,ok
ham,"Awesome question with a cute answer: Someone asked a boy \how is ur life?\"" . . He smiled &amp; answered: . . \""She is fine!\"" Gudnite""",awesome question cute answer ask boy ur life    smile amp answer    fine gudnite
ham,Please leave this topic..sorry for telling that..,leave topicsorry tell
ham,Pls send me the correct name da.,pls send correct da
ham,What happened to our yo date?,happen yo date
spam,EASTENDERS TV Quiz. What FLOWER does DOT compare herself to? D= VIOLET E= TULIP F= LILY txt D E or F to 84025 NOW 4 chance 2 WIN å£100 Cash WKENT/150P16+,eastender tv quiz flower dot compare d violet e tulip f lily txt d e f     chance   win   cash wkentp
ham,Webpage s not available!,webpage s available
ham,Just woke up. Yeesh its late. But I didn't fall asleep til &lt;#&gt; am :/,wake yeesh late not fall asleep til ltgt
spam,You are now unsubscribed all services. Get tons of sexy babes or hunks straight to your phone! go to http://gotbabes.co.uk. No subscriptions.,unsubscribe service ton sexy babe hunk straight phone   subscription
ham,"Dear all, as we know  &lt;#&gt; th is the  &lt;#&gt; th birthday of our loving Gopalettan. We are planning to give a small gift on that day. Those who like to participate in that you are welcome. Please contact our admin team for more details",dear know   ltgt th   ltgt th birthday love gopalettan plan small gift day like participate welcome contact admin team detail
ham,K..k...from tomorrow onwards started ah?,kkfrom tomorrow onwards start ah
ham,What u talking bout early morning? It's almost noon where your at!,u talk bout early morning noon
ham,Fine. Do you remember me.,fine remember
spam,"Hi babe its Jordan, how r u? Im home from abroad and lonely, text me back if u wanna chat xxSP visionsms.com Text stop to stopCost 150p 08712400603",hi babe jordan r u m home abroad lonely text u wanna chat xxsp visionsmscom text stop stopcost p
ham,Ok. How many should i buy.,ok buy
ham,"Sounds good, keep me posted",sound good post
spam,Get a brand new mobile phone by being an agent of The Mob! Plus loads more goodies! For more info just text MAT to 87021.,brand new mobile phone agent mob plus load goody info text mat
ham,Ok. So april. Cant wait,ok april not wait
ham,Boy you best get yo ass out here quick,boy well yo ass quick
ham,Ay wana meet on sat?Ì_ wkg on sat?,ay wana meet sit wkg sit
ham,I'm now but have to wait till 2 for the bus to pick me.,m wait till   bus pick
ham,Apart from the one i told you about yesterday?,apart tell yesterday
ham,Ok lor... But buy wat?,ok lor buy wat
ham,Somebody should go to andros and steal ice,somebody andro steal ice
ham,Don know. I did't msg him recently.,don know didt msg recently
ham,Take us out shopping and Mark will distract Isaiah.=D,shopping mark distract isaiahd
ham,"Mum, hope you are having a great day. Hoping this text meets you well and full of life. Have a great day. Abiola",mum hope have great day hop text meet life great day abiola
ham,There is no sense in my foot and penis.,sense foot penis
ham,Okay but i thought you were the expert,okay think expert
ham,*deep sigh* ... I miss you :-( ... I am really surprised you haven't gone to the net cafe yet to get to me ... Don't you miss me?,deep sigh   miss    surprised not go net cafe   not miss
ham,S.s:)i thinl role is like sachin.just standing. Others have to hit.,ssi thinl role like sachinjust stand hit
ham,Have a great trip to India. And bring the light to everyone not just with the project but with everyone that is lucky to see you smile. Bye. Abiola,great trip india bring light project lucky smile bye abiola
ham,"And very importantly, all we discuss is between u and i only.",importantly discuss u
ham,K..k:)how about your training process?,kkhow training process
ham,Ok lor. I ned 2 go toa payoh 4 a while 2 return smth u wan 2 send me there or wat?,ok lor ne   toa payoh     return smth u wan   send wat
ham,In da car park ,da car park
ham,I wish that I was with you. Holding you tightly. Making you see how important you are. How much you mean to me ... How much I need you ... In my life ...,wish hold tightly make important mean   need   life
ham,So i asked how's anthony. Dad. And your bf,ask s anthony dad bf
ham,"'Wnevr i wana fal in luv vth my books, My bed fals in luv vth me..!'' . Yen madodu, nav pretsorginta, nammanna pretsovru important alwa....!!:) Gud eveB-).",wnevr wana fal luv vth book bed fal luv vth   yen madodu nav pretsorginta nammanna pretsovru important alwa gud eveb
ham,What Today-sunday..sunday is holiday..so no work..,todaysundaysunday holidayso work
ham,Am going to take bath ill place the key in window:-),go bath ill place key window
spam,LORD OF THE RINGS:RETURN OF THE KING in store NOW!REPLY LOTR by 2 June 4 Chance 2 WIN LOTR soundtrack CDs StdTxtRate. Reply STOP to end txts,lord ringsreturn king store nowreply lotr   june   chance   win lotr soundtrack cds stdtxtrate reply stop end txts
ham,"Dear, take care. I am just reaching home.love u a lot.",dear care reach homelove u lot
ham,staff.science.nus.edu.sg/~phyhcmk/teaching/pc1323,staffsciencenusedusgphyhcmkteachingpc
ham,Have you emigrated or something? Ok maybe 5.30 was a bit hopeful...,emigrate ok maybe   bit hopeful
ham,Olol i printed out a forum post by a guy with the exact same  prob which was fixed with a gpu replacement. Hopefully they dont ignore that.,olol print forum post guy exact   prob fix gpu replacement hopefully not ignore
ham,We walked from my moms. Right on stagwood pass right on winterstone left on victors hill. Address is &lt;#&gt;,walk mom right stagwood pass right winterstone leave victor hill address ltgt
ham,"Yo, you at jp and hungry like a mofo?",yo jp hungry like mofo
ham,This is all just creepy and crazy to me.,creepy crazy
ham,Ok... I din get ur msg...,ok din ur msg
ham,Tessy..pls do me a favor. Pls convey my birthday wishes to Nimya..pls dnt forget it. Today is her birthday Shijas,tessypl favor pls convey birthday wish nimyapls dnt forget today birthday shijas
ham,Pathaya enketa maraikara pa',pathaya enketa maraikara pa
ham,Even if he my friend he is a priest call him now,friend priest
ham,"U so lousy, run already come back then half dead... Hee...",u lousy run come half dead hee
ham,That's y i said it's bad dat all e gals know u... Wat u doing now?,s y say bad dat e gal know u wat u
ham,Or remind me in a few hrs.,remind hrs
ham,"I had been hoping i would not have to send you this message. My rent is due and i dont have enough for it. My reserves are completely gone. Its a loan i need and was hoping you could her. The balance is  &lt;#&gt; . Is there a way i could get that from you, till mid march when i hope to pay back.",hop send message rent not reserve completely go loan need hop balance   ltgt   way till mid march hope pay
ham,Hi. Happy New Year. I dont mean to intrude but can you pls let me know how much tuition you paid last semester and how much this semester is. Thanks,hi happy new year not mean intrude pls let know tuition pay semester semester thank
ham,Hello hun how ru? Its here by the way. Im good. Been on 2 dates with that guy i met in walkabout so far. We have to meet up soon. Hows everyone else?,hello hun ru way m good   date guy meet walkabout far meet soon s
ham,Lol I was gonna last month. I cashed some in but I left &lt;#&gt; just in case. I was collecting more during the week cause they announced it on the blog.,lol go to month cash leave ltgt case collect week cause announce blog
spam,Good Luck! Draw takes place 28th Feb 06. Good Luck! For removal send STOP to 87239 customer services 08708034412,good luck draw take place th feb   good luck removal send stop   customer service
ham,Short But Cute : \ Be a good person ,short cute    good person
ham,Just haven't decided where yet eh ?,not decide eh
ham,"Wat time liao, where still got.",wat time liao get
ham,Yes watching footie but worried we're going to blow it - Phil Neville?,yes watch footie worried go blow   phil neville
ham,I wait 4 Ì_ inside da car park...,wait    inside da car park
ham,Uncle Abbey! Happy New Year. Abiola,uncle abbey happy new year abiola
ham,Now am free call me pa.,free pa
ham,R u saying i should re order the slippers cos i had to pay for returning it.,r u say order slipper cos pay return
ham,Stop knowing me so well!,stop know
ham,Good evening! this is roger. How are you?,good evening roger
ham,Small problem in auction:)punj now asking tiwary,small problem auctionpunj ask tiwary
spam,Free entry in 2 a weekly comp for a chance to win an ipod. Txt POD to 80182 to get entry (std txt rate) T&C's apply 08452810073 for details 18+,free entry   weekly comp chance win ipod txt pod   entry std txt rate tcs apply   detail
ham,He telling not to tell any one. If so treat for me hi hi hi,tell tell treat hi hi hi
ham,My uncles in Atlanta. Wish you guys a great semester.,uncle atlanta wish guy great semester
spam,1st wk FREE! Gr8 tones str8 2 u each wk. Txt NOKIA ON to 8007 for Classic Nokia tones or HIT ON to 8007 for Polys. Nokia/150p Poly/200p 16+,st wk free gr tone str   u wk txt nokia   classic nokia tone hit   polys nokiap polyp
ham,U coming 2 pick me?,u come   pick
ham,Thats cool. i liked your photos. You are very sexy!,s cool like photo sexy
ham,would u fuckin believe it they didnt know i had thurs pre booked off so they re cancelled me AGAIN! that needs to b sacked,u fuckin believe not know thur pre book cancel need b sack
ham,"Haha better late than ever, any way I could swing by?",haha well late way swing
ham,Ok. But i finish at 6.,ok finish
spam,"LookAtMe!: Thanks for your purchase of a video clip from LookAtMe!, you've been charged 35p. Think you can do better? Why not send a video in a MMSto 32323.",lookatme thank purchase video clip lookatme ve charge p think well send video mmsto
ham,I've been barred from all B and Q stores for life!?This twat in orange dungerees came up to me and asked if I wanted decking? So I got the first punch in!!,ve bar b q store lifethis twat orange dungeree come ask want deck get punch
ham,So no messages. Had food?,message food
ham,Ok going to sleep. Hope i can meet her.,ok go sleep hope meet
ham,Wat makes some people dearer is not just de happiness dat u feel when u meet them but de pain u feel when u miss dem!!!,wat make people dearer de happiness dat u feel u meet de pain u feel u miss dem
ham,Can you let me know details of fri when u find out cos I'm not in tom or fri. mentionned chinese. Thanks,let know detail fri u find cos m tom fri mentionne chinese thank
ham,You're right I have now that I think about it,right think
ham,Wat r u doing now?,wat r u
ham,Is ur lecture over?,ur lecture
spam,sexy sexy cum and text me im wet and warm and ready for some porn! u up for some fun? THIS MSG IS FREE RECD MSGS 150P INC VAT 2 CANCEL TEXT STOP,sexy sexy cum text m wet warm ready porn u fun msg free recd msgs p inc vat   cancel text stop
ham,Customer place i will call you,customer place
ham,Not planned yet :)going to join company on jan 5 only.don know what will happen after that.,plan go join company jan   onlydon know happen
ham,Boy; I love u Grl: Hogolo Boy: gold chain kodstini Grl: Agalla Boy: necklace madstini Grl: agalla Boy: Hogli 1 mutai eerulli kodthini! Grl: I love U kano;-),boy love u grl hogolo boy gold chain kodstini grl agalla boy necklace madstini grl agalla boy hogli   mutai eerulli kodthini grl love u kano
ham,"Haha I heard that, text me when you're around",haha hear text
ham,I.ll get there tomorrow and send it to you,ill tomorrow send
ham,\SHIT BABE.. THASA BIT MESSED UP.YEH,shit babe thasa bit mess upyeh
ham,Oh thats late! Well have a good night and i will give u a call tomorrow. Iam now going to go to sleep night night,oh s late good night u tomorrow iam go sleep night night
ham,"\CHEERS U TEX MECAUSE U WEREBORED! YEAH OKDEN HUNNY R UIN WK SAT?SOUNDåÕS LIKEYOUR HAVIN GR8FUN J! KEEP UPDAT COUNTINLOTS OF LOVEME XXXXX.\""""",cheer u tex mecause u werebore yeah okden hunny r uin wk satsound likeyour havin grfun j updat countinlot loveme xxxxx
ham,"Sorry,  in meeting I'll call you later",sorry   meet ill later
ham,Yo! Howz u? girls never rang after india. L,yo howz u girl ring india l
ham,Yeah but which is worse for i,yeah bad
spam,Hard LIVE 121 chat just 60p/min. Choose your girl and connect LIVE. Call 09094646899 now! Cheap Chat UK's biggest live service. VU BCM1896WC1N3XX,hard live   chat pmin choose girl connect live   cheap chat uks big live service vu bcmwcnxx
ham,I tagged MY friends that you seemed to count as YOUR friends.,tag friend count friend
spam,Not heard from U4 a while. Call 4 rude chat private line 01223585334 to cum. Wan 2C pics of me gettin shagged then text PIX to 8552. 2End send STOP 8552 SAM xxx,hear u   rude chat private line   cum wan c pic gettin shag text pix   end send stop   sam xxx
ham,Ok...,ok
ham,Long time. You remember me today.,long time remember today
ham,Havent shopping now lor i juz arrive only,not shop lor juz arrive
ham,Thank u. IT BETTER WORK OUT CAUSE I WILL FEEL USED OTHERWISE,thank u well work cause feel
ham,Are you up for the challenge? I know i am :),challenge know
ham,How much did ur hdd casing cost.,ur hdd casing cost
ham,Mystery solved! Just opened my email and he's sent me another batch! Isn't he a sweetie,mystery solve open email s send batch not sweetie
ham,I can't describe how lucky you are that I'm actually awake by noon,not describe lucky m actually awake noon
spam,This is the 2nd time we have tried to contact u. U have won the å£1450 prize to claim just call 09053750005 b4 310303. T&Cs/stop SMS 08718725756. 140ppm,nd time try contact u u win   prize claim   b   tcsstop sms   ppm
ham,"TODAY is Sorry day.! If ever i was angry with you, if ever i misbehaved or hurt you? plz plz JUST SLAP URSELF Bcoz, Its ur fault, I'm basically GOOD",today sorry day angry misbehave hurt plz plz slap urself bcoz ur fault m basically good
ham,Cheers for the card ... Is it that time of year already?,cheer card   time year
spam,"HOT LIVE FANTASIES call now 08707509020 Just 20p per min NTT Ltd, PO Box 1327 Croydon CR9 5WB 0870..k",hot live fantasy   p min ntt ltd po box   croydon cr wb k
ham,"When people see my msgs, They think Iam addicted to msging... They are wrong, Bcoz They don\'t know that Iam addicted to my sweet Friends..!! BSLVYL",people msg think iam addict msge wrong bcoz not know iam addict sweet friend bslvyl
ham,Ugh hopefully the asus ppl dont randomly do a reformat.,ugh hopefully asus ppl not randomly reformat
ham,"Haven't seen my facebook, huh? Lol!",not see facebook huh lol
ham,"Mah b, I'll pick it up tomorrow",mah b ill pick tomorrow
ham,Still otside le..u come 2morrow maga..,otside leu come morrow maga
ham,Do u still have plumbers tape and a wrench we could borrow?,u plumber tape wrench borrow
spam,"Dear Voucher Holder, To claim this weeks offer, at you PC please go to http://www.e-tlp.co.uk/reward. Ts&Cs apply.",dear voucher holder claim week offer pc   tsc apply
ham,It vl bcum more difficult..,vl bcum difficult
spam,UR GOING 2 BAHAMAS! CallFREEFONE 08081560665 and speak to a live operator to claim either Bahamas cruise ofå£2000 CASH 18+only. To opt out txt X to 07786200117,ur go   bahama callfreefone   speak live operator claim bahama cruise cash opt txt x
ham,Havent still waitin as usual... ÌÏ come back sch oredi?,not waitin usual   come sch oredi
ham,In meeting da. I will call you,meet da
ham,K k :-):-) then watch some films.,k k   watch film
ham,Does cinema plus drink appeal tomo? * Is a fr thriller by director i like on at mac at 8.30.,cinema plus drink appeal tomo   fr thriller director like mac
ham,There the size of elephant tablets & u shove um up ur ass!!,size elephant tablet   u shove um ur ass
ham,"So many people seems to be special at first sight, But only very few will remain special to you till your last sight.. Maintain them till life ends.. take cr da",people special sight remain special till sight maintain till life end cr da
ham,"My Parents, My Kidz, My Friends n My Colleagues. All screaming.. SURPRISE !! and I was waiting on the sofa.. ... ..... ' NAKED...!",parent kidz friend n colleague screaming surprise   wait sofa     naked
ham,Dunno i juz askin cos i got a card got 20% off 4 a salon called hair sense so i tot it's da one Ì_ cut ur hair. ,dunno juz askin cos get card get     salon call hair sense tot da   cut ur hair
ham,Good morning pookie pie! Lol hope I didn't wake u up,good morning pookie pie lol hope not wake u
ham,MAYBE IF YOU WOKE UP BEFORE FUCKING 3 THIS WOULDN'T BE A PROBLEM.,maybe wake fuck   not problem
ham,Happy birthday to you....dear.with lots of love.rakhesh NRI,happy birthday youdearwith lot loverakhesh nri
ham,Howz that persons story,howz person story
spam,"This is the 2nd time we have tried 2 contact u. U have won the 750 Pound prize. 2 claim is easy, call 08712101358 NOW! Only 10p per min. BT-national-rate",nd time try   contact u u win   pound prize   claim easy   p min btnationalrate
ham,X2  &lt;#&gt; . Are you going to get that,x   ltgt   go
ham,Hi neva worry bout da truth coz the truth will lead me 2 ur heart. ItåÕs the least a unique person like u deserve. Sleep tight or morning,hi neva worry bout da truth coz truth lead   ur heart unique person like u deserve sleep tight morning
spam,UR awarded a City Break and could WIN a å£200 Summer Shopping spree every WK. Txt STORE to 88039.SkilGme.TsCs087147403231Winawk!Age16+å£1.50perWKsub,ur award city break win   summer shopping spree wk txt store skilgmetscswinawkageperwksub
ham,Is ur paper today in e morn or aft?,ur paper today e morn aft
ham,I will lick up every drop :) are you ready to use your mouth as well?,lick drop   ready use mouth
ham,And you! Will expect you whenever you text! Hope all goes well tomo ,expect text hope go tomo
ham,Great. P diddy is my neighbor and comes for toothpaste every morning,great p diddy neighbor come toothpaste morning
ham,"I av a new number,  . Wil u only use this one,ta.",av new number    wil u use oneta
ham,So its to be poking man everyday that they teach you in canada abi! How are you. Just saying hi.,poke man everyday teach canada abi say hi
ham,7 lor... Change 2 suntec... Wat time u coming?,  lor change   suntec wat time u come
ham,No de.am seeing in online shop so that i asked.,deam see online shop ask
ham,Just curious because my cuz asked what I was up to,curious cuz ask
ham,Nice.nice.how is it working?,nicenicehow work
ham,Okay lor... Wah... like that def they wont let us go... Haha... What did they say in the terms and conditions?,okay lor wah like def will not let haha term condition
ham,Haha... Yup hopefully  we will lose a few kg by mon. after hip hop can go orchard and weigh again,haha yup hopefully   lose kg mon hip hop orchard weigh
ham,She's good. How are you. Where r u working now,s good r u work
ham,"Oh, yes, I've just been a little under the weather so i've kind of been coccooning at home",oh yes ve little weather ve kind coccoone home
ham,At home also.,home
ham,This phone has the weirdest auto correct.,phone weird auto correct
ham,Oops my phone died and I didn't even know. Yeah I like it better.,oops phone die not know yeah like well
ham,Havent mus ask if u can 1st wat. Of meet 4 lunch den u n him meet can already lor. Or u wan 2 go ask da ge 1st then confirm w me asap?,not mus ask u st wat meet   lunch den u n meet lor u wan   ask da ge st confirm w asap
ham,"She said,'' do u mind if I go into the bedroom for a minute ? '' ''OK'', I sed in a sexy mood. She came out 5 minuts latr wid a cake...n My Wife,",say u mind bedroom minute    ok se sexy mood come   minut latr wid caken wife
ham,"OH YEAH,AND HAV A GREAT TIME IN NEWQUAY-SEND ME A POSTCARD !1 LOOK AFTER ALL THE GIRLS WHILE IM GONE(U KNOW THE 1IM TALKIN BOUT!)xx",oh yeahand hav great time newquaysend postcard   look girl m goneu know m talkin boutxx
ham,We got a divorce. Lol. She.s here,get divorce lol s
ham,What's ur pin?,s ur pin
ham,"Babe, have you got enough money to pick up bread and milk ? And I'll give you it back when you get home ?",babe get money pick bread milk   ill home
ham,I want snow. It's just freezing and windy.,want snow freezing windy
spam,URGENT! We are trying to contact U. Todays draw shows that you have won a å£2000 prize GUARANTEED. Call 09066358361 from land line. Claim Y87. Valid 12hrs only,urgent try contact u todays draw show win   prize guarantee   land line claim y valid hrs
ham,Come to mahal bus stop.. &lt;DECIMAL&gt;,come mahal bus stop ltdecimalgt
ham,Don know:)this week i'm going to tirunelvai da.,don knowthis week m go tirunelvai da
ham,Me too baby! I promise to treat you well! I bet you will take good care of me...,baby promise treat bet good care
ham,Its like that hotel dusk game i think. You solve puzzles in a area thing,like hotel dusk game think solve puzzle area thing
spam,"Thanks for your ringtone order, reference number X29. Your mobile will be charged 4.50. Should your tone not arrive please call customer services 09065989180",thank ringtone order reference number x mobile charge   tone arrive customer service
ham,"Hi, my love! How goes that day? Fuck, this morning I woke and dropped my cell on the way down the stairs but it seems alright ... *phews* I miss you !",hi love go day fuck morning wake drop cell way stair alright   phew miss
ham,Well that must be a pain to catch,pain catch
ham,Sorry da thangam.it's my mistake.,sorry da thangamit mistake
ham,I need... Coz i never go before ,need coz
ham,"Rose for red,red for blood,blood for heart,heart for u. But u for me.... Send tis to all ur friends.. Including me.. If u like me.. If u get back, 1-u r poor in relation! 2-u need some 1 to support 3-u r frnd 2 many 4-some1 luvs u 5+- some1 is praying god to marry u.:-) try it....",rise redred bloodblood heartheart u u send tis ur friend include u like u u r poor relation u need   support u r frnd   luvs u   pray god marry u try
ham,Wife.how she knew the time of murder exactly,wifehow know time murder exactly
spam,"SIX chances to win CASH! From 100 to 20,000 pounds txt> CSH11 and send to 87575. Cost 150p/day, 6days, 16+ TsandCs apply Reply HL 4 info",chance win cash     pound txt csh send   cost pday day   tsandcs apply reply hl   info
spam,Ur cash-balance is currently 500 pounds - to maximize ur cash-in now send COLLECT to 83600 only 150p/msg. CC: 08718720201 PO BOX 114/14 TCR/W1,ur cashbalance currently   pound   maximize ur cashin send collect   pmsg cc   po box   tcrw
ham,"I feel like a dick because I keep sleeping through your texts and facebook messages. Sup, you in town?",feel like dick sleep text facebook message sup town
ham,No plm i will come da. On the way.,plm come da way
ham,Guess he wants alone time. We could just show up and watch when they do..,guess want time watch
ham,Height of recycling: Read twice- People spend time for earning money and the same money is spent for spending time!;-) Good morning.. keep smiling:-),height recycling read twice people spend time earn money money spend spending time good morning smile
ham,Yup Ì_ not comin :-(,yup   comin
ham,"Yes, princess. Toledo.",yes princess toledo
ham,"Aight text me when you're back at mu and I'll swing by, need somebody to get the door for me",aight text mu ill swing need somebody door
ham,Ron say fri leh. N he said ding tai feng cant make reservations. But he said wait lor.,ron fri leh n say ding tai feng not reservation say wait lor
ham,Good. No swimsuit allowed :),good swimsuit allow
ham,Am okay. Will soon be over. All the best,okay soon good
ham,A cute thought for friendship: \Its not necessary to share every secret with ur close Frnd,cute thought friendship necessary share secret ur close frnd
ham,Ok i've sent u da latest version of da project.,ok ve send u da late version da project
ham,Good Morning my Dear........... Have a great &amp; successful day.,good morning dear great amp successful day
ham,Pls accept me for one day. Or am begging you change the number.,pls accept day beg change number
ham,Squeeeeeze!! This is christmas hug.. If u lik my frndshp den hug me back.. If u get 3 u r cute:) 6 u r luvd:* 9 u r so lucky;) None? People hate u:,squeeeeeze christmas hug u lik frndshp den hug u   u r cute   u r luvd   u r lucky people hate u
ham,"Its ok, if anybody asks abt me, u tel them..:-P",ok anybody ask abt u tel themp
ham,"Funny fact Nobody teaches volcanoes 2 erupt, tsunamis 2 arise, hurricanes 2 sway aroundn no 1 teaches hw 2 choose a wife Natural disasters just happens",funny fact teach volcano   erupt tsunamis   arise hurricane   sway aroundn   teach hw   choose wife natural disaster happen
ham,* You gonna ring this weekend or wot?,  go to ring weekend wot
ham,Also track down any lighters you can find,track lighter find
ham,"Sorry, I can't help you on this.",sorry not help
ham,"Babe, I need your advice",babe need advice
ham,"IÛ÷ll leave around four, ok?",ill leave ok
ham,Come to medical college at 7pm ......forward it da,come medical college pm forward da
ham,K:)k..its good:)when are you going?,kkits goodwhen go
ham,I can make lasagna for you... vodka...,lasagna vodka
ham,HI ITS KATE CAN U GIVE ME A RING ASAP XXX,hi kate u ring asap xxx
ham,Who were those people ? Were you in a tour ? I thought you were doing that sofa thing you sent me ? Your curious sugar,people   tour   think sofa thing send   curious sugar
ham,"No, but you told me you were going, before you got drunk!",tell go get drunk
ham,He fucking chickened out. He messaged me he would be late and woould buzz me and then I didn't hear a word from him,fucking chickene message late woould buzz not hear word
spam,"Congratulations! Thanks to a good friend U have WON the å£2,000 Xmas prize. 2 claim is easy, just call 08718726978 NOW! Only 10p per minute. BT-national-rate",congratulation thank good friend u win   xmas prize   claim easy   p minute btnationalrate
ham,I'm always looking for an excuse to be in the city.,m look excuse city
ham,Yup i'm still having coffee wif my frens... My fren drove she'll give me a lift...,yup m have coffee wif fren fren drive shell lift
ham,O shore are you takin the bus,o shore takin bus
ham,So u gonna get deus ex?,u go to deus ex
ham,I will send them to your email. Do you mind  &lt;#&gt;  times per night?,send email mind   ltgt   time night
spam,"44 7732584351, Do you want a New Nokia 3510i colour phone DeliveredTomorrow? With 300 free minutes to any mobile + 100 free texts + Free Camcorder reply or call 08000930705.",   want new nokia colour phone deliveredtomorrow   free minute mobile    free text   free camcorder reply
ham,tap & spile at seven. * Is that pub on gas st off broad st by canal. Ok?,tap   spile seven   pub gas st broad st canal ok
ham,Ok then i come n pick u at engin?,ok come n pick u engin
ham,Which is why i never wanted to tell you any of this. Which is why i'm so short with you and on-edge as of late.,want tell m short onedge late
ham,Raviyog Peripherals bhayandar east,raviyog peripherals bhayandar east
ham,K actually can you guys meet me at the sunoco on howard? It should be right on the way,k actually guy meet sunoco howard right way
spam,You have 1 new voicemail. Please call 08719181513.,  new voicemail
ham,"MOON has come to color your dreams, STARS to make them musical and my SMS to give you warm and Peaceful Sleep. Good Night",moon come color dream star musical sms warm peaceful sleep good night
ham,Just finished eating. Got u a plate. NOT leftovers this time.,finish eat get u plate leftover time
ham,Thanx a lot...,thanx lot
ham,Hurry home u big butt. Hang up on your last caller if u have to. Food is done and I'm starving. Don't ask what I cooked.,hurry home u big butt hang caller u food m starve not ask cook
ham,Lol your right. What diet? Everyday I cheat anyway. I'm meant to be a fatty :(,lol right diet everyday cheat m mean fatty
ham,Its a great day. Do have yourself a beautiful one.,great day beautiful
ham,What happened in interview?,happen interview
ham,"Solve d Case : A Man Was Found Murdered On  &lt;DECIMAL&gt; . &lt;#&gt;  AfterNoon. 1,His wife called Police. 2,Police questioned everyone. 3,Wife: Sir,I was sleeping, when the murder took place. 4.Cook: I was cooking. 5.Gardener: I was picking vegetables. 6.House-Maid: I went 2 d post office. 7.Children: We went 2 play. 8.Neighbour: We went 2 a marriage. Police arrested d murderer Immediately. Who's It? Reply With Reason, If U r Brilliant.",solve d case   man find murder   ltdecimalgt   ltgt   afternoon wife call police police question wife siri sleep murder take place cook cook gardener pick vegetable housemaid go   d post office child go   play neighbour go   marriage police arrest d murderer immediately s reply reason u r brilliant
ham,Badrith is only for chennai:)i will surely pick for us:)no competition for him.,badrith chennaii surely pick usno competition
ham,I tot it's my group mate... Lucky i havent reply... Wat time do Ì_ need to leave... ,tot group mate lucky not reply wat time   need leave
ham,Hey you around? I've got enough for a half + the ten I owe you,hey ve get half   owe
ham,Hey tmr maybe can meet you at yck,hey tmr maybe meet yck
ham,ALRITE SAM ITS NIC JUST CHECKIN THAT THIS IS UR NUMBER-SO IS IT?T.B*,alrite sam nic checkin ur numberso ittb
ham,They are just making it easy to pay back. I have  &lt;#&gt; yrs to say but i can pay back earlier. You get?,make easy pay   ltgt yrs pay early
ham,Not to worry. I'm sure you'll get it.,worry m sure ll
ham,"The gas station is like a block away from my house, you'll drive right by it since armenia ends at swann and you have to take howard",gas station like block away house ll drive right armenia end swann howard
spam,"Someone U know has asked our dating service 2 contact you! Cant Guess who? CALL 09058097189 NOW all will be revealed. POBox 6, LS15HB 150p ",u know ask date service   contact not guess   reveal pobox   lshb p
spam,Camera - You are awarded a SiPix Digital Camera! call 09061221066 fromm landline. Delivery within 28 days,camera   award sipix digital camera   fromm landline delivery   day
ham,My tuition is at 330. Hm we go for the 1120 to 1205 one? Do you mind?,tuition   hm     mind
ham,"I'm not smoking while people use \wylie smokes too much\"" to justify ruining my shit""",m smoke people use wylie smoke justify ruin shit
ham,Dear good morning how you feeling dear,dear good morning feel dear
ham,A little. Meds say take once every 8 hours. It's only been 5 but pain is back. So I took another. Hope I don't die,little med   hour   pain take hope not die
ham,"Beautiful tomorrow never comes.. When it comes, it's already TODAY.. In the hunt of beautiful tomorrow don't waste your wonderful TODAY.. GOODMORNING:)",beautiful tomorrow come come today hunt beautiful tomorrow not waste wonderful today goodmorne
ham,Dunno lei Ì_ all decide lor. How abt leona? Oops i tot ben is going n i msg him.,dunno lei   decide lor abt leona oops tot ben go n msg
ham,Hi there. We have now moved in2 our pub . Would be great 2 c u if u cud come up.,hi move pub   great   c u u cud come
spam,Todays Voda numbers ending 5226 are selected to receive a ?350 award. If you hava a match please call 08712300220 quoting claim code 1131 standard rates app ,todays voda number end   select receive   award hava match   quote claim code   standard rate app
spam,This message is free. Welcome to the new & improved Sex & Dogging club! To unsubscribe from this service reply STOP. msgs@150p 18 only,message free welcome new   improved sex   dog club unsubscribe service reply stop msgsp  
ham,"Honeybee Said: *I'm d Sweetest in d World* God Laughed &amp; Said: *Wait,U Havnt Met d Person Reading This Msg* MORAL: Even GOD Can Crack Jokes! GM+GN+GE+GN:)",honeybee say m d sweetest d world god laugh amp say waitu havnt meet d person read msg moral god crack joke gmgngegn
ham,Just do what ever is easier for you,easy
spam,RCT' THNQ Adrian for U text. Rgds Vatian,rct thnq adrian u text rgds vatian
ham,Stop calling everyone saying I might have cancer. My throat hurts to talk. I can't be answering everyones calls. If I get one more call I'm not babysitting on Monday,stop call say cancer throat hurt talk not answer everyone call m babysitte monday
ham,"It'll be tough, but I'll do what I have to",ll tough ill
ham,IM GONNAMISSU SO MUCH!!I WOULD SAY IL SEND U A POSTCARD BUTTHERES ABOUTAS MUCH CHANCE OF MEREMEMBERIN ASTHERE IS OFSI NOT BREAKIN HIS CONTRACT!! LUV Yaxx,m gonnamissu muchi il send u postcard butthere abouta chance merememberin asthere ofsi breakin contract luv yaxx
ham,Ee msg na poortiyagi odalebeku: Hanumanji 7 name 1-Hanuman 2-Bajarangabali 3-Maruti 4-Pavanaputra 5-Sankatmochan 6-Ramaduth 7-Mahaveer ee 7 name  &lt;#&gt;  janarige ivatte kalisidare next saturday olage ondu good news keluviri...! Maretare inde 1 dodda problum nalli siguviri idu matra  &lt;#&gt; % true.. Don't neglet.,ee msg na poortiyagi odalebeku hanumanji   hanuman bajarangabali maruti pavanaputra sankatmochan ramaduth mahaveer ee     ltgt   janarige ivatte kalisidare saturday olage ondu good news keluviri maretare inde   dodda problum nalli siguviri idu matra   ltgt   true not neglet
ham,HI DARLIN I FINISH AT 3 DO U 1 2 PICK ME UP OR MEET ME? TEXT BACK ON THIS NUMBER LUV KATE XXX,hi darlin finish   u    pick meet text number luv kate xxx
ham,"Set a place for me in your heart and not in your mind, as the mind easily forgets but the heart will always remember. Wish you Happy Valentines Day!",set place heart mind mind easily forget heart remember wish happy valentine day
ham,But i'm surprised she still can guess right lor...,m surprised guess right lor
ham,Okie Ì_ wan meet at bishan? Cos me at bishan now. I'm not driving today.,okie   wan meet bishan cos bishan m drive today
ham,Oh ho. Is this the first time u use these type of words,oh ho time u use type word
ham,HI DARLIN HOW WAS WORK DID U GET INTO TROUBLE? IJUST TALKED TO YOUR MUM ALL MORNING! I HAD A REALLY GOOD TIME LAST NIGHT IM GOIN OUT SOON BUT CALL ME IF U CAN,hi darlin work u trouble ijust talk mum morning good time night m goin soon u
ham,I know you are serving. I mean what are you doing now.,know serve mean
ham,"Huh... Hyde park not in mel ah, opps, got confused... Anyway, if tt's e best choice den we juz have to take it...",huh hyde park mel ah opp get confuse tts e good choice den juz
ham,Oh gei. That happend to me in tron. Maybe ill dl it in 3d when its out,oh gei happend tron maybe ill dl d
spam,"FREE MESSAGE Activate your 500 FREE Text Messages by replying to this message with the word FREE For terms & conditions, visit www.07781482378.com",free message activate   free text message reply message word free term   condition visit wwwcom
ham,I know girls always safe and selfish know i got it pa. Thank you. good night.,know girl safe selfish know get pa thank good night
ham,"No worries, hope photo shoot went well. have a spiffing fun at workage. ",worry hope photo shoot go spiffe fun workage
ham,I'm freezing and craving ice. Fml,m freeze crave ice fml
ham,Kay... Since we are out already ,kay
ham,Eh sorry leh... I din c ur msg. Not sad already lar. Me watching tv now. U still in office?,eh sorry leh din c ur msg sad lar watch tv u office
ham,Yo im right by yo work,yo m right yo work
ham,Ok darlin i supose it was ok i just worry too much.i have to do some film stuff my mate and then have to babysit again! But you can call me there.xx,ok darlin supose ok worry muchi film stuff mate babysit therexx
ham,"She said,'' do u mind if I go into the bedroom for a minute ? '' ''OK'', I sed in a sexy mood. She came out 5 minuts latr wid a cake...n My Wife,",say u mind bedroom minute    ok se sexy mood come   minut latr wid caken wife
ham,I don wake since. I checked that stuff and saw that its true no available spaces. Pls call the embassy or send a mail to them.,don wake check stuff see true available space pls embassy send mail
ham,Nope... Juz off from work...,nope juz work
ham,Huh so fast... Dat means u havent finished painting?,huh fast dat mean u not finish paint
ham, what number do u live at? Is it 11?,  number u live
ham,"No we put party 7 days a week and study lightly, I think we need to draw in some custom checkboxes so they know we're hardcore",party   day week study lightly think need draw custom checkboxe know hardcore
ham,Sac will score big hundred.he is set batsman:-),sac score big hundredhe set batsman
ham,Send me yetty's number pls.,send yettys number pls
ham,How much it will cost approx . Per month.,cost approx   month
ham,Ok... The theory test? when are Ì_ going to book? I think it's on 21 may. Coz thought wanna go out with jiayin. But she isnt free,ok theory test   go book think   coz thought wanna jiayin not free
spam,"You are being contacted by our dating service by someone you know! To find out who it is, call from a land line 09050000928. PoBox45W2TG150P",contact date service know find land line   poboxwtgp
ham,"That's fine, have him give me a call if he knows what he wants or has any questions",s fine know want question
ham,"Sorry, got a late start, we're on the way",sorry get late start way
ham,Then u go back urself lor...,u urself lor
ham,I AM AT THE GAS STATION. GO THERE.,gas station
ham,"K, if u bored up just come to my home..",k u bore come home
ham,Babe !!!! I LOVE YOU !!!! *covers your face in kisses*,babe   love   cover face kiss
ham,"Like I made him throw up when we were smoking in our friend's car one time, it was awesome",like throw smoke friend car time awesome
ham,Still i have not checked it da. . .,check da  
ham,You will go to walmart. I.ll stay.,walmart ill stay
ham,"I haven't forgotten you, i might have a couple bucks to send you tomorrow, k? I love ya too",not forget couple buck send tomorrow k love ya
ham,Oh great. I.ll disturb him more so that we can talk.,oh great ill disturb talk
ham,Reverse is cheating. That is not mathematics.,reverse cheat mathematic
ham,U're welcome... Caught u using broken english again...,ure welcome catch u broken english
ham,No problem baby. Is this is a good time to talk? I called and left a message.,problem baby good time talk call leave message
ham,"Sorry, I'll call later",sorry ill later
ham,Oh is it! Which brand?,oh brand
ham,Sorry i cant take your call right now. It so happens that there r 2waxsto do wat you want. She can come and ill get her medical insurance. And she'll be able to deliver and have basic care. I'm currently shopping for the right medical insurance for her. So just give me til friday morning. Thats when i.ll see the major person that can guide me to the right insurance.,sorry not right happen r waxsto wat want come ill medical insurance shell able deliver basic care m currently shop right medical insurance til friday morning s ill major person guide right insurance
ham,At what time are you coming.,time come
ham,Call him and say you not coming today ok and tell them not to fool me like this ok,come today ok tell fool like ok
ham,I emailed yifeng my part oredi.. Can Ì_ get it fr him..,email yifeng oredi   fr
ham,R u sure they'll understand that! Wine * good idea just had a slurp!,r u sure ll understand wine   good idea slurp
ham,Minimum walk is 3miles a day.,minimum walk mile day
ham,Ok not a problem will get them a taxi. C ing  tomorrow and tuesday. On tuesday think we r all going to the cinema. ,ok problem taxi c ing   tomorrow tuesday tuesday think r go cinema
ham,"Brainless Baby Doll..:-D;-), vehicle sariyag drive madoke barolla..",brainless baby dolld vehicle sariyag drive madoke barolla
ham,I don't run away frm u... I walk slowly &amp; it kills me that u don't care enough to stop me...,not run away frm u walk slowly amp kill u not care stop
spam,Sorry I missed your call let's talk when you have the time. I'm on 07090201529,sorry miss let talk time m
ham,Please attend the phone:),attend phone
ham,You only hate me. You can call any but you didnt accept even a single call of mine. Or even you messaged,hate not accept single message
ham,No messages on her phone. I'm holding it now,message phone m hold
ham,Can... I'm free...,m free
ham,"Yo my trip got postponed, you still stocked up?",yo trip get postpone stock
ham,"Sorry, I'll call later",sorry ill later
ham,I am waiting for your call sir.,wait sir
ham,Hey what are you doing. Y no reply pa..,hey y reply pa
ham,"Hey elaine, is today's meeting still on?",hey elaine today meet
ham,Sorry i've not gone to that place. I.ll do so tomorrow. Really sorry.,sorry ve go place ill tomorrow sorry
ham,Most of the tiime when i don't let you hug me it's so i don't break into tears.,tiime not let hug not break tear
ham,Tomorrow i am not going to theatre. . . So i can come wherever u call me. . . Tell me where and when to come tomorrow,tomorrow go theatre    come u    tell come tomorrow
ham,And now electricity just went out fml.,electricity go fml
ham,"Looks like you found something to do other than smoke, great job!",look like find smoke great job
ham,Also andros ice etc etc,andro ice etc etc
ham,:) , 
ham,"Good afternon, my love. How are today? I hope your good and maybe have some interviews. I wake and miss you babe. A passionate kiss from across the sea",good afternon love today hope good maybe interview wake miss babe passionate kiss sea
ham,Yup. Wun believe wat? U really neva c e msg i sent shuhui?,yup wun believe wat u neva c e msg send shuhui
ham,Hows that watch resizing,s watch resize
ham,Dear umma she called me now :-),dear umma call
ham,Just finished. Missing you plenty,finish miss plenty
spam,"complimentary 4 STAR Ibiza Holiday or å£10,000 cash needs your URGENT collection. 09066364349 NOW from Landline not to lose out! Box434SK38WP150PPM18+",complimentary   star ibiza holiday   cash need urgent collection   landline lose boxskwpppm
ham,"Well, I meant as opposed to my drunken night of before",mean oppose drunken night
ham,K... Must book a not huh? so going for yoga basic on sunday?,k book huh go yoga basic sunday
spam,FREE MSG:We billed your mobile number by mistake from shortcode 83332.Please call 08081263000 to have charges refunded.This call will be free from a BT landline,free msgwe bill mobile number mistake shortcode   charge refundedthis free bt landline
ham,Ok can...,ok
ham,"Oops - am at my mum's in somerset... Bit far! Back tomo, see you soon x",oop   mum somerset bit far tomo soon x
ham,So u workin overtime nigpun?,u workin overtime nigpun
ham,Same as kallis dismissial in 2nd test:-).,kallis dismissial nd test
ham,O. Guess they both got screwd,o guess get screwd
spam,Please CALL 08712402972 immediately as there is an urgent message waiting for you,  immediately urgent message wait
ham,"I'm in a meeting, call me later at",m meeting later
ham,What r u cooking me for dinner?,r u cook dinner
ham,Ok thanx...,ok thanx
ham,Bull. Your plan was to go floating off to IKEA with me without a care in the world. So i have to live with your mess another day.,bull plan float ikea care world live mess day
ham,Then i buy.,buy
spam,URGENT! Your Mobile number has been awarded with a å£2000 Bonus Caller Prize. Call 09058095201 from land line. Valid 12hrs only,urgent mobile number award   bonus caller prize   land line valid hrs
ham,Heehee that was so funny tho,heehee funny tho
ham,It only does simple arithmetic not percentages.,simple arithmetic percentage
ham,"Yeah we wouldn't leave for an hour at least, how's 4 sound?",yeah not leave hour s   sound
spam,"As a valued customer, I am pleased to advise you that following recent review of your Mob No. you are awarded with a å£1500 Bonus Prize, call 09066364589",value customer pleased advise follow recent review mob award   bonus prize
ham,Thanks honey. Have a great day.,thank honey great day
ham,"'An Amazing Quote'' - \Sometimes in life its difficult to decide whats wrong!! a lie that brings a smile or the truth that brings a tear....\""""",amazing quote   life difficult decide s wrong lie bring smile truth bring tear
ham,Good night my dear.. Sleepwell&amp;Take care,good night dear sleepwellamptake care
ham,Then Ì_ ask dad to pick Ì_ up lar... ÌÏ wan 2 stay until 6 meh...,  ask dad pick   lar   wan   stay   meh
ham,"Jus chillaxin, what up",jus chillaxin
ham,"\HEY DAS COOL... IKNOW ALL 2 WELLDA PERIL OF STUDENTFINANCIAL CRISIS!SPK 2 U L8R.\""""",hey das cool iknow   wellda peril studentfinancial crisisspk   u lr
ham,"Beautiful Truth against Gravity.. Read carefully: \Our heart feels light when someone is in it.. But it feels very heavy when someone leaves it..\"" GOODMORNING""",beautiful truth gravity read carefully heart feel light feel heavy leave goodmorne
spam,Do you want a New Nokia 3510i colour phone DeliveredTomorrow? With 300 free minutes to any mobile + 100 free texts + Free Camcorder reply or call 08000930705,want new nokia colour phone deliveredtomorrow   free minute mobile    free text   free camcorder reply
ham,"Whats that coming over the hill..... Is it a monster! Hope you have a great day. Things r going fine here, busy though! ",s come hill monster hope great day thing r go fine busy
ham,Joy's father is John. Then John is the ____ of Joy's father. If u ans ths you hav  &lt;#&gt;  IQ. Tis s IAS question try to answer.,joys father john john   joy father u an th hav   ltgt   iq tis s ias question try answer
ham,Only once then after ill obey all yours.,ill obey
ham,No she didnt. I will search online and let you know.,not search online let know
ham,Where do you need to go to get it?,need
ham,No pic. Please re-send.,pic resend
ham,He remains a bro amongst bros,remain bro bros
ham,Uhhhhrmm isnt having tb test bad when youre sick,uhhhhrmm not have tb test bad sick
ham,But i haf enuff space got like 4 mb...,haf enuff space get like   mb
spam,LIFE has never been this much fun and great until you came in. You made it truly special for me. I won't forget you! enjoy @ one gbp/sms,life fun great come truly special will not forget enjoy   gbpsm
spam,Do you want a new Video phone? 600 anytime any network mins 400 Inclusive Video calls AND downloads 5 per week Free delTOMORROW call 08002888812 or reply NOW,want new video phone   anytime network min   inclusive video call download   week free deltomorrow   reply
spam,"As a valued customer, I am pleased to advise you that following recent review of your Mob No. you are awarded with a å£1500 Bonus Prize, call 09066368470",value customer pleased advise follow recent review mob award   bonus prize
spam,Welcome! Please reply with your AGE and GENDER to begin. e.g 24M,welcome reply age gender begin eg m
spam,Freemsg: 1-month unlimited free calls! Activate SmartCall Txt: CALL to No: 68866. Subscriptn3gbp/wk unlimited calls Help: 08448714184 Stop?txt stop landlineonly,freemsg month unlimited free call activate smartcall txt   subscriptngbpwk unlimited call help   stoptxt stop landlineonly
spam,Had your mobile 10 mths? Update to latest Orange camera/video phones for FREE. Save å£s with Free texts/weekend calls. Text YES for a callback orno to opt out,mobile   mth update late orange cameravideo phone free save s free textsweekend call text yes callback orno opt
spam,Am new 2 club & dont fink we met yet Will B gr8 2 C U Please leave msg 2day wiv ur area 09099726553 reply promised CARLIE x Callså£1/minMobsmore LKPOBOX177HP51FL,new   club   not fink meet b gr   c u leave msg day wiv ur area   reply promise carlie x callsminmobsmore lkpoboxhpfl
ham,True. Its easier with her here.,true easy
ham,Sure but since my parents will be working on Tuesday I don't really need a cover story,sure parent work tuesday not need cover story
ham,Haha okay... Today weekend leh... ,haha okay today weekend leh
ham,"\Hi darlin did youPhone me? Im atHome if youwanna chat.\""""",hi darlin youphone m athome youwanna chat
ham,I don't know jack shit about anything or i'd say/ask something helpful but if you want you can pretend that I did and just text me whatever in response to the hypotheticalhuagauahahuagahyuhagga,not know jack shit d sayask helpful want pretend text response hypotheticalhuagauahahuagahyuhagga
ham,You've always been the brainy one.,ve brainy
ham,Yeah if we do have to get a random dude we need to change our info sheets to PARTY  &lt;#&gt; /7 NEVER STUDY just to be safe,yeah random dude need change info sheet party   ltgt   study safe
spam,Camera - You are awarded a SiPix Digital Camera! call 09061221066 fromm landline. Delivery within 28 days.,camera   award sipix digital camera   fromm landline delivery   day
ham,"Christmas is An occasion that is Celebrated as a Reflection of UR... Values..., Desires..., Affections...&amp; Traditions.... Have an ideal Christmas...",christmas occasion celebrate reflection ur value desire affectionsamp tradition ideal christmas
ham,Sending you greetings of joy and happiness. Do have a gr8 evening,send greeting joy happiness gr evening
ham,"\Hi darlin i cantdo anythingtomorrow as myparents aretaking me outfor a meal. when are u free? Katexxx\""""",hi darlin cantdo anythingtomorrow myparent aretake outfor meal u free katexxx
ham,If india win or level series means this is record:),india win level series mean record
ham,Then what about further plan?,plan
ham,Its good to hear from you,good hear
ham,"awesome, how do I deal with the gate? Charles told me last night but, uh, yeah",awesome deal gate charles tell night uh yeah
ham,What time you thinkin of goin?,time thinkin goin
spam,Get a FREE mobile video player FREE movie. To collect text GO to 89105. Its free! Extra films can be ordered t's and c's apply. 18 yrs only,free mobile video player free movie collect text   free extra film order ts cs apply   yr
spam,Save money on wedding lingerie at www.bridal.petticoatdreams.co.uk Choose from a superb selection with national delivery. Brought to you by WeddingFriend,save money wedding lingerie wwwbridalpetticoatdreamscouk choose superb selection national delivery bring weddingfriend
ham,Your board is working fine. The issue of overheating is also reslove. But still software inst is pending. I will come around 8'o clock.,board work fine issue overheat reslove software inst pende come o clock
ham,Yes but I don't care cause I know its there!,yes not care cause know
ham,"wiskey Brandy Rum Gin Beer Vodka Scotch Shampain Wine \KUDI\""yarasu dhina vaazhthukkal. ..""",wiskey brandy rum gin beer vodka scotch shampain wine kudiyarasu dhina vaazhthukkal
ham,"Mon okie lor... Haha, best is cheap n gd food la, ex oso okie... Depends on whether wana eat western or chinese food... Den which u prefer... ",mon okie lor haha well cheap n gd food la ex oso okie depend wana eat western chinese food den u prefer
ham,Sitting ard nothing to do lor. U leh busy w work?,sit ard lor u leh busy w work
ham,Its  &lt;#&gt; k here oh. Should i send home for sale.,  ltgt k oh send home sale
ham,Sorry. || mail? || ,sorry   mail  
ham,Ya just telling abt tht incident..,ya tell abt tht incident
ham,Yes we were outside for like 2 hours. And I called my whole family to wake them up cause it started at 1 am,yes outside like   hour call family wake cause start  
ham,Ugh just got outta class,ugh get outta class
ham,"Nowadays people are notixiquating the laxinorficated opportunity for bambling of entropication.... Have you ever oblisingately opted ur books for the masteriastering amplikater of fidalfication? It is very champlaxigating, i think it is atrocious.. Wotz Ur Opinion???? Junna",nowadays people notixiquate laxinorficate opportunity bambling entropication oblisingately opt ur book masteriastere amplikater fidalfication champlaxigate think atrocious wotz ur opinion junna
ham,I dont have any of your file in my bag..i was in work when you called me.i 'll tell you if i find anything in my room.,not file bagi work call mei ll tell find room
ham,No need lar. Jus testing e phone card. Dunno network not gd i thk. Me waiting 4 my sis 2 finish bathing so i can bathe. Dun disturb u liao u cleaning ur room.,need lar jus test e phone card dunno network gd thk wait   sis   finish bath bathe dun disturb u liao u clean ur room
ham,Ok. I.ll do you right later.,ok ill right later
ham,Friendship poem: Dear O Dear U R Not Near But I Can Hear Dont Get Fear Live With Cheer No More Tear U R Always my Dear. Gud ni8,friendship poem dear o dear u r near hear not fear live cheer tear u r dear gud ni
ham,Have your lunch and come quickly and open the door:),lunch come quickly open door
spam,Not heard from U4 a while. Call me now am here all night with just my knickers on. Make me beg for it like U did last time 01223585236 XX Luv Nikiyu4.net,hear u night knicker beg like u time   xx luv nikiyunet
ham,I am back. Bit long cos of accident on a30. Had to divert via wadebridge.I had a brilliant weekend thanks. Speak soon. Lots of love,bit long cos accident divert wadebridgei brilliant weekend thank speak soon lot love
ham,"K.. I yan jiu liao... Sat we can go 4 bugis vill one frm 10 to 3 den hop to parco 4 nb. Sun can go cine frm 1030 to 2, den hop to orc mrt 4 hip hop at 4...",k yan jiu liao sit   bugis vill frm     den hop parco   nb sun cine frm     den hop orc mrt   hip hop
spam,Bloomberg -Message center +447797706009 Why wait? Apply for your future http://careers. bloomberg.com,bloomberg message center   wait apply future   bloombergcom
ham,i am seeking a lady in the street and a freak in the sheets. Is that you?,seek lady street freak sheet
ham,My phone,phone
ham,"Haha figures, well I found the piece and priscilla's bowl",haha figure find piece priscillas bowl
ham,"Actually fuck that, just do whatever, do find an excuse to be in tampa at some point before january though",actually fuck find excuse tampa point january
spam,URGENT! We are trying to contact U. Todays draw shows that you have won a å£800 prize GUARANTEED. Call 09050001808 from land line. Claim M95. Valid12hrs only,urgent try contact u todays draw show win   prize guarantee   land line claim m validhrs
ham,yay! finally lol. i missed our cinema trip last week :-(,yay finally lol miss cinema trip week
ham,All day working day:)except saturday and sunday..,day work dayexcept saturday sunday
ham,aathi..where are you dear..,aathiwhere dear
ham,Heart is empty without love.. Mind is empty without wisdom.. Eyes r empty without dreams &amp; Life is empty without frnds.. So Alwys Be In Touch. Good night &amp; sweet dreams,heart love mind wisdom eye r dream amp life frnd alwys touch good night amp sweet dream
ham,"I think IÛ÷m waiting for the same bus! Inform me when you get there, if you ever get there.",think m wait bus inform
ham,You getting back any time soon?,get time soon
ham,", how's things? Just a quick question.",  s thing quick question
ham,"Night has ended for another day, morning has come in a special way. May you smile like the sunny rays and leaves your worries at the blue blue bay. Gud mrng",night end day morning come special way smile like sunny ray leave worry blue blue bay gud mrng
ham,"I can probably come by, everybody's done around  &lt;#&gt;  right?",probably come everybodys   ltgt   right
ham,I got it before the new year cos yetunde said she wanted to surprise you with it but when i didnt see money i returned it mid january before the  &lt;#&gt; day return period ended.,get new year cos yetunde say want surprise not money return mid january   ltgt day return period end
ham,I can ask around but there's not a lot in terms of mids up here,ask s lot term mid
ham,Be sure to check your yahoo email. We sent photos yesterday,sure check yahoo email send photo yesterday
ham,What was she looking for?,look
ham,Wherre's my boytoy ? :-(,wherre boytoy  
spam,Do you want a NEW video phone750 anytime any network mins 150 text for only five pounds per week call 08000776320 now or reply for delivery tomorrow,want new video phone anytime network min   text pound week   reply delivery tomorrow
ham,"Hello, my love! How goes that day ? I wish your well and fine babe and hope that you find some job prospects. I miss you, boytoy ... *a teasing kiss*",hello love go day   wish fine babe hope find job prospect miss boytoy   teasing kiss
ham,Tell my  bad character which u Dnt lik in me. I'll try to change in  &lt;#&gt; . I ll add tat 2 my new year resolution. Waiting for ur reply.Be frank...good morning.,tell   bad character u dnt lik ill try change   ltgt   ll add tat   new year resolution wait ur replybe frankgood morning
ham,No:-)i got rumour that you going to buy apartment in chennai:-),noi get rumour go buy apartment chennai
ham,"Yeah, probably earlier than that",yeah probably early
ham,Change windows logoff sound..,change window logoff sound
ham,Still i have not checked it da. . .,check da  
ham,I'm also came to room.,m come room
ham,Huh but i got lesson at 4 lei n i was thinkin of going to sch earlier n i tot of parkin at kent vale...  ,huh get lesson   lei n thinkin go sch early n tot parkin kent vale  
ham,Ok.,ok
ham,I will reach office around  &lt;DECIMAL&gt; . &amp; my mobile have problem. You cann't get my voice. So call you asa i'll free,reach office   ltdecimalgt   amp mobile problem cannt voice asa ill free
ham,"Cool, text me when you head out",cool text head
spam,"You are being contacted by our dating service by someone you know! To find out who it is, call from a land line 09050000878. PoBox45W2TG150P",contact date service know find land line   poboxwtgp
spam,"Wan2 win a Meet+Greet with Westlife 4 U or a m8? They are currently on what tour? 1)Unbreakable, 2)Untamed, 3)Unkempt. Text 1,2 or 3 to 83049. Cost 50p +std text",wan win meetgreet westlife   u m currently tour unbreakable untamed unkempt text       cost p std text
ham,Happy birthday... May u find ur prince charming soon n dun work too hard...,happy birthday u find ur prince charming soon n dun work hard
ham,"Oh, the grand is having a bit of a party but it doesn't mention any cover charge so it's probably first come first served",oh grand have bit party not mention cover charge probably come serve
ham,You said to me before i went back to bed that you can't sleep for anything.,say go bed not sleep
ham,I hope you arnt pissed off but id would really like to see you tomorrow. Love me xxxxxxxxxxxxxX,hope arnt piss d like tomorrow love xxxxxxxxxxxxxx
spam,Dorothy@kiefer.com (Bank of Granite issues Strong-Buy) EXPLOSIVE PICK FOR OUR MEMBERS *****UP OVER 300% *********** Nasdaq Symbol CDGT That is a $5.00 per..,dorothykiefercom bank granite issue strongbuy explosive pick member    nasdaq symbol cdgt  
ham,says the  &lt;#&gt;  year old with a man and money. I'm down to my last  &lt;#&gt; . Still waiting for that check.,say   ltgt   year old man money m   ltgt   wait check
ham,I will come to ur home now,come ur home
ham,Free any day but i finish at 6 on mon n thurs...,free day finish   mon n thur
ham,Will you be here for food,food
ham,"life alle mone,eppolum oru pole allalo",life alle moneeppolum oru pole allalo
ham,Nite...,nite
ham,Two fundamentals of cool life: \Walk,fundamental cool life walk
ham,"Camera quite good, 10.1mega pixels, 3optical and 5digital dooms. Have a lovely holiday, be safe and i hope you hav a good journey! Happy new year to you both! See you in a couple of weeks! ",camera good mega pixel optical digital doom lovely holiday safe hope hav good journey happy new year couple week
ham,Hi Petey!noiåÕm ok just wanted 2 chat coz avent spoken 2 u 4 a long time-hope ur doin alrite.have good nit at js love ya am.x,hi peteynoim ok want   chat coz avent speak   u   long timehope ur doin alritehave good nit js love ya amx
ham,I just saw ron burgundy captaining a party boat so yeah,see ron burgundy captain party boat yeah
ham,I'm serious. You are in the money base,m money base
ham,Already one guy loving you:-.,guy love
ham,Staff of placement training in Amrita college.,staff placement training amrita college
ham,I always chat with you. In fact i need money can you raise me?,chat fact need money raise
ham,I'm job profile seems like bpo..,m job profile like bpo
ham,"Well, I was about to give up cos they all said no they didnÛ÷t do one nighters. I persevered and found one but it is very cheap so i apologise in advance. It is just somewhere to sleep isnt it?",cos say not nighter persevere find cheap apologise advance sleep not
ham,"So you think i should actually talk to him? Not call his boss in the morning? I went to this place last year and he told me where i could go and get my car fixed cheaper. He kept telling me today how much he hoped i would come back in, how he always regretted not getting my number, etc.",think actually talk boss morning go place year tell car fix cheap keep tell today hop come regret get number etc
ham,Are you willing to go for apps class.,willing app class
ham,Hanging out with my brother and his family,hang brother family
ham,No it will reach by 9 only. She telling she will be there. I dont know,reach   tell not know
ham,Hey... are you going to quit soon? Xuhui and i working till end of the month ,hey go quit soon xuhui work till end month
ham,"Im sorry bout last nite it wasnåÕt ur fault it was me, spouse it was pmt or sumthin! U 4give me? I think u shldxxxx",m sorry bout nite not ur fault spouse pmt sumthin u think u shldxxxx
ham,Try neva mate!!,try neva mate
ham,Yeah that'd pretty much be the best case scenario,yeah d pretty good case scenario
ham,I not free today i haf 2 pick my parents up tonite...,free today haf   pick parent tonite
ham,\HEY BABE! FAR 2 SPUN-OUT 2 SPK AT DA MO... DEAD 2 DA WRLD. BEEN SLEEPING ON DA SOFA ALL DAY,hey babe far   spunout   spk da mo dead   da wrld sleep da sofa day
ham,Should i send you naughty pix? :),send naughty pix
spam,"You are a å£1000 winner or Guaranteed Caller Prize, this is our Final attempt to contact you! To Claim Call 09071517866 Now! 150ppmPOBox10183BhamB64XE",  winner guarantee caller prize final attempt contact claim   ppmpoboxbhambxe
spam,"Xmas & New Years Eve tickets are now on sale from the club, during the day from 10am till 8pm, and on Thurs, Fri & Sat night this week. They're selling fast!",xmas   new year eve ticket sale club day till pm thurs fri   sit night week sell fast
ham,"Tyler (getting an 8th) has to leave not long after 9, can you get here in like an hour?",tyler get th leave long   like hour
ham,Prepare to be pounded every night...,prepare pound night
ham,"Actually, my mobile is full of msg. And i m doing a work online, where i need to send them  &lt;#&gt;  sent msg i wil explain u later.",actually mobile msg m work online need send   ltgt   send msg wil explain u later
ham,"Sorry, I'll call later",sorry ill later
ham,Good evening! How are you?,good evening
ham,I'm at home. Please call,m home
ham,Oic cos me n my sis got no lunch today my dad went out... So dunno whether 2 eat in sch or wat...,oic cos n sis get lunch today dad go dunno   eat sch wat
ham,"Mmmmm ... It was sooooo good to wake to your words this morning, my Love!! Mmmm fuck ... I love you too, my Lion ... *devouring kiss from across the sea*",mmmmm   sooooo good wake word morning love mmmm fuck   love lion   devouring kiss sea
ham,We are pleased to inform that your application for Airtel Broadband is processed successfully. Your installation will happen within 3 days.,pleased inform application airtel broadband process successfully installation happen   day
ham,What happen dear. Why you silent. I am tensed,happen dear silent tense
ham,"I'll get there at 3, unless you guys want me to come some time sooner",ill   guy want come time soon
ham,If you are not coughing then its nothing,cough
ham,ÌÏ come lt 25 n pass to me lar,  come lt   n pass lar
ham,I'm e person who's doing e sms survey...,m e person s e sms survey
ham,Lol ok ill try to send. Be warned Sprint is dead slow. You'll prolly get it tomorrow,lol ok ill try send warn sprint dead slow ll prolly tomorrow
ham,Thank You meet you monday,thank meet monday
ham,SO IS TH GOWER MATE WHICH IS WHERE I AM!?! HOW R U MAN? ALL IS GOOD IN WALES ILL B BACK åÔMORROW. C U THIS WK? WHO WAS THE MSG 4? åÐ RANDOM!,th gower mate r u man good wale ill b morrow c u wk msg    random
spam,"Rock yr chik. Get 100's of filthy films &XXX pics on yr phone now. rply FILTH to 69669. Saristar Ltd, E14 9YT 08701752560. 450p per 5 days. Stop2 cancel",rock yr chik s filthy film xxx pic yr phone rply filth   saristar ltd e yt   p   day stop cancel
ham,"Single line with a big meaning::::: \Miss anything 4 ur \""Best Life\"" but",single line big meaning miss   ur good life
ham,"I got like $ &lt;#&gt; , I can get some more later though. Get whatever you feel like",get like   ltgt   later feel like
ham,"Dad wanted to talk about the apartment so I got a late start, omw now",dad want talk apartment get late start omw
ham,I love you both too :-),love
ham,Lol u still feeling sick?,lol u feel sick
ham,Din i tell u jus now 420,din tell u jus
ham,am up to my eyes in philosophy,eye philosophy
spam,From next month get upto 50% More Calls 4 Ur standard network charge 2 activate Call 9061100010 C Wire3.net 1st4Terms PoBox84 M26 3UZ Cost å£1.50 min MobcudB more,month upto   call   ur standard network charge   activate   c wirenet stterm pobox m uz cost   min mobcudb
ham,Ok lor. I'm in town now lei.,ok lor m town lei
ham,I had it already..sabarish asked me to go..,alreadysabarish ask
ham,No da. . Vijay going to talk in jaya tv,da   vijay go talk jaya tv
spam,URGENT! We are trying to contact U Todays draw shows that you have won a å£800 prize GUARANTEED. Call 09050000460 from land line. Claim J89. po box245c2150pm,urgent try contact u todays draw show win   prize guarantee   land line claim j po boxcpm
ham,Lol I know! Hey someone did a great inpersonation of flea on the forums. I love it!,lol know hey great inpersonation flea forum love
spam,Text BANNEDUK to 89555 to see! cost 150p textoperator g696ga 18+ XXX,text banneduk   cost p textoperator gga   xxx
ham,Still chance there. If you search hard you will get it..let have a try :),chance search hard itlet try
spam,"Auction round 4. The highest bid is now å£54. Next maximum bid is å£71. To bid, send BIDS e. g. 10 (to bid å£10) to 83383. Good luck.",auction round   high bid   maximum bid   bid send bid e g   bid     good luck
ham,Do you always celebrate NY's with your family ?,celebrate nys family
ham,"We know TAJ MAHAL as symbol of love. But the other lesser known facts 1. Mumtaz was Shahjahan's 4th wife, out of his 7 wifes. 2. Shahjahan killed Mumtaz's husband to marry her. 3. Mumtaz died in her  &lt;#&gt; th delivery. 4. He then married Mumtaz's sister. Question arises where the Hell is the LOVE?:-| -The Great Hari-",know taj mahal symbol love lesser know fact   mumtaz shahjahan th wife   wife   shahjahan kill mumtazs husband marry   mumtaz die   ltgt th delivery   marry mumtazs sister question arise hell love great hari
ham,Its ok..come to my home it vl nice to meet and v can chat..,okcome home vl nice meet v chat
spam,Collect your VALENTINE'S weekend to PARIS inc Flight & Hotel + å£200 Prize guaranteed! Text: PARIS to No: 69101. www.rtf.sphosting.com,collect valentine weekend paris inc flight   hotel    prize guarantee text paris   wwwrtfsphostingcom
ham,Sent me de webadres for geting salary slip,send de webadre get salary slip
ham,She's fine. Sends her greetings,s fine send greeting
spam,Customer Loyalty Offer:The NEW Nokia6650 Mobile from ONLY å£10 at TXTAUCTION! Txt word: START to No: 81151 & get yours Now! 4T&Ctxt TC 150p/MTmsg,customer loyalty offerthe new nokia mobile   txtauction txt word start    tctxt tc pmtmsg
ham,But you dint in touch with me.,dint touch
ham,"Yup, leaving right now, be back soon",yup leave right soon
spam,You won't believe it but it's true. It's Incredible Txts! Reply G now to learn truly amazing things that will blow your mind. From O2FWD only 18p/txt,will not believe true incredible txts reply g learn truly amazing thing blow mind ofwd ptxt
ham,Yeah sure I'll leave in a min,yeah sure ill leave min
ham,And do you have any one that can teach me how to ship cars.,teach ship car
ham,"The sign of maturity is not when we start saying big things.. But actually it is, when we start understanding small things... *HAVE A NICE EVENING* BSLVYL",sign maturity start say big thing actually start understand small thing nice evening bslvyl
ham,Yeah confirmed for you staying at  that weekend,yeah confirm stay   weekend
ham,They said Ì_ dun haf passport or smth like dat.. Or Ì_ juz send to my email account..  ,say   dun haf passport smth like dat   juz send email account  
ham,"Multiply the numbers independently and count decimal points then, for the division, push the decimal places like i showed you.",multiply number independently count decimal point division push decimal place like show
ham,"Have a lovely night and when you wake up to see this message, i hope you smile knowing all is as should be. Have a great morning",lovely night wake message hope smile know great morning
ham,Ard 4 lor...,ard   lor
ham,You are right. Meanwhile how's project twins comin up,right s project twin comin
ham,I sent your maga that money yesterday oh.,send maga money yesterday oh
spam,Hi 07734396839 IBH Customer Loyalty Offer: The NEW NOKIA6600 Mobile from ONLY å£10 at TXTAUCTION!Txt word:START to No:81151 & get Yours Now!4T&,hi   ibh customer loyalty offer new nokia mobile   txtauctiontxt wordstart   nowt
ham,Heart is empty without love.. Mind is empty without wisdom.. Eyes r empty without dreams &amp; Life is empty without frnds.. So Alwys Be In Touch. Good night &amp; sweet dreams,heart love mind wisdom eye r dream amp life frnd alwys touch good night amp sweet dream
spam,I am hot n horny and willing I live local to you - text a reply to hear strt back from me 150p per msg Netcollex LtdHelpDesk: 02085076972 reply Stop to end,hot n horny willing live local   text reply hear strt p msg netcollex ltdhelpdesk   reply stop end
ham,Our ride equally uneventful - not too many of those pesky cyclists around at that time of night ;).,ride equally uneventful   pesky cyclist time night
ham,If you were/are free i can give. Otherwise nalla adi entey nattil kittum,wereare free nalla adi entey nattil kittum
ham,I've sent my wife your text. After we buy them she'll tell you what to do. So just relax. We should go get them this wkend.,ve send wife text buy shell tell relax wkend
ham,I am in escape theatre now. . Going to watch KAVALAN in a few minutes,escape theatre   go watch kavalan minute
ham,How much would it cost to hire a hitman,cost hire hitman
ham,I anything lor...,lor
ham,"Sorry, I'll call later",sorry ill later
spam,Do you want a New Nokia 3510i Colour Phone Delivered Tomorrow? With 200 FREE minutes to any mobile + 100 FREE text + FREE camcorder Reply or Call 08000930705,want new nokia colour phone deliver tomorrow   free minute mobile    free text   free camcorder reply
ham,Huh but i cant go 2 ur house empty handed right?,huh not   ur house hand right
ham,Good morning princess! Happy New Year!,good morning princess happy new year
spam,Congratulations YOU'VE Won. You're a Winner in our August å£1000 Prize Draw. Call 09066660100 NOW. Prize Code 2309.,congratulation ve win winner august   prize draw   prize code
ham,"Aight, we'll head out in a few",aight head
ham,Then wat r u doing now? Busy wif work?,wat r u busy wif work
ham,I know you mood off today,know mood today
ham,"Jay told me already, will do",jay tell
ham,Cps is causing the outages to conserve energy.,cps cause outage conserve energy
ham,"I'm not sure, I was just checking out what was happening around the area",m sure check happen area
ham,Hey morning what you come to ask:-) pa...,hey morning come ask pa
ham,Jordan got voted out last nite!,jordan get vote nite
ham,"That means you got an A in epi, she.s fine. She.s here now.",mean get epi s fine s
ham,I have no idea where you are,idea
ham,Pls come quick cant bare this.,pls come quick not bare
ham,Joy's father is John. Then John is the ____ of Joy's father. If u ans ths you hav  &lt;#&gt;  IQ. Tis s IAS question try to answer.,joys father john john   joy father u an th hav   ltgt   iq tis s ias question try answer
ham,"Call me. I m unable to cal. Lets meet bhaskar, and deep",m unable cal let meet bhaskar deep
ham,No. I.ll meet you in the library,ill meet library
ham,"K, my roommate also wants a dubsack and another friend may also want some so plan on bringing extra, I'll tell you when they know for sure",k roommate want dubsack friend want plan bring extra ill tell know sure
ham,Depends on individual lor e hair dresser say pretty but my parents say look gong. U kaypoh.. I also dunno wat she collecting.,depend individual lor e hair dresser pretty parent look gong u kaypoh dunno wat collect
ham,Ok c Ì_ then.,ok c  
ham,I enjoy watching and playing football and basketball. Anything outdoors. And you?,enjoy watch play football basketball outdoors
ham,"Can you please ask macho what his price range is, does he want something new or used plus it he only interfued in the blackberry bold  &lt;#&gt;  or any bb",ask macho price range want new plus interfue blackberry bold   ltgt   bb
ham,Sorry sent blank msg again. Yup but trying 2 do some serious studying now.,sorry send blank msg yup try   study
ham,Hey check it da. I have listed da.,hey check da list da
spam,8007 25p 4 Alfie Moon's Children in Need song on ur mob. Tell ur m8s. Txt TONE CHARITY to 8007 for nokias or POLY CHARITY for polys :zed 08701417012 profit 2 charity ,  p   alfie moon child need song ur mob tell ur ms txt tone charity   nokia poly charity poly zed   profit   charity
ham,I meant as an apology from me for texting you to get me drugs at  &lt;#&gt; at night,mean apology texte drug   ltgt night
ham,That means from february to april i'll be getting a place to stay down there so i don't have to hustle back and forth during audition season as i have since my sister moved away from harlem.,mean february april ill get place stay not hustle forth audition season sister move away harlem
ham,Goin to workout lor... Muz lose e fats... ,goin workout lor muz lose e fat
ham,"Damn, poor zac doesn't stand a chance",damn poor zac not stand chance
ham,No message..no responce..what happend?,messageno responcewhat happend
ham,I want to tel u one thing u should not mistake me k THIS IS THE MESSAGE THAT YOU SENT:),want tel u thing u mistake k message send
ham,Yeah right! I'll bring my tape measure fri!,yeah right ill bring tape measure fri
ham,Still chance there. If you search hard you will get it..let have a try :),chance search hard itlet try
ham,Meeting u is my work. . . Tel me when shall i do my work tomorrow,meet u work    tel shall work tomorrow
ham,Should I head straight there or what,head straight
spam,Get the official ENGLAND poly ringtone or colour flag on yer mobile for tonights game! Text TONE or FLAG to 84199. Optout txt ENG STOP Box39822 W111WX å£1.50,official england poly ringtone colour flag yer mobile tonight game text tone flag   optout txt eng stop box wwx
ham,Thank you princess! You are so sexy...,thank princess sexy
ham,Oooh I got plenty of those!,oooh get plenty
ham,Hui xin is in da lib.,hui xin da lib
ham,Its a big difference.  &lt;#&gt;  versus  &lt;#&gt;  every  &lt;#&gt; hrs,big difference   ltgt   versus   ltgt     ltgt hrs
ham,"It's not that you make me cry. It's just that when all our stuff happens on top of everything else, it pushes me over the edge. You don't underdtand how often i cry over my sorry, sorry life.",cry stuff happen push edge not underdtand cry sorry sorry life
ham,"\ME 2 BABE I FEEL THE SAME LETS JUST 4GET ABOUT IT+BOTH TRY +CHEER UP+NOT FIT SOO MUCHXXLOVE U LOCAXX\""""",  babe feel let itboth try cheer upnot fit soo muchxxlove u locaxx
ham,You know what hook up means right?,know hook mean right
spam,"Customer service announcement. We recently tried to make a delivery to you but were unable to do so, please call 07090298926 to re-schedule. Ref:9307622",customer service announcement recently try delivery unable   reschedule ref
ham,Wat's da model num of ur phone?,wat da model num ur phone
ham,He's really into skateboarding now despite the fact that he gets thrown off of it and winds up with bandages and shit all over his arms every five minutes,s skateboard despite fact get throw wind bandage shit arm minute
spam,"You can stop further club tones by replying \STOP MIX\"" See my-tone.com/enjoy. html for terms. Club tones cost GBP4.50/week. MFL",stop club tone reply stop mix mytonecomenjoy html term club tone cost gbpweek mfl
ham,My house here e sky quite dark liao... If raining then got excuse not 2 run already rite... Hee...,house e sky dark liao rain get excuse   run rite hee
ham,"Sorry, left phone upstairs. OK, might be hectic but would be all my birds with one fell swoop. It's a date.",sorry leave phone upstairs ok hectic bird fall swoop date
ham,* Thought I didn't see you.,  think not
spam,wamma get laid?want real doggin locations sent direct to your mobile? join the UKs largest dogging network. txt dogs to 69696 now!nyt. ec2a. 3lp å£1.50/msg.,wamma laidwant real doggin location send direct mobile join uks large dog network txt dog   nownyt eca lp msg
ham,Carlos says we can pick up from him later so yeah we're set,carlos say pick later yeah set
ham,"Hey babe, my friend had to cancel, still up for a visit ?",hey babe friend cancel visit
ham,As per your request 'Maangalyam (Alaipayuthe)' has been set as your callertune for all Callers. Press *9 to copy your friends Callertune,request maangalyam alaipayuthe set callertune caller press   copy friend callertune
ham,Hmm ill have to think about it... ok you're forgiven! =D,hmm ill think ok forgive d
ham,"We are hoping to get away by 7, from Langport. You still up for town tonight?",hop away   langport town tonight
ham,Want to send me a virtual hug?... I need one,want send virtual hug need
ham,"Probably not, still going over some stuff here",probably go stuff
ham,It has issues right now. Ill fix for her by tomorrow.,issue right ill fix tomorrow
ham,Why i come in between you people,come people
ham,Senthil group company Apnt 5pm.,senthil group company apnt pm
ham,Oh really?? Did you make it on air? What's your talent?,oh air s talent
ham,Studying. But i.ll be free next weekend.,study ill free weekend
ham,R u here yet? I'm wearing blue shirt n black pants.,r u m wear blue shirt n black pant
ham,Wait.i will come out.. &lt;#&gt;  min:),waiti come ltgt   min
ham,I will reach ur home in  &lt;#&gt;  minutes,reach ur home   ltgt   minute
ham,Well then you have a great weekend!,great weekend
ham,"What are you doing in langport? Sorry, but I'll probably be in bed by 9pm. It sucks being ill at xmas! When do you and go2sri lanka? ",langport sorry ill probably bed pm suck ill xmas gosri lanka
ham,"Frnd s not juz a word.....not merely a relationship.....its a silent promise which says ... \ I will be with YOU \"" Wherevr.. Whenevr.. Forevr... Gudnyt dear..""",frnd s juz wordnot merely relationshipit silent promise say      wherevr whenevr forevr gudnyt dear
ham,Huh? 6 also cannot? Then only how many mistakes?,huh   mistake
ham,Ha... U jus ate honey ar? So sweet...,ha u jus eat honey ar sweet
ham,I'm turning off my phone. My moms telling everyone I have cancer. And my sister won't stop calling. It hurts to talk. Can't put up with it. See u when u get home. Love u,m turn phone mom tell cancer sister will not stop call hurt talk not u u home love u
ham,"Honey ? Sweetheart ? Darling ? Sexy buns ? Sugar plum ? Loverboy ? I miss you, boytoy ... *smacks your ass* Did you go to the gym too ?",honey   sweetheart   darling   sexy bun   sugar plum   loverboy   miss boytoy   smack ass gym
ham,Thanks for loving me so. You rock,thank love rock
ham,Yeah imma come over cause jay wants to do some drugs,yeah imma come cause jay want drug
ham,Ok thanx... Take care then...,ok thanx care
ham,Yup. Thk of u oso boring wat.,yup thk u oso boring wat
ham," came to look at the flat, seems ok, in his 50s? * Is away alot wiv work. Got woman coming at 6.30 too.",  come look flat ok s   away alot wiv work get woman come  
ham,Moji just informed me that you saved our lives. Thanks.,moji inform save life thank
spam,You have won a Nokia 7250i. This is what you get when you win our FREE auction. To take part send Nokia to 86021 now. HG/Suite342/2Lands Row/W1JHL 16+,win nokia win free auction send nokia   hgsuiteland rowwjhl
ham,Whos this am in class:-),s class
ham,Hey r Ì_ still online? I've finished the formatting...,hey r   online ve finish formatting
ham,Great! So what attracts you to the brothas?,great attract brotha
spam,Promotion Number: 8714714 - UR awarded a City Break and could WIN a å£200 Summer Shopping spree every WK. Txt STORE to 88039 . SkilGme. TsCs087147403231Winawk!Age16 å£1.50perWKsub,promotion number    ur award city break win   summer shopping spree wk txt store    skilgme tscswinawkage perwksub
ham,Stupid.its not possible,stupidit possible
ham,I cant pick the phone right now. Pls send a message,not pick phone right pls send message
ham,LOL what happens in Vegas stays in vegas,lol happen vegas stay vegas
ham,"Hello, hello, hi lou sorry it took so long 2 reply- I left mobile at friends in Lancaster, just got it bak Neway im sorry I couldnåÕt make ur båÕday 2 hun!",hello hello hi lou sorry take long   reply leave mobile friend lancaster get bak neway m sorry not ur bday   hun
ham,When did i use soc... I use it only at home... ÌÏ dunno how 2 type it in word ar...,use soc use home   dunno   type word ar
ham,Dad says hurry the hell up,dad say hurry hell
ham,Wake me up at  &lt;#&gt;  am morning:),wake   ltgt   morning
ham,"I get out of class in bsn in like  &lt;#&gt;  minutes, you know where advising is?",class bsn like   ltgt   minute know advise
ham,Great! I shoot big loads so get ready!,great shoot big load ready
ham,I'll meet you in the lobby,ill meet lobby
ham,You still coming tonight?,come tonight
ham,What happen dear tell me,happen dear tell
ham,"Sir, i am waiting for your call, once free please call me.",sir wait free
ham,No i am not having not any movies in my laptop,have movie laptop
ham,I was about to do it when i texted. I finished a long time ago and showered and er'ything!,texte finish long time ago shower erythe
ham,Ok im not sure what time i finish tomorrow but i wanna spend the evening with you cos that would be vewy vewy lubly! Love me xxx,ok m sure time finish tomorrow wanna spend evening cos vewy vewy lubly love xxx
ham,"Hello, As per request from  &lt;#&gt;  Rs.5 has been transfered to you",hello request   ltgt   rs transfer
ham,I am in tirupur.  call you da.,tirupur   da
spam,You are a winner you have been specially selected to receive å£1000 cash or a å£2000 award. Speak to a live operator to claim call 087147123779am-7pm. Cost 10p,winner specially select receive   cash   award speak live operator claim ampm cost p
ham,S:)but he had some luck.2 catches put down:),sbut luck catch
ham,How i noe... Did Ì_ specify da domain as nusstu... ÌÏ still in sch...,noe   specify da domain nusstu   sch
ham,Oh...i asked for fun. Haha...take care. Ì_,ohi ask fun hahatake care
ham,Shall i get my pouch?,shall pouch
ham,Hey loverboy! I love you !! I had to tell ... I look at your picture and ache to feel you between my legs ... Fuck I want you ... I need you ... I crave you .,hey loverboy love   tell   look picture ache feel leg   fuck want   need   crave
ham,"How is my boy? No sweet words left for me this morning ... *sighs* ... How goes you day, my love ? Did you start your studying?",boy sweet word leave morning   sigh   go day love   start studying
ham,Kent vale lor... ÌÏ wait 4 me there ar?,kent vale lor   wait   ar
ham,Ok. Very good. Its all about making that money.,ok good make money
ham,Reading gud habit.. Nan bari hudgi yorge pataistha ertini kano:-),read gud habit nan bari hudgi yorge pataistha ertini kano
ham,Aight do you still want to get money,aight want money
spam,Free Top ringtone -sub to weekly ringtone-get 1st week free-send SUBPOLY to 81618-?3 per week-stop sms-08718727870,free ringtone sub weekly ringtoneget st week freesend subpoly   weekstop sm
ham,Ok.ok ok..then..whats ur todays plan,okok okthenwhat ur todays plan
ham,ARE YOU IN TOWN? THIS IS V. IMPORTANT,town v important
ham,"Sorry pa, i dont knw who ru pa?",sorry pa not knw ru pa
ham,Wat u doing there?,wat u
ham,If i not meeting Ì_ all rite then i'll go home lor. If Ì_ dun feel like comin it's ok.,meet   rite ill home lor   dun feel like comin ok
ham,"Oh, i will get paid. The most outstanding one is for a commercial i did for Hasbro...in AUGUST! They made us jump through so many hoops to get paid. Still not.",oh pay outstanding commercial hasbroin august jump hoop pay
ham,"I am late,so call you tomorrow morning.take care sweet dreams....u and me...ummifying...bye.",lateso tomorrow morningtake care sweet dreamsu meummifyingbye
ham,Networking technical support associate.,network technical support associate
ham,I'm gonna rip out my uterus.,m go to rip uterus
ham,Cool. Do you like swimming? I have a pool and jacuzzi at my house.,cool like swim pool jacuzzi house
spam,"Thanks for your ringtone order, reference number X49. Your mobile will be charged 4.50. Should your tone not arrive please call customer services 09065989182. From: [colour=red]text[/colour]TXTstar",thank ringtone order reference number x mobile charge   tone arrive customer service   colourredtextcolourtxtstar
ham,"Yeah why not, is the gang all ready",yeah gang ready
ham,Blank is Blank. But wat is blank? Lol,blank blank wat blank lol
ham,I'm in a movie... Collect car oredi...,m movie collect car oredi
ham,We left already we at orchard now.,leave orchard
spam,"Hi there, 2nights ur lucky night! Uve been invited 2 XCHAT, the Uks wildest chat! Txt CHAT to 86688 now! 150p/MsgrcvdHG/Suite342/2Lands/Row/W1J6HL LDN 18yrs",hi night ur lucky night uve invite   xchat uks wildest chat txt chat   pmsgrcvdhgsuitelandsrowwjhl ldn yrs
ham,Nothing spl..wat abt u and whr ru?,splwat abt u whr ru
ham,No chikku nt yet.. Ya i'm free,chikku not ya m free
ham,"Aldrine, rakhesh ex RTM here.pls call.urgent.",aldrine rakhesh ex rtm herepls callurgent
ham,The search 4 happiness is 1 of d main sources of unhappiness! Accept life the way it comes! U will find happiness in every moment u live.,search   happiness   d main source unhappiness accept life way come u find happiness moment u live
ham,I'm at home. Please call,m home
ham,"I guess you could be as good an excuse as any, lol.",guess good excuse lol
ham,"Isn't frnd a necesity in life? imagine urself witout a frnd.. hw'd u feel at ur colleg? wat'll u do wth ur cell? wat abt functions? thnk abt events espe'll cared, missed &amp; irritated u? 4wrd it to all those dear-loving frnds wthout whom u cant live.. I jst did it.. Takecare..:) GOODMORNING",not frnd necesity life imagine urself witout frnd hwd u feel ur colleg watll u wth ur cell wat abt function thnk abt event espell care miss amp irritated u wrd dearloving frnd wthout u not live jst takecare goodmorne
ham,Gud mrng dear hav a nice day,gud mrng dear hav nice day
ham,Old Orchard near univ. How about you?,old orchard near univ
ham,"4 tacos + 1 rajas burrito, right?",  taco    rajas burrito right
ham,"ItÛ÷s å£6 to get in, is that ok?",  ok
ham,Hows the street where the end of library walk is?,s street end library walk
ham,"Plz note: if anyone calling from a mobile Co. &amp; asks u to type # &lt;#&gt;  or # &lt;#&gt; . Do not do so. Disconnect the call,coz it iz an attempt of 'terrorist' to make use of the sim card no. Itz confirmd by nokia n motorola n has been verified by CNN IBN.",plz note call mobile co amp ask u type   ltgt     ltgt   disconnect callcoz iz attempt terrorist use sim card itz confirmd nokia n motorola n verify cnn ibn
ham,We stopped to get ice cream and will go back after,stop ice cream
ham,Did you stitch his trouser,stitch trouser
ham,No da. . Vijay going to talk in jaya tv,da   vijay go talk jaya tv
spam,2/2 146tf150p,  tfp
ham,Hey i'm bored... So i'm thinking of u... So wat r u doing?,hey m bored m think u wat r u
ham,"Nah, Wednesday. When should I bring the mini cheetos bag over?",nah wednesday bring mini cheeto bag
ham,Nobody names their penis a girls name this story doesn't add up at all,name penis girl story not add
ham,"Aight, let me know when you're gonna be around usf",aight let know go to usf
ham,I'm not. She lip synced with shangela.,m lip sync shangela
ham,ÌÏ neva tell me how i noe... I'm not at home in da aft wat... ,  neva tell noe m home da aft wat
ham,"A bit of Ur smile is my hppnss, a drop of Ur tear is my sorrow, a part of Ur heart is my life, a heart like mine wil care for U, forevr as my GOODFRIEND",bit ur smile hppnss drop ur tear sorrow ur heart life heart like wil care u forevr goodfriend
spam,Dear Voucher Holder 2 claim your 1st class airport lounge passes when using Your holiday voucher call 08704439680. When booking quote 1st class x 2,dear voucher holder   claim st class airport lounge pass holiday voucher   book quote st class x
ham,"Buzz! Hey, my Love ! I think of you and hope your day goes well. Did you sleep in ? I miss you babe. I long for the moment we are together again*loving smile*",buzz hey love   think hope day go sleep   miss babe long moment againlove smile
ham,"Haha... Sounds crazy, dunno can tahan anot...",haha sound crazy dunno tahan anot
ham,Why are u up so early?,u early
ham,Ya that one is slow as poo,ya slow poo
spam,Bloomberg -Message center +447797706009 Why wait? Apply for your future http://careers. bloomberg.com,bloomberg message center   wait apply future   bloombergcom
ham,"\Im on gloucesterroad what are uup to later?\""""",m gloucesterroad uup later
ham,Yes:)here tv is always available in work place..,yeshere tv available work place
spam,YES! The only place in town to meet exciting adult singles is now in the UK. Txt CHAT to 86688 now! 150p/Msg.,yes place town meet exciting adult single uk txt chat   pmsg
ham,Lol no ouch but wish i'd stayed out a bit longer,lol ouch wish d stay bit long
ham,"GOD ASKED, \What is forgiveness?\"" A little child gave lovely reply",god ask forgiveness little child give lovely reply
ham,We'll join the  &lt;#&gt;  bus,join   ltgt   bus
ham,Was just about to ask. Will keep this one. Maybe that's why you didn't get all the messages we sent you on glo,ask maybe s not message send glo
spam,FREE for 1st week! No1 Nokia tone 4 ur mob every week just txt NOKIA to 8007 Get txting and tell ur mates www.getzed.co.uk POBox 36504 W45WQ norm150p/tone 16+,free st week nokia tone   ur mob week txt nokia   txte tell ur mate wwwgetzedcouk pobox   wwq normptone
ham,K.i will send in  &lt;#&gt;  min:),ki send   ltgt   min
ham,Would me smoking you out help us work through this difficult time,smoke help work difficult time
spam,"Someone U know has asked our dating service 2 contact you! Cant guess who? CALL 09058095107 NOW all will be revealed. POBox 7, S3XY 150p ",u know ask date service   contact not guess   reveal pobox   sxy p
ham,Yes.mum lookin strong:),yesmum lookin strong
ham,"Sir Goodmorning, Once free call me.",sir goodmorning free
ham,Where are you call me.,
ham,Was gr8 to see that message. So when r u leaving? Congrats dear. What school and wat r ur plans.,gr message r u leave congrat dear school wat r ur plan
ham,Love it! The girls at the office may wonder why you are smiling but sore...,love girl office wonder smile sore
ham,"Hi, wlcome back, did wonder if you got eaten by a lion or something, nothing much",hi wlcome wonder get eat lion
ham,Does uncle timi help in clearing cars,uncle timi help clear car
ham,I came hostel. I m going to sleep. Plz call me up before class. Hrishi.,come hostel m go sleep plz class hrishi
ham,Ok... But bag again..,ok bag
ham,Hi! You just spoke to MANEESHA V. We'd like to know if you were satisfied with the experience. Reply Toll Free with Yes or No.,hi speak maneesha v d like know satisfied experience reply toll free yes
ham,Ok lor. Msg me b4 u call.,ok lor msg b u
spam,"Mila, age23, blonde, new in UK. I look sex with UK guys. if u like fun with me. Text MTALK to 69866.18 . 30pp/txt 1st 5free. å£1.50 increments. Help08718728876",mila age blonde new uk look sex uk guy u like fun text mtalk    pptxt st free   increment help
ham,"Once a fishrman woke early in d mrng. It was very dark. He waited a while &amp; found a sack ful of stones. He strtd throwin thm in2 d sea 2 pass time. Atlast he had jus 1stone, sun rose up &amp; he found out tht those r nt stones, those were diamonds. Moral:\Dont wake up early in d mrng'' GOOD night""",fishrman wake early d mrng dark wait amp find sack ful stone strtd throwin thm d sea   pass time atlast jus stone sun rise amp find tht r not stone diamond moraldont wake early d mrng good night
spam,"Claim a 200 shopping spree, just call 08717895698 now! Have you won! MobStoreQuiz10ppm",claim   shopping spree   win mobstorequizppm
ham,Then ur physics get a-?,ur physics
ham,"Dear friends, sorry for the late information. Today is the birthday of our loving Ar.Praveesh. for more details log on to face book and see. Its his number + &lt;#&gt; . Dont miss a delicious treat.",dear friend sorry late information today birthday love arpraveesh detail log face book number   ltgt   not miss delicious treat
ham,How r Ì_ going to send it to me?,r   go send
ham,Can you do online transaction?,online transaction
ham,Dear got train and seat mine lower seat,dear get train seat low seat
ham,Let me know if you need anything else. Salad or desert or something... How many beers shall i get?,let know need salad desert beer shall
ham,Wat r u doing?,wat r u
ham,WHORE YOU ARE UNBELIEVABLE.,whore unbelievable
spam,"Want to funk up ur fone with a weekly new tone reply TONES2U 2 this text. www.ringtones.co.uk, the original n best. Tones 3GBP network operator rates apply",want funk ur fone weekly new tone reply tonesu   text wwwringtonescouk original n good tone gbp network operator rate apply
ham,Are you sure you don't mean \get here,sure not mean
ham,"I love you !!! You know? Can you feel it? Does it make your belly warm? I wish it does, my love ... I shall meet you in your dreams, Ahmad ... *adoring kiss*",love   know feel belly warm wish love   shall meet dream ahmad   adore kiss
spam,"Twinks, bears, scallies, skins and jocks are calling now. Don't miss the weekend's fun. Call 08712466669 at 10p/min. 2 stop texts call 08712460324(nat rate)",twink bear scallie skin jock call not miss weekend fun   pmin   stop text nat rate
ham,Love it! I want to flood that pretty pussy with cum...,love want flood pretty pussy cum
ham,Hey are you angry with me. Reply me dr.,hey angry reply dr
ham,Short But Cute: \Be a good person,short cute good person
ham,Also remember the beads don't come off. Ever.,remember bead not come
ham,They have a thread on the wishlist section of the forums where ppl post nitro requests. Start from the last page and collect from the bottom up.,thread wishlist section forum ppl post nitro request start page collect
ham,For The First Time In The History 'Need' 'Comfort' And 'Luxury' Are Sold At Same Price In India..!! Onion-Rs. &lt;#&gt;  Petrol-Rs. &lt;#&gt;  Beer-Rs. &lt;#&gt;  SHESIL  &lt;#&gt;,time history need comfort luxury sell price india onionrs ltgt   petrolrs ltgt   beerrs ltgt   shesil   ltgt
ham,"Feb  &lt;#&gt;  is \I LOVE U\"" day. Send dis to all ur \""VALUED FRNDS\"" evn me. If 3 comes back u'll gt married d person u luv! If u ignore dis u will lose ur luv 4 Evr""",feb   ltgt   love u day send dis ur value frnd evn   come ull gt marry d person u luv u ignore dis u lose ur luv   evr
ham,"Actually nvm, got hella cash, we still on for  &lt;#&gt; ish?",actually nvm get hella cash   ltgt ish
spam,We tried to contact you re your reply to our offer of a Video Handset? 750 anytime any networks mins? UNLIMITED TEXT? Camcorder? Reply or call 08000930705 NOW,try contact reply offer video handset   anytime network min unlimited text camcorder reply  
ham,"It's ok, at least armand's still around",ok armand
ham,No da. I am happy that we sit together na,da happy sit na
ham,Yup song bro. No creative. Neva test quality. He said check review online.,yup song bro creative neva test quality say check review online
ham,"No dude, its not fake..my frnds got money, thts y i'm reffering u..if u member wit my mail link, u vl be credited  &lt;#&gt; rs and il be getiing  &lt;#&gt; rs..i can draw my acc wen it is  &lt;#&gt; rs..",dude fakemy frnd get money tht y m reffere uif u member wit mail link u vl credit   ltgt rs il getie   ltgt rsi draw acc wen   ltgt rs
ham,Dude while were makin those weirdy brownies my sister made awesome cookies. I took pics.,dude makin weirdy brownie sister awesome cooky take pic
spam,URGENT! We are trying to contact you. Last weekends draw shows that you have won a å£900 prize GUARANTEED. Call 09061701851. Claim code K61. Valid 12hours only,urgent try contact weekend draw show win   prize guarantee   claim code k valid hour
ham,Pls dont restrict her from eating anythin she likes for the next two days.,pls not restrict eat anythin like day
ham,Mm you ask him to come its enough :-),mm ask come
ham,At the funeral home with Audrey and dad,funeral home audrey dad
ham,"Aight, can you text me the address?",aight text address
ham,Excellent! Wish we were together right now!,excellent wish right
ham,Yep then is fine 7.30 or 8.30 for ice age.,yep fine     ice age
ham,Pls i wont belive god.not only jesus.,pls will not belive godnot jesus
ham,Can. Dunno wat to get 4 her...,dunno wat  
ham,"Not yet chikku..k, then wat abt tht guy did he stopped irritating or msging to u..",chikkuk wat abt tht guy stop irritate msge u
ham,How long does it take to get it.,long
ham,This is my number by vivek..,number vivek
spam,74355 XMAS iscoming & ur awarded either å£500 CD gift vouchers & free entry 2 r å£100 weekly draw txt MUSIC to 87066 TnC,  xmas iscome   ur award   cd gift voucher   free entry   r   weekly draw txt music   tnc
ham,"sorry brah, just finished the last of my exams, what up",sorry brah finish exam
ham,"I got arrested for possession at, I shit you not,  &lt;TIME&gt;  pm",get arrest possession shit   lttimegt   pm
ham,You are right though. I can't give you the space you want and need. This is really starting to become an issue. I was going to suggest setting a definite move out--if i'm still there-- after greece. But maybe you are ready and should do it now.,right not space want need start issue go suggest set definite outif m greece maybe ready
ham,Just normal only here :),normal
ham,"Please protect yourself from e-threats. SIB never asks for sensitive information like Passwords,ATM/SMS PIN thru email. Never share your password with anybody.",protect ethreat sib ask sensitive information like passwordsatmsm pin email share password anybody
ham,I miss you so much I'm so desparate I have recorded the message you left for me the other day and listen to it just to hear the sound of your voice. I love you,miss m desparate record message leave day listen hear sound voice love
ham,Hi. I'm always online on yahoo and would like to chat with you someday,hi m online yahoo like chat someday
ham,"Goodmorning,my grandfather expired..so am on leave today.",goodmorningmy grandfather expiredso leave today
spam,Congratulations U can claim 2 VIP row A Tickets 2 C Blu in concert in November or Blu gift guaranteed Call 09061104276 to claim TS&Cs www.smsco.net costå£3.75max ,congratulation u claim   vip row ticket   c blu concert november blu gift guarantee   claim tscs wwwsmsconet costmax
ham,Where are you ? What are you doing ? Are yuou working on getting the pc to your mom's ? Did you find a spot that it would work ? I need you,    yuou work get pc mom   find spot work   need
ham,"Sure, I'll see if I can come by in a bit",sure ill come bit
ham,I agree. So i can stop thinkin about ipad. Can you please ask macho the same question.,agree stop thinkin ipad ask macho question
ham,Let's pool our money together and buy a bunch of lotto tickets. If we win I get &lt;#&gt; % u get &lt;#&gt; %. Deal?,let pool money buy bunch lotto ticket win ltgt   u ltgt   deal
ham,Ok.,ok
ham,I had askd u a question some hours before. Its answer,askd u question hour answer
ham,Watching tv lor. Nice one then i like lor.,watch tv lor nice like lor
ham,I'm thinking that chennai forgot to come for auction..,m think chennai forget come auction
ham,Then Ì_ come n pick me at 530 ar?,  come n pick   ar
ham,Early bird! Any purchases yet?,early bird purchase
ham,Went to pay rent. So i had to go to the bank to authorise the payment.,go pay rent bank authorise payment
ham,"Erm Û_ ill pick you up at about 6.45pm. That'll give enough time to get there, park and that.",erm   ill pick pm ll time park
ham,HEY MATE! HOWS U HONEY?DID U AVE GOOD HOLIDAY? GIMMI DE GOSS!x,hey mate s u honeydid u ave good holiday gimmi de gossx
ham,Howz pain.it will come down today.do as i said ystrday.ice and medicine.,howz painit come todaydo say ystrdayice medicine
ham,"chile, please! It's only a  &lt;DECIMAL&gt;  hour drive for me. I come down all the time and will be subletting feb-april for audition season.",chile   ltdecimalgt   hour drive come time sublet febapril audition season
ham,Yes ammae....life takes lot of turns you can only sit and try to hold the steering...,yes ammaelife take lot turn sit try hold steering
ham,"Yeah that's what I thought, lemme know if anything's goin on later",yeah s think lemme know anything goin later
ham,Mmmm.... I cant wait to lick it!,mmmm not wait lick
ham,Pls go there today  &lt;#&gt; . I dont want any excuses,pls today   ltgt   not want excuse
spam,"Fantasy Football is back on your TV. Go to Sky Gamestar on Sky Active and play å£250k Dream Team. Scoring starts on Saturday, so register now!SKY OPT OUT to 88088",fantasy football tv sky gamestar sky active play k dream team scoring start saturday register nowsky opt
ham,Can you plz tell me the ans. BSLVYL sent via fullonsms.com,plz tell an bslvyl send fullonsmscom
ham,U in town alone?,u town
ham,I to am looking forward to all the sex cuddling.. Only two more sleeps ,look forward sex cuddle sleep
ham,We have all rounder:)so not required:),rounderso require
ham,"No, its true..k,Do u knw dis no. &lt;#&gt; ?",truekdo u knw dis ltgt
ham,"Dont worry, 1 day very big lambu ji vl come..til then enjoy batchlor party:-)",not worry   day big lambu ji vl cometil enjoy batchlor party
ham,oh ya... Got hip hop open. Haha i was thinking can go for jazz then zoom to cine... Actually tonight i'm free leh... And there's a kb lesson tonight,oh ya get hip hop open haha think jazz zoom cine actually tonight m free leh s kb lesson tonight
spam,Free msg: Single? Find a partner in your area! 1000s of real people are waiting to chat now!Send CHAT to 62220Cncl send STOPCS 08717890890å£1.50 per msg,free msg single find partner area s real people wait chat nowsend chat cncl send stopc   msg
ham,I'm ok. Will do my part tomorrow,m ok tomorrow
ham,"No! But we found a diff farm shop to buy some cheese. On way back now, can i call in?",find diff farm shop buy cheese way
ham,R u still working now?,r u work
spam,"Win the newest åÒHarry Potter and the Order of the Phoenix (Book 5) reply HARRY, answer 5 questions - chance to be the first among readers!",win new harry potter order phoenix book   reply harry answer   question   chance reader
ham,Yep. I do like the pink furniture tho.,yep like pink furniture tho
spam,Free Msg: Ringtone!From: http://tms. widelive.com/index. wml?id=1b6a5ecef91ff9*37819&first=true18:0430-JUL-05,free msg ringtonefrom   widelivecomindex wmlidbaeceffffirsttruejul
ham,"Customer place, i wil cal u sir.",customer place wil cal u sir
spam,"Oh my god! I've found your number again! I'm so glad, text me back xafter this msgs cst std ntwk chg å£1.50",oh god ve find number m glad text xafter msgs cst std ntwk chg
ham,A pure hearted person can have a wonderful smile that makes even his/her enemies to feel guilty for being an enemy.. So catch the world with your smile..:) GOODMORNING &amp; HAVE A SMILEY SUNDAY..:),pure hearted person wonderful smile make hisher enemy feel guilty enemy catch world smile goodmorning amp smiley sunday
ham,"THATåÕS ALRITE GIRL, U KNOW GAIL IS NEVA WRONG!!TAKE CARE SWEET AND DONåÕT WORRY.C U L8TR HUN!LOVE Yaxxx",s alrite girl u know gail neva wrongtake care sweet not worryc u ltr hunlove yaxxx
ham,"Theoretically yeah, he could be able to come",theoretically yeah able come
ham,"Alright we're hooked up, where you guys at",alright hook guy
ham,"not that I know of, most people up here are still out of town",know people town
ham,No let me do the math. Your not good at it.,let math good
ham,Oh ok wait 4 me there... My lect havent finish,oh ok wait   lect not finish
ham,Yeah my usual guy's out of town but there're definitely people around I know,yeah usual guy town definitely people know
ham,I am joining today formally.Pls keep praying.will talk later.,join today formallypl prayingwill talk later
ham,"Happy or sad , one thing about past is- \Its no more\"" GOOD MORNING :-):-).""",happy sad   thing past good morning
ham,No. Did you multimedia message them or e-mail?,multimedia message email
ham,Okie but i scared u say i fat... Then u dun wan me already...,okie scar u fat u dun wan
ham,did u get that message,u message
ham,"Sorry sir, i will call you tomorrow.  senthil.hsbc",sorry sir tomorrow   senthilhsbc
ham,What you need. You have a person to give na.,need person na
ham,She left it very vague. She just said she would inform the person in accounting about the delayed rent and that i should discuss with the housing agency about my renting another place. But checking online now and all places around usc are  &lt;#&gt;  and up,leave vague say inform person account delayed rent discuss housing agency rent place check online place usc   ltgt  
ham,Hi juan. Im coming home on fri hey. Of course i expect a welcome party and lots of presents. Ill phone u when i get back. Loads of love nicky x x x x x x x x x,hi juan m come home fri hey course expect welcome party lot present ill phone u load love nicky x x x x x x x x x
ham,Can you plz tell me the ans. BSLVYL sent via fullonsms.com,plz tell an bslvyl send fullonsmscom
ham,Short But Cute: \Be a good person,short cute good person
ham,"Gumby's has a special where a  &lt;#&gt; \ cheese pizza is $2 so I know what we're doin tonight""",gumby special   ltgt   cheese pizza   know doin tonight
spam,A link to your picture has been sent. You can also use http://alto18.co.uk/wave/wave.asp?o=44345,link picture send use
ham,Like a personal sized or what,like personal sized
ham,"Same, I'm at my great aunts anniversary party in tarpon springs",m great aunt anniversary party tarpon spring
ham,Cab is available.they pick up and drop at door steps.,cab availablethey pick drop door step
ham,ok....take care.umma to you too...,oktake careumma
ham,Unlimited texts. Limited minutes.,unlimited text limited minute
spam,"Double Mins & 1000 txts on Orange tariffs. Latest Motorola, SonyEricsson & Nokia with Bluetooth FREE! Call MobileUpd8 on 08000839402 or call2optout/HF8",double min    txts orange tariff late motorola sonyericsson   nokia bluetooth free mobileupd   calloptouthf
ham,No problem. We will be spending a lot of quality time together...,problem spend lot quality time
spam,URGENT This is our 2nd attempt to contact U. Your å£900 prize from YESTERDAY is still awaiting collection. To claim CALL NOW 09061702893. ACL03530150PM,urgent nd attempt contact u   prize yesterday await collection claim   aclpm
ham,Have you heard from this week?,hear week
spam,Dear Dave this is your final notice to collect your 4* Tenerife Holiday or #5000 CASH award! Call 09061743806 from landline. TCs SAE Box326 CW25WX 150ppm,dear dave final notice collect   tenerife holiday   cash award   landline tcs sae box cwwx ppm
ham,Yes. Last  practice,yes   practice
spam,tells u 2 call 09066358152 to claim å£5000 prize. U have 2 enter all ur mobile & personal details @ the prompts. Careful!,tell u     claim   prize u   enter ur mobile   personal detail   prompt careful
ham,No. Thank you. You've been wonderful,thank ve wonderful
ham,Otherwise had part time job na-tuition..,time job natuition
ham,ÌÏ mean it's confirmed... I tot they juz say oni... Ok then... ,  mean confirm tot juz oni ok
ham,Okie,okie
ham,That depends. How would you like to be treated? :),depend like treat
ham,"Right on brah, see you later",right brah later
ham,Waiting in e car 4 my mum lor. U leh? Reach home already?,wait e car   mum lor u leh reach home
spam,Your 2004 account for 07XXXXXXXXX shows 786 unredeemed points. To claim call 08719181259 Identifier code: XXXXX Expires 26.03.05,  account xxxxxxxxx show   unredeemed point claim   identifier code xxxxx expire
spam,Do you want a new video handset? 750 anytime any network mins? Half Price Line Rental? Camcorder? Reply or call 08000930705 for delivery tomorrow,want new video handset   anytime network min half price line rental camcorder reply   delivery tomorrow
ham,Went fast asleep dear.take care.,go fast asleep deartake care
ham,No that just means you have a fat head,mean fat head
ham,Sounds like a plan! Cardiff is still here and still cold! I'm sitting on the radiator!,sound like plan cardiff cold m sit radiator
ham,Serious? What like proper tongued her,like proper tongue
ham,She.s good. She was wondering if you wont say hi but she.s smiling now. So how are you coping with the long distance,s good wonder will not hi s smile cop long distance
ham,How i noe... She's in da car now... Later then c lar... I'm wearing shorts...,noe s da car later c lar m wear short
spam,You have an important customer service announcement. Call FREEPHONE 0800 542 0825 now!,important customer service announcement freephone    
ham,Yeah whatever lol,yeah lol
ham,Today is ACCEPT DAY..U Accept me as? Brother Sister Lover Dear1 Best1 Clos1 Lvblefrnd Jstfrnd Cutefrnd Lifpartnr Belovd Swtheart Bstfrnd No rply means enemy,today accept dayu accept brother sister lover dear well clo lvblefrnd jstfrnd cutefrnd lifpartnr belovd swtheart bstfrnd rply mean enemy
ham,Ard 530 lor. I ok then message Ì_ lor.,ard   lor ok message   lor
ham,Ok. C u then.,ok c u
ham,Eh ur laptop got no stock lei... He say mon muz come again to take a look c got a not...,eh ur laptop get stock lei mon muz come look c get
ham,No need to ke qi... ÌÏ too bored izzit y suddenly thk of this...,need ke qi   bored izzit y suddenly thk
ham,I wish! I don't think its gonna snow that much. But it will be more than those flurries we usually get that melt before they hit the ground. Eek! We haven't had snow since &lt;#&gt; before I was even born!,wish not think go to snow flurry usually melt hit ground eek not snow ltgt bear
spam,FREE>Ringtone! Reply REAL or POLY eg REAL1 1. PushButton 2. DontCha 3. BabyGoodbye 4. GoldDigger 5. WeBeBurnin 1st tone FREE and 6 more when u join for å£3/wk,freeringtone reply real poly eg real   pushbutton   dontcha   babygoodbye   golddigger   webeburnin st tone free   u join wk
ham,"Do 1 thing! Change that sentence into: \Because i want 2 concentrate in my educational career im leaving here..\""""",  thing change sentence want   concentrate educational career m leave
ham,"Oh really? perform, write a paper, go to a movie AND be home by midnight, huh?",oh perform write paper movie home midnight huh
ham,Okay lor... Will they still let us go a not ah? Coz they will not know until later. We drop our cards into the box right?,okay lor let ah coz know later drop card box right
ham,How? Izzit still raining?,izzit rain
ham,As if i wasn't having enough trouble sleeping.,not have trouble sleep
ham,I havent add Ì_ yet right.. ,not add   right
ham,Lol ... I really need to remember to eat when I'm drinking but I do appreciate you keeping me company that night babe *smiles*,lol   need remember eat m drink appreciate keep company night babe smile
ham,Babe ? I lost you ... Will you try rebooting ?,babe   lose   try reboot
ham,Yes. Nigh you cant aha.,yes nigh not aha
ham,I thk Ì_ gotta go home by urself. Cos i'll b going out shopping 4 my frens present. ,thk   get to home urself cos ill b go shop   fren present
ham,Nooooooo I'm gonna be bored to death all day. Cable and internet outage.,nooooooo m go to bored death day cable internet outage
ham,Sos! Any amount i can get pls.,sos pl
ham,"Playin space poker, u?",playin space poker u
ham,How come guoyang go n tell her? Then u told her?,come guoyang n tell u tell
ham,You need to get up. Now.,need
ham,They r giving a second chance to rahul dengra.,r give second chance rahul dengra
ham,"Yeah, in fact he just asked if we needed anything like an hour ago. When and how much?",yeah fact ask need like hour ago
ham,WHEN THE FIRST STRIKE IS A RED ONE. THE BIRD + ANTELOPE BEGIN TOPLAY IN THE FIELDOF SELFINDEPENDENCE BELIEVE THIS + THE FLOWER OF CONTENTION WILL GROW.RANDOM!,strike red bird   antelope begin toplay fieldof selfindependence believe   flower contention growrandom
ham,Y Ì_ wan to go there? C doctor?,y   wan c doctor
ham,Does daddy have a bb now.,daddy bb
spam,"Free Msg: get Gnarls Barkleys \Crazy\"" ringtone TOTALLY FREE just reply GO to this message right now!""",free msg gnarl barkleys crazy ringtone totally free reply message right
ham,She's borderline but yeah whatever.,s borderline yeah
ham,I got a call from a landline number. . . I am asked to come to anna nagar . . . I will go in the afternoon,get landline number    ask come anna nagar     afternoon
ham,"Until 545 lor... Ya, can go 4 dinner together...",  lor ya   dinner
ham,I will be gentle princess! We will make sweet gentle love...,gentle princess sweet gentle love
ham,How u doin baby girl ?? hope u are okay every time I call ure phone is off! I miss u get in touch,u doin baby girl   hope u okay time ure phone miss u touch
ham,"Sorry, went to bed early, nightnight",sorry go bed early nightnight
ham,I like to think there's always the possibility of being in a pub later.,like think s possibility pub later
ham,HMM yeah if your not too grooved out! And im looking forward to my pound special :),hmm yeah groove m look forward pound special
ham,I got to video tape pple type in message lor. U so free wan 2 help me? Hee... Cos i noe u wan 2 watch infernal affairs so ask u along. Asking shuhui oso.,get video tape pple type message lor u free wan   help hee cos noe u wan   watch infernal affair ask u ask shuhui oso
ham,Hi dude hw r u da realy mising u today,hi dude hw r u da realy mise u today
ham,Me hungry buy some food good lei... But mum n yun dun wan juz buy a little bit... ,hungry buy food good lei mum n yun dun wan juz buy little bit
spam,Refused a loan? Secured or Unsecured? Can't get credit? Call free now 0800 195 6669 or text back 'help' & we will!,refuse loan secure unsecured not credit free     text help  
ham,I probably won't eat at all today. I think I'm gonna pop. How was your weekend? Did u miss me?,probably will not eat today think m go to pop weekend u miss
ham,I knew it... U slept v late yest? Wake up so late...,know u sleep v late y wake late
ham,Haha... dont be angry with yourself... Take it as a practice for the real thing. =) ,haha not angry practice real thing  
ham,Where is that one day training:-),day training
ham,So i could kiss and feel you next to me...,kiss feel
ham,Have a nice day my dear.,nice day dear
ham,I sent lanre fakeye's Eckankar details to the mail box,send lanre fakeye eckankar detail mail box
ham,Your dad is back in ph?,dad ph
spam,"You have been specially selected to receive a \3000 award! Call 08712402050 BEFORE the lines close. Cost 10ppm. 16+. T&Cs apply. AG Promo""",specially select receive   award   line close cost ppm   tcs apply ag promo
ham,If you ask her or she say any please message.,ask message
ham,"If e timing can, then i go w u lor...",e timing w u lor
ham,Love you aathi..love u lot..,love aathilove u lot
ham,I was just callin to say hi. Take care bruv!,callin hi care bruv
spam,YOU HAVE WON! As a valued Vodafone customer our computer has picked YOU to win a å£150 prize. To collect is easy. Just call 09061743386,win value vodafone customer computer pick win   prize collect easy
ham,Did u turn on the heater? The heater was on and set to &lt;#&gt; degrees.,u turn heater heater set ltgt degree
ham,Thanks for your message. I really appreciate your sacrifice. I'm not sure of the process of direct pay but will find out on my way back from the test tomorrow. I'm in class now. Do have a wonderful day.,thank message appreciate sacrifice m sure process direct pay find way test tomorrow m class wonderful day
ham,"That's the trouble with classes that go well - you're due a dodgey one Û_ Expecting mine tomo! See you for recovery, same time, same place ",s trouble class   dodgey   expect tomo recovery time place
spam,Free video camera phones with Half Price line rental for 12 mths and 500 cross ntwk mins 100 txts. Call MobileUpd8 08001950382 or Call2OptOut/674&,free video camera phone half price line rental   mth   cross ntwk min   txts mobileupd   calloptout
ham,WOT U UP 2 J?,wot u   j
ham,"Night night, see you tomorrow",night night tomorrow
ham,Roger that. WeÛ÷re probably going to rem in about 20,roger probably go rem
ham,do u think that any girl will propose u today by seing ur bloody funky shit fucking face...............asssssholeeee................,u think girl propose u today see ur bloody funky shit fucking faceasssssholeeee
ham,I wish u were here. I feel so alone,wish u feel
spam,Great NEW Offer - DOUBLE Mins & DOUBLE Txt on best Orange tariffs AND get latest camera phones 4 FREE! Call MobileUpd8 free on 08000839402 NOW! or 2stoptxt T&Cs,great new offer   double min   double txt good orange tariff late camera phone   free mobileupd free   stoptxt tcs
ham,Reason is if the team budget is available at last they buy the unsold players for at base rate..,reason team budget available buy unsold player base rate
ham,CERI U REBEL! SWEET DREAMZ ME LITTLE BUDDY!! C YA 2MORO! WHO NEEDS BLOKES,ceri u rebel sweet dreamz little buddy c ya moro need bloke
spam,ringtoneking 84484,ringtoneke
ham,Huh i cant thk of more oredi how many pages do we have?,huh not thk oredi page
ham,His frens go then he in lor. Not alone wif my mum n sis lor.,fren lor wif mum n sis lor
ham,Nationwide auto centre (or something like that) on Newport road. I liked them there,nationwide auto centre like newport road like
ham,"Hey, I missed you tm of last night as my phone was on the charge ... *smiles* ... I am meeting a friend shortly",hey miss tm night phone charge   smile   meet friend shortly
ham,"Whatever, juliana. Do whatever you want.",juliana want
ham,"Friendship is not a game to play, It is not a word to say, It doesn\'t start on March and ends on May, It is tomorrow, yesterday, today and e",friendship game play word not start march end tomorrow yesterday today e
spam,Ringtone Club: Gr8 new polys direct to your mobile every week !,ringtone club gr new poly direct mobile week
ham,"Hello. Sort of out in town already. That . So dont rush home, I am eating nachos. Will let you know eta.",hello sort town   not rush home eat nachos let know eta
ham,Ok lor. Anyway i thk we cant get tickets now cos like quite late already. U wan 2 go look 4 ur frens a not? Darren is wif them now...,ok lor thk not ticket cos like late u wan   look   ur fren darren wif
spam,(Bank of Granite issues Strong-Buy) EXPLOSIVE PICK FOR OUR MEMBERS *****UP OVER 300% *********** Nasdaq Symbol CDGT That is a $5.00 per..,bank granite issue strongbuy explosive pick member    nasdaq symbol cdgt  
ham,I am on the way to ur home,way ur home
ham,"Dizzamn, aight I'll ask my suitemates when I get back",dizzamn aight ill ask suitemate
ham,"Nimbomsons. Yep phone knows that one. Obviously, cos thats a real word",nimbomson yep phone know obviously cos s real word
ham,I love to cuddle! I want to hold you in my strong arms right now...,love cuddle want hold strong arm right
ham,R u in this continent?,r u continent
ham,We'll you pay over like  &lt;#&gt; yrs so its not too difficult,pay like   ltgt yrs difficult
spam,Bored housewives! Chat n date now! 0871750.77.11! BT-national rate 10p/min only from landlines!,bored housewife chat n date   btnational rate pmin landline
spam,We tried to call you re your reply to our sms for a video mobile 750 mins UNLIMITED TEXT free camcorder Reply or call now 08000930705 Del Thurs,try reply sms video mobile   min unlimited text free camcorder reply   del thur
ham,K...k...when will you give treat?,kkwhen treat
spam,"This is the 2nd time we have tried to contact u. U have won the å£400 prize. 2 claim is easy, just call 087104711148 NOW! Only 10p per minute. BT-national-rate",nd time try contact u u win   prize   claim easy   p minute btnationalrate
ham,He's just gonna worry for nothing. And he won't give you money its no use.,s go to worry will not money use
ham,Did you get any gift? This year i didnt get anything. So bad,gift year not bad
ham,somewhere out there beneath the pale moon light someone think in of u some where out there where dreams come true... goodnite &amp; sweet dreams,beneath pale moon light think u dream come true goodnite amp sweet dream
ham,Well there's a pattern emerging of my friends telling me to drive up and come smoke with them and then telling me that I'm a weed fiend/make them smoke too much/impede their doing other things so you see how I'm hesitant,s pattern emerge friend tell drive come smoke tell m weed fiendmake smoke muchimpede thing m hesitant
ham,", ow u dey.i paid 60,400thousad.i told  u would call . ",  ow u deyi pay thousadi tell   u  
ham,IM FINE BABES AINT BEEN UP 2 MUCH THO! SAW SCARY MOVIE YEST ITS QUITE FUNNY! WANT 2MRW AFTERNOON? AT TOWN OR MALL OR SUMTHIN?xx,m fine babe be not   tho see scary movie yest funny want mrw afternoon town mall sumthinxx
ham,I'm reaching home in 5 min.,m reach home   min
ham,"Forgot you were working today! Wanna chat, but things are ok so drop me a text when you're free / bored etc and i'll ring. Hope all is well, nose essay and all xx",forget work today wanna chat thing ok drop text free   bored etc ill ring hope nose essay xx
ham,Ha... Then we must walk to everywhere... Cannot take tram. My cousin said can walk to vic market from our hotel ,ha walk tram cousin say walk vic market hotel
spam,"Wan2 win a Meet+Greet with Westlife 4 U or a m8? They are currently on what tour? 1)Unbreakable, 2)Untamed, 3)Unkempt. Text 1,2 or 3 to 83049. Cost 50p +std text",wan win meetgreet westlife   u m currently tour unbreakable untamed unkempt text       cost p std text
spam,Please call our customer service representative on FREEPHONE 0808 145 4742 between 9am-11pm as you have WON a guaranteed å£1000 cash or å£5000 prize!,customer service representative freephone     ampm win guarantee   cash   prize
ham,Discussed with your mother ah?,discuss mother ah
ham,Ok.,ok
ham,"Sorry, I can't text &amp; drive coherently, see you in twenty",sorry not text amp drive coherently
spam,You will be receiving this week's Triple Echo ringtone shortly. Enjoy it!,receive week triple echo ringtone shortly enjoy
ham,In which place i can get rooms cheap:-),place room cheap
ham,Eek that's a lot of time especially since American Pie is like 8 minutes long. I can't stop singing it.,eek s lot time especially american pie like   minute long not stop sing
ham,"\GRAN ONLYFOUND OUT AFEW DAYS AGO.CUSOON HONI\""""",gran onlyfound afew day agocusoon honi
spam,"U've been selected to stay in 1 of 250 top British hotels - FOR NOTHING! Holiday valued at å£350! Dial 08712300220 to claim - National Rate Call. Bx526, SW73SS",uve select stay     british hotel   holiday value   dial   claim   national rate bx swss
ham,University of southern california.,university southern california
ham,We have to pick rayan macleran there.,pick rayan macleran
ham,U gd lor go shopping i got stuff to do. U wan 2 watch infernal affairs a not? Come lar...,u gd lor shopping get stuff u wan   watch infernal affair come lar
ham,Well. Balls. Time to make calls,ball time call
ham,Wat time Ì_ wan today?,wat time   wan today
ham, &lt;#&gt;  in mca. But not conform.,  ltgt   mca conform
ham,Oh ok.. Wat's ur email?,oh ok wat ur email
ham,"Yes, princess. Are you going to make me moan?",yes princess go moan
ham,Lol its ok I didn't remember til last nite,lol ok not remember til nite
ham,"[Û_] anyway, many good evenings to u! s",  good evening u s
ham,"Cool, I'll text you in a few",cool ill text
ham,"Sorry vikky, i'm Watching olave mandara movie kano in trishul theatre wit my frnds..",sorry vikky m watch olave mandara movie kano trishul theatre wit frnd
ham,I'm very happy for you babe ! Woo hoo party on dude!,m happy babe   woo hoo party dude
ham,I am taking you for italian food. How about a pretty dress with no panties? :),take italian food pretty dress panty
ham,Wot u up 2? Thout u were gonna call me!! Txt bak luv K,wot u   thout u go to txt bak luv k
spam,YOU ARE CHOSEN TO RECEIVE A å£350 AWARD! Pls call claim number 09066364311 to collect your award which you are selected to receive as a valued mobile customer.,choose receive   award pls claim number   collect award select receive value mobile customer
ham,How are you holding up?,hold
ham,Dont flatter yourself... Tell that man of mine two pints of carlin in ten minutes please.... ,not flatter tell man pint carlin minute
ham,Hope you are not scared!,hope scared
ham,I cant pick the phone right now. Pls send a message,not pick phone right pls send message
ham,I'm at home n ready...,m home n ready
spam,Please call our customer service representative on FREEPHONE 0808 145 4742 between 9am-11pm as you have WON a guaranteed å£1000 cash or å£5000 prize!,customer service representative freephone     ampm win guarantee   cash   prize
ham,What time do u get out?,time u
ham,I am literally in bed and have been up for like  &lt;#&gt;  hours,literally bed like   ltgt   hour
ham,"Yes, my reg is  Ciao!",yes reg   ciao
ham,If You mean the website. Yes.,mean website yes
spam,Win a å£1000 cash prize or a prize worth å£5000,win   cash prize prize worth
spam,"Thanks for your ringtone order, reference number X49.Your mobile will be charged 4.50. Should your tone not arrive please call customer services 09065989182",thank ringtone order reference number xyour mobile charge   tone arrive customer service
ham,Lol or I could just starve and lose a pound by the end of the day.,lol starve lose pound end day
ham,Yeah that's the impression I got,yeah s impression get
ham,Ok ok take care. I can understand.,ok ok care understand
ham,"Motivate Behind every darkness, there is a shining light waiting for you to find it... Behind every best friend, there is always trust and love... BSLVYL",motivate darkness shin light wait find good friend trust love bslvyl
ham,"Ya ok, then had dinner?",ya ok dinner
ham,I was slept that time.you there?,sleep timeyou
ham,dont make ne plans for nxt wknd coz she wants us to come down then ok,not ne plan nxt wknd coz want come ok
ham,When is school starting. Where will you stay. What's the weather like. And the food. Do you have a social support system like friends in the school. All these things are important.,school start stay s weather like food social support system like friend school thing important
ham,"Ha ha nan yalrigu heltini..Iyo kothi chikku, u shared many things wit me..so far i didn't told any body and even uttered a word abt u.. If ur trusting me so much how can i tell these to others.. Plz nxt time dont use those words to me..ok, chikku:-);-)B-)",ha ha nan yalrigu heltiniiyo kothi chikku u share thing wit meso far not tell body utter word abt u ur trust tell plz nxt time not use word meok chikkub
ham,Noice. Text me when you're here,noice text
ham,Hi di is yijue we're meeting at 7 pm at esaplanade tonight.,hi di yijue meet   pm esaplanade tonight
spam,Moby Pub Quiz.Win a å£100 High Street prize if u know who the new Duchess of Cornwall will be? Txt her first name to 82277.unsub STOP å£1.50 008704050406 SP,moby pub quizwin   high street prize u know new duchess cornwall txt unsub stop    sp
spam,"This weeks SavaMob member offers are now accessible. Just call 08709501522 for details! SavaMob, POBOX 139, LA3 2WU. Only å£1.50/week. SavaMob - offers mobile!",week savamob member offer accessible   detail savamob pobox   la wu week savamob   offer mobile
ham,"Aight I've been set free, think you could text me blake's address? It occurs to me I'm not quite as sure what I'm doing as I thought I was",aight ve set free think text blake address occur m sure m think
ham,Hi dear we saw dear. We both are happy. Where you my battery is low,hi dear see dear happy battery low
ham,How are you. Its been ages. How's abj,age s abj
ham,Prof: you have passed in all the papers in this sem congrats . . . . Student: Enna kalaachutaarama..!! Prof:???? Gud mrng!,prof pass paper sem congrat      student enna kalaachutaarama prof gud mrng
ham,Dont kick coco when he's down,not kick coco s
ham,Fyi I'm gonna call you sporadically starting at like  &lt;#&gt;  bc we are not not doin this shit,fyi m go to sporadically start like   ltgt   bc doin shit
spam,"You are being contacted by our Dating Service by someone you know! To find out who it is, call from your mobile or landline 09064017305 PoBox75LDNS7 ",contact date service know find mobile landline   poboxldns
spam,TBS/PERSOLVO. been chasing us since Sept forå£38 definitely not paying now thanks to your information. We will ignore them. Kath. Manchester.,tbspersolvo chase sept definitely pay thank information ignore kath manchester
ham,Hope youåÕre not having too much fun without me!! see u tomorrow love jess x,hope have fun u tomorrow love jess x
ham,Ok i wont call or disturb any one. I know all are avoiding me. I am a burden for all,ok will not disturb know avoid burden
ham,I've reached home n i bathe liao... U can call me now...,ve reach home n bathe liao u
spam,Loans for any purpose even if you have Bad Credit! Tenants Welcome. Call NoWorriesLoans.com on 08717111821,loan purpose bad credit tenant welcome noworriesloanscom
ham,Was the actual exam harder than NBME,actual exam hard nbme
ham,A lot of this sickness thing going round. Take it easy. Hope u feel better soon. Lol,lot sickness thing go round easy hope u feel well soon lol
ham,"God picked up a flower and dippeditinaDEW, lovingly touched itwhichturnedinto u, and the he gifted tomeandsaid,THIS FRIEND IS 4U",god pick flower dippeditinadew lovingly touch itwhichturnedinto u gift tomeandsaidthis friend u
spam,87077: Kick off a new season with 2wks FREE goals & news to ur mobile! Txt ur club name to 87077 eg VILLA to 87077,  kick new season wks free goal   news ur mobile txt ur club   eg villa
ham,Hey sathya till now we dint meet not even a single time then how can i saw the situation sathya.,hey sathya till dint meet single time see situation sathya
ham,Gam gone after outstanding innings.,gam go outstanding innings
ham,O i played smash bros  &lt;#&gt;  religiously.,o play smash bros   ltgt   religiously
ham,"Sir, good morning. Hope you had a good weekend. I called to let you know that i was able to raise  &lt;#&gt;  from my dad. He however said he would make the rest available by mid feb. This amount is still quite short and i was hoping you would help. Do have a good day. Abiola",sir good morning hope good weekend call let know able raise   ltgt   dad say rest available mid feb short hop help good day abiola
ham,Hurry home. Soup is DONE!,hurry home soup
ham,No no. I will check all rooms befor activities,check room befor activity
ham,"Good afternoon, my love. It was good to see your words on YM and get your tm. Very smart move, my slave ... *smiles* ... I drink my coffee and await you.",good afternoon love good word ym tm smart slave   smile   drink coffee await
ham,Quite ok but a bit ex... U better go eat smth now else i'll feel guilty...,ok bit ex u well eat smth ill feel guilty
spam,"Orange brings you ringtones from all time Chart Heroes, with a free hit each week! Go to Ringtones & Pics on wap. To stop receiving these tips reply STOP.",orange bring ringtone time chart hero free hit week ringtone   pic wap stop receive tip reply stop
ham,Lemme know when you're here,lemme know
spam,PRIVATE! Your 2003 Account Statement for 07973788240 shows 800 un-redeemed S. I. M. points. Call 08715203649 Identifier Code: 40533 Expires 31/10/04,private   account statement   show   unredeemed s m point   identifier code   expire
ham,He needs to stop going to bed and make with the fucking dealing,need stop go bed fucking dealing
ham,"How are you, my Love ? Are you with your brother ? Time to talk english with him ? *grins* Say : Hey Muhommad, Penny says hello from across the sea",love   brother   time talk english   grin   hey muhommad penny say hello sea
spam,We tried to call you re your reply to our sms for a video mobile 750 mins UNLIMITED TEXT + free camcorder Reply of call 08000930705 Now,try reply sms video mobile   min unlimited text   free camcorder reply  
ham,"Hey doc pls I want to get nice t shirt for my hubby nice fiting ones my budget is  &lt;#&gt; k help pls I will load d card abi hw,keep me posted luv. 2 mj",hey doc pls want nice t shirt hubby nice fit one budget   ltgt k help pls load d card abi hwkeep post luv   mj
ham,I remain unconvinced that this isn't an elaborate test of my willpower,remain unconvinced not elaborate test willpower
ham,"\Life is nothing wen v get everything\"". But \""life is everything wen v miss something \"". Real value of people wil be realized only in their absence.... gud mrng""",life wen v life wen v miss   real value people wil realize absence gud mrng
ham,how are you? I miss you!,miss
ham,I ain't answerin no phone at what is actually a pretty reasonable hour but I'm sleepy,be not answerin phone actually pretty reasonable hour m sleepy
ham,"Hey , is * rite u put åÈ10 evey mnth is that all?",hey     rite u   evey mnth
ham,i am going to bed now prin,go bed prin
ham,I think just yourself Û_Thanks and see you tomo,think thank tomo
ham,If u dun drive then how i go 2 sch.,u dun drive   sch
ham,I not at home now lei...,home lei
spam,GSOH? Good with SPAM the ladies?U could b a male gigolo? 2 join the uk's fastest growing mens club reply ONCALL. mjzgroup. 08714342399.2stop reply STOP. msg@å£1.50rcvd,gsoh good spam ladiesu b male gigolo   join uks fast grow men club reply oncall mjzgroup stop reply stop msgrcvd
ham,Ok then i will come to ur home after half an hour,ok come ur home half hour
spam,U have a secret admirer who is looking 2 make contact with U-find out who they R*reveal who thinks UR so special-call on 09058094599,u secret admirer look   contact ufind rreveal think ur specialcall
ham,Do u hav any frnd by name ashwini in ur college?,u hav frnd ashwini ur college
ham,Jus finish my lunch on my way home lor... I tot u dun wan 2 stay in sch today...,jus finish lunch way home lor tot u dun wan   stay sch today
ham,K then 2marrow are you coming to class.,k marrow come class
spam,"HOT LIVE FANTASIES call now 08707500020 Just 20p per min NTT Ltd, PO Box 1327 Croydon CR9 5WB 0870 is a national rate call",hot live fantasy   p min ntt ltd po box   croydon cr wb   national rate
ham,Pls send me your address sir.,pls send address sir
ham,I want to lick your pussy now...,want lick pussy
ham,"Yo, you gonna still be in stock tomorrow/today? I'm trying to get a dubsack",yo go to stock tomorrowtoday m try dubsack
spam,URGENT! Your Mobile number has been awarded a <UKP>2000 prize GUARANTEED. Call 09061790125 from landline. Claim 3030. Valid 12hrs only 150ppm,urgent mobile number award ukp prize guarantee   landline claim   valid hrs ppm
ham,"I'll see, but prolly yeah",ill prolly yeah
ham,Thought we could go out for dinner. I'll treat you! Seem ok?,think dinner ill treat ok
ham,Where are you ? What do you do ? How can you stand to be away from me ? Doesn't your heart ache without me ? Don't you wonder of me ? Don't you crave me ?,    stand away   not heart ache   not wonder   not crave
ham,Sorry. You never hear unless you book it. One was kinda a joke--thet were really looking for skinny white girls. The other was one line--you can only do so much on camera with that. Something like that they're casting on the look.,sorry hear book kinda jokethet look skinny white girl lineyou camera like cast look
ham,What you doing?how are you?,doinghow
ham,"Sure thing big man. i have hockey elections at 6, shouldnÛ÷t go on longer than an hour though",sure thing big man hockey election   not long hour
ham,Watch lor. I saw a few swatch one i thk quite ok. Ard 116 but i need 2nd opinion leh...,watch lor see swatch thk ok ard   need nd opinion leh
ham,Hiya do u like the hlday pics looked horrible in them so took mo out! Hows the camp Amrca thing? Speak soon Serena:),hiya u like hlday pic look horrible take mo s camp amrca thing speak soon serena
ham,"Babe! How goes that day ? What are you up to ? I miss you already, my Love ... * loving kiss* ... I hope everything goes well.",babe go day     miss love    love kiss   hope go
ham,Yunny... I'm goin to be late,yunny m goin late
ham,Doc prescribed me morphine cause the other pain meds aren't enough. Waiting for my mom to bring it. That med should kick in fast so I'm gonna try to be on later,doc prescribe morphine cause pain med not wait mom bring me kick fast m go to try later
ham,"Cool, want me to go to kappa or should I meet you outside mu",cool want kappa meet outside mu
ham,"Hey sexy buns ! Have I told you ? I adore you, loverboy. I hope you remember to thank your sister in law for those meatballs *grins* ... i love you, babe",hey sexy bun   tell   adore loverboy hope remember thank sister law meatball grin   love babe
ham,May b approve panalam...but it should have more posts..,b approve panalambut post
spam,"SPJanuary Male Sale! Hot Gay chat now cheaper, call 08709222922. National rate from 1.5p/min cheap to 7.8p/min peak! To stop texts call 08712460324 (10p/min)",spjanuary male sale hot gay chat cheap   national rate pmin cheap pmin peak stop text   pmin
ham,"Sorry, I'll call later",sorry ill later
ham,I dont thnk its a wrong calling between us,not thnk wrong calling
ham,Me i'm not workin. Once i get job...,m workin job
ham,And by when you're done I mean now,mean
ham,\Its Ur luck to Love someone. Its Ur fortune to Love the one who Loves U. But,ur luck love ur fortune love love u
ham,Hi baby ive just got back from work and i was wanting to see u allday! I hope i didnt piss u off on the phone today. If u are up give me a call xxx,hi baby ve get work want u allday hope not piss u phone today u xxx
spam,FreeMsg Today's the day if you are ready! I'm horny & live in your town. I love sex fun & games! Netcollex Ltd 08700621170150p per msg reply Stop to end,freemsg todays day ready m horny   live town love sex fun   games netcollex ltd p msg reply stop end
ham,Is it your yahoo boys that bring in the perf? Or legal.,yahoo boy bring perf legal
ham,No need to say anything to me. I know i am an outsider,need know outsider
ham,have you ever had one foot before?,foot
ham,Just got to  &lt;#&gt;,get   ltgt
ham,"Good! No, donÛ÷t need any receiptsÛÓwell done! (Û_) Yes, please tell . WhatÛ÷s her number, i could ring her",good not need receiptswell   yes tell   s number ring
ham,"Ever green quote ever told by Jerry in cartoon \A Person Who Irritates u Always Is the one Who Loves u Vry Much But Fails to Express It...!..!! :-) :-) gud nyt""",green quote tell jerry cartoon person irritate u love u vry fail express    gud nyt
ham,Leave it wif me lar... ÌÏ wan to carry meh so heavy... Is da num 98321561 familiar to Ì_?,leave wif lar   wan carry meh heavy da num   familiar
ham,Beautiful truth : Expression of the face could Be seen by everyone... But the depression of heart Could be understood only By the Loved ones.. Gud Ni8;-),beautiful truth   expression face see depression heart understand love one gud ni
ham,Infact happy new year. How are you where are you when are we seeing,infact happy new year see
spam,"In The Simpsons Movie released in July 2007 name the band that died at the start of the film? A-Green Day, B-Blue Day, C-Red Day. (Send A, B or C)",simpson movie release july   band die start film agreen day bblue day cre day send b c
ham,That's a shame! Maybe cld meet for few hrs tomo?,s shame maybe cld meet hrs tomo
ham,Lol I would but despite these cramps I like being a girl.,lol despite cramp like girl
ham,I canåÕt wait for cornwall. Hope tonight isnåÕt too bad as well but itåÕs rock night shite. Anyway iåÕm going for a kip now have a good night. Speak to you soon.,not wait cornwall hope tonight not bad rock night shite m go kip good night speak soon
ham,Pls help me tell sura that i'm expecting a battery from hont. And that if should pls send me a message about how to download movies. Thanks,pls help tell sura m expect battery hont pls send message download movie thank
spam,Please call Amanda with regard to renewing or upgrading your current T-Mobile handset free of charge. Offer ends today. Tel 0845 021 3680 subject to T's and C's,amanda regard renew upgrade current tmobile handset free charge offer end today tel     subject ts cs
ham,"Haven't found a way to get another app for your phone, eh ? Will you go to the net cafe ? Did you take that job? Geeee I need you babe. I crave to see you ...",not find way app phone eh   net cafe   job geeee need babe crave
ham,I only work from mon to thurs but Sat i cant leh... Booked liao... Which other day u free?,work mon thur sit not leh book liao day u free
ham,ÌÏ comin to fetch us oredi...,  comin fetch oredi
ham,What's nannys address?,s nanny address
spam,"URGENT!! Your 4* Costa Del Sol Holiday or å£5000 await collection. Call 09050090044 Now toClaim. SAE, TC s, POBox334, Stockport, SK38xh, Costå£1.50/pm, Max10mins",urgent   costa del sol holiday   await collection   toclaim sae tc s pobox stockport skxh costpm maxmin
ham,Haf u eaten? Wat time u wan me 2 come?,haf u eat wat time u wan   come
spam,Want a new Video Phone? 750 anytime any network mins? Half price line rental free text for 3 months? Reply or call 08000930705 for free delivery,want new video phone   anytime network min half price line rental free text   month reply   free delivery
ham,"Yo, call me when you get the chance, a friend of mine wanted me to ask you about a big order",yo chance friend want ask big order
ham,This single single answers are we fighting? Plus i said am broke and you didnt reply,single single answer fight plus say broke not reply
ham,It certainly puts things into perspective when something like this happens,certainly put thing perspective like happen
ham,Now got tv 2 watch meh? U no work today?,get tv   watch meh u work today
ham,i felt so...not any conveying reason.. Ese he... What about me?,feel sonot conveying reason ese
spam,Had your mobile 11 months or more? U R entitled to Update to the latest colour mobiles with camera for Free! Call The Mobile Update Co FREE on 08002986030,mobile   month u r entitle update late colour mobile camera free mobile update co free
ham,How's it going? Got any exciting karaoke type activities planned? I'm debating whether to play football this eve. Feeling lazy though.,s go get exciting karaoke type activity plan m debate play football eve feel lazy
ham,I told that am coming on wednesday.,tell come wednesday
ham,"Its ok, called mom instead have fun",ok call mom instead fun
spam,"Dear Voucher Holder, To claim this weeks offer, at your PC please go to http://www.wtlp.co.uk/text. Ts&Cs apply.",dear voucher holder claim week offer pc   tsc apply
ham,Well if I'm that desperate I'll just call armand again,m desperate ill armand
ham,Are you at work right now ?,work right
spam,Congrats! Nokia 3650 video camera phone is your Call 09066382422 Calls cost 150ppm Ave call 3mins vary from mobiles 16+ Close 300603 post BCM4284 Ldn WC1N3XX,congrats nokia   video camera phone   call cost ppm ave min vary mobile   close   post bcm ldn wcnxx
ham,Haven't heard anything and he's not answering my texts so I'm guessing he flaked. That said the jb is fantastic,not hear s answer text m guess flake say jb fantastic
ham,"Mmmmmm ... I love you,so much, Ahmad ... I can't wait for this year to begin as every second takes me closer to being at your side. Happy New Year, my love!!",mmmmmm   love youso ahmad   not wait year begin second take close happy new year love
ham,Pls what's the full name of joke's school cos fees in university of florida seem to actually be  &lt;#&gt; k. Pls holla back,pls s joke school cos fee university florida actually   ltgt k pls holla
ham,"Sorry, I'll call later",sorry ill later
ham,Ok... But they said i've got wisdom teeth hidden inside n mayb need 2 remove.,ok say ve get wisdom tooth hide inside n mayb need   remove
ham,And pls pls drink plenty plenty water,pls pls drink plenty plenty water
ham,How are you doing. How's the queen. Are you going for the royal wedding,s queen go royal wedding
ham,He's in lag. That's just the sad part but we keep in touch thanks to skype,s lag s sad touch thank skype
ham,Ok lor then we go tog lor...,ok lor tog lor
ham,Two teams waiting for some players,team wait player
ham,Can Ì_ send me a copy of da report?,  send copy da report
ham,"swhrt how u dey,hope ur ok, tot about u 2day.love n miss.take care.",swhrt u deyhope ur ok tot u daylove n misstake care
ham,"Ok da, i already planned. I wil pick you.",ok da plan wil pick
spam,"Urgent! Please call 0906346330. Your ABTA complimentary 4* Spanish Holiday or å£10,000 cash await collection SAE T&Cs BOX 47 PO19 2EZ 150ppm 18+",urgent   abta complimentary   spanish holiday   cash await collection sae tcs box   po ez ppm
ham,"Sorry, I'll call later in meeting",sorry ill later meeting
ham,I just really need shit before tomorrow and I know you won't be awake before like 6,need shit tomorrow know will not awake like
ham,I'm good. Have you registered to vote?,m good register vote
ham,"Hmm ok, i'll stay for like an hour cos my eye is really sore!",hmm ok ill stay like hour cos eye sore
ham,Dear got bus directly to calicut,dear get bus directly calicut
ham,Mm umma ask vava also to come tell him can play later together,mm umma ask vava come tell play later
ham,"Well the general price is  &lt;#&gt; /oz, let me know if/when/how much you want",general price   ltgt oz let know ifwhenhow want
ham,"Sorry, I'll call later",sorry ill later
ham,"Each Moment in a day,has its own value-Morning brings hope,afternoon brings faith,Evening brings luv,Night brings rest,Wish u find them all today.Good Morning",moment dayhas valuemorning bring hopeafternoon bring faithevening bring luvnight bring restwish u find todaygood morning
ham,&lt;#&gt;  w jetton ave if you forgot,ltgt   w jetton ave forgot
ham,Ok i'm coming home now.,ok m come home
ham,Can not use foreign stamps in this country.,use foreign stamp country
spam,"Double mins and txts 4 6months FREE Bluetooth on Orange. Available on Sony, Nokia Motorola phones. Call MobileUpd8 on 08000839402 or call2optout/N9DX",double min txts   month free bluetooth orange available sony nokia motorola phone mobileupd   calloptoutndx
ham,"Sorry, it's a lot of friend-of-a-friend stuff, I'm just now about to talk to the actual guy who wants to buy",sorry lot friendofafriend stuff m talk actual guy want buy
spam,FREE for 1st week! No1 Nokia tone 4 ur mob every week just txt NOKIA to 8007 Get txting and tell ur mates www.getzed.co.uk POBox 36504 W45WQ norm150p/tone 16+,free st week nokia tone   ur mob week txt nokia   txte tell ur mate wwwgetzedcouk pobox   wwq normptone
spam,"Want to funk up ur fone with a weekly new tone reply TONES2U 2 this text. www.ringtones.co.uk, the original n best. Tones 3GBP network operator rates apply",want funk ur fone weekly new tone reply tonesu   text wwwringtonescouk original n good tone gbp network operator rate apply
spam,"cmon babe, make me horny, *turn* me on! Txt me your fantasy now babe -) Im hot, sticky and need you now. All replies cost å£1.50. 2 cancel send STOP",cmon babe horny turn txt fantasy babe   m hot sticky need reply cost    cancel send stop
ham,I will come tomorrow di,come tomorrow di
ham,Wylie update: my weed dealer carlos went to freedom and had a class with lunsford,wylie update weed dealer carlos go freedom class lunsford
ham,Are you happy baby ? Are you alright ? Did you take that job ? I hope your fine. I send you a kiss to make you smile from across the sea ... *kiss* *kiss*,happy baby   alright   job   hope fine send kiss smile sea   kiss kiss
ham,C movie is juz last minute decision mah. Juz watch 2 lar but i tot Ì_ not interested.,c movie juz minute decision mah juz watch   lar tot   interested
ham,How are you enjoying this semester? Take care brother.,enjoy semester care brother
spam,IMPORTANT INFORMATION 4 ORANGE USER 0796XXXXXX. TODAY IS UR LUCKY DAY!2 FIND OUT WHY LOG ONTO http://www.urawinner.com THERE'S A FANTASTIC PRIZEAWAITING YOU!,important information   orange user xxxxxx today ur lucky day find log   s fantastic prizeawaiting
ham,"Get the door, I'm here",door m
ham,"Lets use it next week, princess :)",let use week princess
ham,Or i go home first lar Ì_ wait 4 me lor.. I put down my stuff first..,home lar   wait   lor stuff
ham,I want kfc its Tuesday. Only buy 2 meals ONLY 2. No gravy. Only 2 Mark. 2!,want kfc tuesday buy   meal   gravy   mark
ham,No da:)he is stupid da..always sending like this:)don believe any of those message.pandy is a mental:),dahe stupid daalway send like thisdon believe messagepandy mental
ham,Oi when you gonna ring,oi go to ring
spam,Missed call alert. These numbers called but left no message. 07008009200,miss alert number call leave message
ham,I attended but nothing is there.,attend
ham,Ard 530 like dat lor. We juz meet in mrt station then Ì_ dun haf to come out.,ard   like dat lor juz meet mrt station   dun haf come
ham,No dear i was sleeping :-P,dear sleep p
ham,Er mw im filled tuth is aight,er mw m fill tuth aight
ham,Will be office around 4 pm. Now i am going hospital.,office   pm go hospital
ham,Actually i'm waiting for 2 weeks when they start putting ad.,actually m wait   week start put ad
ham,Anything lor if they all go then i go lor...,lor lor
ham,U free on sat rite? U wan 2 watch infernal affairs wif me n darren n mayb xy?,u free sit rite u wan   watch infernal affair wif n darren n mayb xy
ham,"Plz note: if anyone calling from a mobile Co. &amp; asks u to type # &lt;#&gt;  or # &lt;#&gt; . Do not do so. Disconnect the call,coz it iz an attempt of 'terrorist' to make use of the sim card no. Itz confirmd by nokia n motorola n has been verified by CNN IBN.",plz note call mobile co amp ask u type   ltgt     ltgt   disconnect callcoz iz attempt terrorist use sim card itz confirmd nokia n motorola n verify cnn ibn
ham,Yo you around? A friend of mine's lookin to pick up later tonight,yo friend mine lookin pick later tonight
ham,Stupid auto correct on my phone,stupid auto correct phone
ham,Double eviction this week - Spiral and Michael and good riddance to them!,double eviction week   spiral michael good riddance
ham,"\The world suffers a lot... Not because of the violence of bad people. But because of the silence of good people!\""",world suffer lot violence bad people silence good people
ham,"Ok thats cool. Its , just off either raglan rd or edward rd. Behind the cricket ground. Gimme ring when ur closeby see you tuesday.",ok s cool   raglan rd edward rd cricket ground gimme ring ur closeby tuesday
ham,Buy one egg for me da..please:),buy egg daplease
ham,Have you started in skye,start skye
ham,Have you bookedthe hut? And also your time off? How are you by the way?,bookedthe hut time way
ham,And several to you sir.,sir
ham,U really pig leh sleep so much. My dad wake me up at 10 smth 2 eat lunch today.,u pig leh sleep dad wake   smth   eat lunch today
ham,I'm at home. Please call,m home
ham,My love ... I hope your not doing anything drastic. Don't you dare sell your pc or your phone ...,love   hope drastic not dare sell pc phone
ham,Now only i reached home. . . I am very tired now. . I will come tomorro,reach home    tired   come tomorro
spam,FREEMSG: Our records indicate you may be entitled to 3750 pounds for the Accident you had. To claim for free reply with YES to this msg. To opt out text STOP,freemsg record indicate entitle   pound accident claim free reply yes msg opt text stop
spam,"U can WIN å£100 of Music Gift Vouchers every week starting NOW Txt the word DRAW to 87066 TsCs www.Idew.com SkillGame, 1Winaweek, age16. 150ppermessSubscription",u win   music gift voucher week start txt word draw   tscs wwwidewcom skillgame winaweek age ppermesssubscription
ham,Life style garments account no please.,life style garment account
ham,Lol wtf random. Btw is that your lunch break,lol wtf random btw lunch break
ham,"Sez, hows u & de arab boy? Hope u r all good give my love 2 evry1 love ya eshxxxxxxxxxxx",sez s u   de arab boy hope u r good love   evry love ya eshxxxxxxxxxxx
ham,"The LAY MAN! Just to let you know you are missed and thought off. Do have a great day. And if you can send me bimbo and ugo's numbers, ill appreciate. Safe",lay man let know miss think great day send bimbo ugo number ill appreciate safe
ham,Detroit. The home of snow. Enjoy it.,detroit home snow enjoy
spam,Show ur colours! Euro 2004 2-4-1 Offer! Get an England Flag & 3Lions tone on ur phone! Click on the following service message for info!,ur colour euro    offer england flag   lion tone ur phone click follow service message info
ham,Okie...,okie
ham,"Aight, I'm chillin in a friend's room so text me when you're on the way",aight m chillin friend room text way
ham,Is toshiba portege m100 gd?,toshiba portege m gd
ham,Well welp is sort of a semiobscure internet thing,welp sort semiobscure internet thing
spam,Text PASS to 69669 to collect your polyphonic ringtones. Normal gprs charges apply only. Enjoy your tones,text pass   collect polyphonic ringtone normal gprs charge apply enjoy tone
spam,"accordingly. I repeat, just text the word ok on your mobile phone and send",accordingly repeat text word ok mobile phone send
ham,Loosu go to hospital. De dont let it careless.,loosu hospital de not let careless
ham,How much for an eighth?,eighth
ham,Omg Joanna is freaking me out. She's looked thru all my friends to find photos of me. And then she's asking about stuff on my MySpace which I haven't even logged on in like a year. :/,omg joanna freak s look friend find photo s ask stuff myspace not log like year
ham,"Send ur birthdate with month and year, I will tel u ur LIFE PARTNER'S name. and the method of calculation. Reply must.",send ur birthdate month year tel u ur life partner method calculation reply
ham,Juz now havent woke up so a bit blur blur... Can? Dad went out liao... I cant cum now oso...,juz not wake bit blur blur dad go liao not cum oso
ham,"How about clothes, jewelry, and trips?",clothe jewelry trip
spam,Block Breaker now comes in deluxe format with new features and great graphics from T-Mobile. Buy for just å£5 by replying GET BBDELUXE and take the challenge,block breaker come deluxe format new feature great graphic tmobile buy   reply bbdeluxe challenge
ham,Aah! A cuddle would be lush! I'd need lots of tea and soup before any kind of fumbling!,aah cuddle lush d need lot tea soup kind fumble
spam,important information 4 orange user . today is your lucky day!2find out why log onto http://www.urawinner.com THERE'S A FANTASTIC SURPRISE AWAITING YOU!,important information   orange user   today lucky dayfind log   s fantastic surprise await
ham,I am late. I will be there at,late
ham,Sad story of a Man - Last week was my b'day. My Wife did'nt wish me. My Parents forgot n so did my Kids . I went to work. Even my Colleagues did not wish.,sad story man   week bday wife not wish parent forget n kid   go work colleague wish
ham,Are you plans with your family set in stone ?,plan family set stone
ham,Pls dont forget to study,pls not forget study
ham,You'll never believe this but i have actually got off at taunton. Wow,ll believe actually get taunton wow
ham,"Den only weekdays got special price... Haiz... Cant eat liao... Cut nails oso muz wait until i finish drivin wat, lunch still muz eat wat... ",den weekday get special price haiz not eat liao cut nail oso muz wait finish drivin wat lunch muz eat wat
ham,She just broke down a list of reasons why nobody's in town and I can't tell if she's being sarcastic or just faggy,break list reason nobodys town not tell s sarcastic faggy
ham, &lt;DECIMAL&gt; m but its not a common car here so its better to buy from china or asia. Or if i find it less expensive. I.ll holla,  ltdecimalgt m common car well buy china asia find expensive ill holla
ham,The greatest test of courage on earth is to bear defeat without losing heart....gn tc,great test courage earth bear defeat lose heartgn tc
ham,SORRY IM STIL FUCKED AFTER LAST NITE WENT TOBED AT 430 GOT UP 4 WORK AT 630,sorry m stil fuck nite go tobe   get   work
ham,Hey so whats the plan this sat? ,hey s plan sit
ham,Beauty sleep can help ur pimples too.,beauty sleep help ur pimple
ham,Great. Hope you are using your connections from mode men also cos you can never know why old friends can lead you to today,great hope connection mode man cos know old friend lead today
spam,Natalja (25/F) is inviting you to be her friend. Reply YES-440 or NO-440 See her: www.SMS.ac/u/nat27081980 STOP? Send STOP FRND to 62468,natalja f invite friend reply yes wwwsmsacunat stop send stop frnd
ham,Where to get those?,
ham,"Kind of. Just missed train cos of asthma attack, nxt one in half hr so driving in. not sure where to park.",kind miss train cos asthma attack nxt half hr drive sure park
ham,Ball is moving a lot.will spin in last :)so very difficult to bat:),ball move lotwill spin difficult bat
ham,Haiyoh... Maybe your hamster was jealous of million,haiyoh maybe hamster jealous million
ham,Can you please send me my aunty's number,send auntys number
ham,I'm glad. You are following your dreams.,m glad follow dream
ham,I've reached home finally...,ve reach home finally
spam,"URGENT. Important information for 02 user. Today is your lucky day! 2 find out why , log onto http://www.urawinner.com there is a fantastic surprise awaiting you !",urgent important information   user today lucky day   find   log   fantastic surprise await
spam,WINNER!! As a valued network customer you have been selected to receivea å£900 prize reward! To claim call 09061701461. Claim code KL341. Valid 12 hours only.,winner value network customer select receivea   prize reward claim   claim code kl valid   hour
ham,"Wn u r hurt by d prsn who s close 2 u, do fight wit dem. Coz somtimes dis fight saves a relation bt being quiet leaves nothin in a relation.. Gud eveB-)",wn u r hurt d prsn s close   u fight wit dem coz somtime dis fight save relation bt quiet leave nothin relation gud eveb
ham,U can call now...,u
ham,"Science tells that chocolate will melt under the sunlight. Please don't walk under the sunlight. BCoz,I don't want to loss a sweet friend.",science tell chocolate melt sunlight not walk sunlight bcozi not want loss sweet friend
ham,Yes. I come to nyc for audiitions and am trying to relocate.,yes come nyc audiition try relocate
ham,I pocked you up there before,pock
ham,Congrats. That's great. I wanted to tell you not to tell me your score cos it might make me relax. But its motivating me so thanks for sharing,congrat s great want tell tell score cos relax motivate thank share
ham,I wud never mind if u dont miss me or if u dont need me.. But u wil really hurt me wen u need me &amp; u dont tell me......... Take care:-),wud mind u not miss u not need u wil hurt wen u need amp u not tell care
ham,Hey mr whats the name of that bill brison book the one about language and words ,hey mr s bill brison book language word
ham,"Okay, good, no problem, and thanx!",okay good problem thanx
ham,"For you information, IKEA is spelled with all caps. That is not yelling. when you thought i had left you, you were sitting on the bed among the mess when i came in. i said we were going after you got home from class. please don't try and bullshit me. It makes me want to listen to you less.",information ikea spell cap yell think leave sit bed mess come say go get home class not try bullshit make want listen
ham,Call me when u're done...,ure
ham,G.W.R,gwr
ham,You best watch what you say cause I get drunk as a motherfucker,well watch cause drunk motherfucker
spam,Kit Strip - you have been billed 150p. Netcollex Ltd. PO Box 1013 IG11 OJA,kit strip   bill p netcollex ltd po box   ig oja
spam,HMV BONUS SPECIAL 500 pounds of genuine HMV vouchers to be won. Just answer 4 easy questions. Play Now! Send HMV to 86688 More info:www.100percent-real.com,hmv bonus special   pound genuine hmv voucher win answer   easy question play send hmv   infowwwpercentrealcom
spam,Please CALL 08712402578 immediately as there is an urgent message waiting for you,  immediately urgent message wait
spam,thesmszone.com lets you send free anonymous and masked messages..im sending this message from there..do you see the potential for abuse???,thesmszonecom let send free anonymous mask messagesim send message theredo potential abuse
spam,"WELL DONE! Your 4* Costa Del Sol Holiday or å£5000 await collection. Call 09050090044 Now toClaim. SAE, TCs, POBox334, Stockport, SK38xh, Costå£1.50/pm, Max10mins",  costa del sol holiday   await collection   toclaim sae tcs pobox stockport skxh costpm maxmin
ham,Hurt me... Tease me... Make me cry... But in the end of my life when i die plz keep one rose on my grave and say STUPID I MISS U.. HAVE A NICE DAY BSLVYL,hurt tease cry end life die plz rise grave stupid miss u nice day bslvyl
ham,"Erm... Woodland avenue somewhere. Do you get the parish magazine, his telephone number will be in there.",erm woodland avenue parish magazine telephone number
ham,Are there TA jobs available? Let me know please cos i really need to start working,ta job available let know cos need start work
ham,Aiyar hard 2 type. U later free then tell me then i call n scold n tell u.,aiyar hard   type u later free tell n scold n tell u
ham,Yup i'm free...,yup m free
ham,"Good good, billy mates all gone. Just been jogging, again! Did enjoy concert?",good good billy mate go jog enjoy concert
ham,Yo come over carlos will be here soon,yo come carlos soon
ham,Awww dat is sweet! We can think of something to do he he! Have a nice time tonight ill probably txt u later cos im lonely :( xxx.,awww dat sweet think nice time tonight ill probably txt u later cos m lonely   xxx
ham,I guess it is useless calling u 4 something important.,guess useless call u   important
ham,Ha ha - had popped down to the loo when you hello-ed me. Hello!,ha ha   pop loo helloe hello
ham,He dint tell anything. He is angry on me that why you told to abi.,dint tell angry tell abi
spam,Someone U know has asked our dating service 2 contact you! Cant Guess who? CALL 09058091854 NOW all will be revealed. PO BOX385 M6 6WU,u know ask date service   contact not guess   reveal po box m wu
ham,It so happens that there r 2waxsto do wat you want. She can come and ill get her medical insurance. And she'll be able to deliver and have basic care. I'm currently shopping for the right medical insurance for her. So just give me til friday morning. Thats when i.ll see the major person that can guide me to the right insurance.,happen r waxsto wat want come ill medical insurance shell able deliver basic care m currently shop right medical insurance til friday morning s ill major person guide right insurance
ham,I keep ten rs in my shelf:) buy two egg.,rs shelf buy egg
ham,"I wasn't well babe, i have swollen glands at my throat ... What did you end up doing ?",not babe swell gland throat   end
ham,Is ur changes 2 da report big? Cos i've already made changes 2 da previous report.,ur change   da report big cos ve change   da previous report
ham,Captain is in our room:),captain room
ham,"I can't speak, bcaz mobile have problem. I can listen you but you cann't listen my voice. So i calls you later.",not speak bcaz mobile problem listen cannt listen voice call later
ham,HIYA STU WOT U UP 2.IM IN SO MUCH TRUBLE AT HOME AT MOMENT EVONE HATES ME EVEN U! WOT THE HELL AV I DONE NOW? Y WONT U JUST TELL ME TEXT BCK PLEASE LUV DAN ,hiya stu wot u m truble home moment evone hat u wot hell av y will not u tell text bck luv dan
ham,S...i will take mokka players only:),si mokka player
ham,Are you still playing with gautham?,play gautham
ham,Hey mr  and I are going to the sea view and having a couple of gays I mean games! Give me a bell when ya finish ,hey mr   go sea view have couple gay mean game bell ya finish
ham,"K, jason says he's gonna be around so I'll be up there around  &lt;#&gt;",k jason say s go to ill   ltgt
ham,Sorry . I will be able to get to you. See you in the morning.,sorry   able morning
ham,Aight well keep me informed,aight inform
ham,I am not having her number sir,have number sir
ham,Am only searching for good dual sim mobile pa.,search good dual sim mobile pa
ham,That seems unnecessarily hostile,unnecessarily hostile
ham,Dude got a haircut. Now its breezy up there,dude get haircut breezy
spam,"Congrats! 2 mobile 3G Videophones R yours. call 09061744553 now! videochat wid ur mates, play java games, Dload polyH music, noline rentl. bx420. ip4. 5we. 150pm",congrat   mobile g videophone r   videochat wid ur mate play java games dload polyh music noline rentl bx ip pm
ham,1Apple/Day=No Doctor. 1Tulsi Leaf/Day=No Cancer. 1Lemon/Day=No Fat. 1Cup Milk/day=No Bone Problms 3 Litres Watr/Day=No Diseases Snd ths 2 Whom U Care..:-),appledayno doctor tulsi leafdayno cancer lemondayno fat cup milkdayno bone problm   litre watrdayno disease snd th   u care
ham,i thought we were doing a king of the hill thing there.,think king hill thing
ham,Nope i'll come online now..,nope ill come online
ham,ALSO TELL HIM I SAID HAPPY BIRTHDAY,tell say happy birthday
ham,Y bishan lei... I tot Ì_ say lavender? ,y bishan lei tot   lavender
ham,Boo what time u get out? U were supposed to take me shopping today. :(,boo time u u suppose shopping today
ham,"Now u sound like manky scouse boy steve,like! I is travelling on da bus home.wot has u inmind 4 recreation dis eve?",u sound like manky scouse boy stevelike travel da bus homewot u inmind   recreation dis eve
ham,"Fyi I'm taking a quick shower, be at epsilon in like  &lt;#&gt;  min",fyi m take quick shower epsilon like   ltgt   min
ham,on a Tuesday night r u 4 real,tuesday night r u   real
ham,Yes when is the appt again?,yes appt
ham,Just got outta class gonna go gym.,get outta class go to gym
ham,I want to sent  &lt;#&gt; mesages today. Thats y. Sorry if i hurts,want sent   ltgt mesage today s y sorry hurt
ham,ÌÏ all write or wat..,  write wat
ham,Ha! I wouldn't say that I just didn't read anything into way u seemed. I don't like 2 be judgemental....i save that for fridays in the pub!,ha not not read way u not like   judgementali save friday pub
ham,Its a valentine game. . . send dis msg to all ur friends. . If 5 answers r d same then someone really loves u. . Ques- which colour suits me the best?,valentine game    send dis msg ur friend     answer r d love u   que colour suit good
ham,Hi:)did you asked to waheeda fathima about leave?,hidid ask waheeda fathima leave
ham,Enjoy urself tmr...,enjoy urself tmr
ham,You still around? I could use a half-8th,use halfth
spam,U 447801259231 have a secret admirer who is looking 2 make contact with U-find out who they R*reveal who thinks UR so special-call on 09058094597,u   secret admirer look   contact ufind rreveal think ur specialcall
ham,You give us back my id proof and  &lt;#&gt;  rs. We wont allow you to work. We will come to your home within days,d proof   ltgt   rs will not allow work come home day
ham,ÌÏ bot notes oredi... Cos i juz rem i got...,  bot note oredi cos juz rem get
ham,Yes. Rent is very expensive so its the way we save.,yes rent expensive way save
ham,"Night has ended for another day, morning has come in a special way. May you smile like the sunny rays and leaves your worries at the blue blue bay. Gud mrng",night end day morning come special way smile like sunny ray leave worry blue blue bay gud mrng
ham,Hows the pain dear?y r u smiling?,s pain deary r u smile
ham,"Fun fact: although you would think armand would eventually build up a tolerance or some shit considering how much he smokes, he gets fucked up in like 2 hits",fun fact think armand eventually build tolerance shit consider smoke get fuck like   hit
spam,important information 4 orange user 0789xxxxxxx. today is your lucky day!2find out why log onto http://www.urawinner.com THERE'S A FANTASTIC SURPRISE AWAITING YOU!,important information   orange user xxxxxxx today lucky dayfind log   s fantastic surprise await
ham,"Sorry, I can't help you on this.",sorry not help
ham,Great. So should i send you my account number.,great send account number
ham,"HELLOGORGEOUS, HOWS U? MY FONE WAS ON CHARGE LST NITW WEN U TEXD ME. HOPEU AD A NICE WKEND AS IM SURE U DID LOOKIN 4WARD 2 C-IN U 2MRW LUV JAZ",hellogorgeous s u fone charge lst nitw wen u texd hopeu ad nice wkend m sure u lookin ward   cin u mrw luv jaz
spam,"Our dating service has been asked 2 contact U by someone shy! CALL 09058091870 NOW all will be revealed. POBox84, M26 3UZ 150p",date service ask   contact u shy   reveal pobox m uz p
ham,ÌÏ only send me the contents page...,  send content page
ham,"Night sweet, sleep well! I've just been to see The Exorcism of Emily Rose and may never sleep again! Hugs and snogs! ",night sweet sleep ve exorcism emily rise sleep hug snog
ham,"Don't Think About \What u Have Got\"" Think About \""How to Use It That You Have Got\"" gooD ni8""",not think u get think use get good ni
ham,"I can't right this second, gotta hit people up first",not right second get to hit people
ham,"Evry Emotion dsn't hav Words.Evry Wish dsn't hav Prayrs.. If u Smile,D World is wit u.Othrwise even d Drop of Tear dsn't lik 2 Stay wit u.So b happy.. Good morning, keep smiling:-)",evry emotion dsnt hav wordsevry wish dsnt hav prayr u smile world wit uothrwise d drop tear dsnt lik   stay wit uso b happy good morning smile
ham,So what about you. What do you remember,remember
ham,Ujhhhhhhh computer shipped out with address to sandiago and parantella lane. Wtf. Poop.,ujhhhhhhh computer ship address sandiago parantella lane wtf poop
ham,Mm yes dear look how i am hugging you both. :-P,mm yes dear look hug p
ham,I like dis sweater fr mango but no more my size already so irritating.,like dis sweater fr mango size irritate
ham,1 I don't have her number and 2 its gonna be a massive pain in the ass and i'd rather not get involved if that's possible,  not number   go to massive pain ass d involve s possible
ham,Anytime lor...,anytime lor
spam,Do you want a new Video handset? 750 any time any network mins? UNLIMITED TEXT? Camcorder? Reply or Call now 08000930705 for del Sat AM,want new video handset   time network min unlimited text camcorder reply   del sat
ham,Purity of friendship between two is not about smiling after reading the forwarded message..Its about smiling just by seeing the name. Gud evng,purity friendship smile read forwarded messageit smile see gud evng
spam,"Ur balance is now å£600. Next question: Complete the landmark, Big, A. Bob, B. Barry or C. Ben ?. Text A, B or C to 83738. Good luck!",ur balance   question complete landmark big bob b barry c ben   text b c   good luck
ham,Me fine..absolutly fine,fineabsolutly fine
ham,K and you're sure I don't have to have consent forms to do it :V,k sure not consent form v
spam,Ur TONEXS subscription has been renewed and you have been charged å£4.50. You can choose 10 more polys this month. www.clubzed.co.uk *BILLING MSG*,ur tonexs subscription renew charge   choose   poly month wwwclubzedcouk billing msg
spam,"If you don't, your prize will go to another customer. T&C at www.t-c.biz 18+ 150p/min Polo Ltd Suite 373 London W1J 6HL Please call back if busy",not prize customer tc wwwtcbiz   pmin polo ltd suite   london wj hl busy
ham,How much is torch in 9ja.,torch ja
ham,"Doing nothing, then u not having dinner w us?",u have dinner w
ham,How are you. Just checking up on you,check
ham,Done it but internet connection v slow and canÛ÷t send it. Will try again later or first thing tomo.,internet connection v slow not send try later thing tomo
ham,Mathews or tait or edwards or anderson,mathew tait edward anderson
ham,yeah sure thing mate haunt got all my stuff sorted but im going sound anyway promoting hex for .by the way who is this? dont know number. Joke,yeah sure thing mate haunt get stuff sort m go sound promote hex way not know number joke
ham,No need lar i go engin? Cos my sis at arts today...,need lar engin cos sis art today
ham,Thanks honey but still haven't heard anything I will leave it a bit longer so not 2 crowd him and will try later - great advice thanks hope cardiff is still there!,thanks honey not hear leave bit long   crowd try later   great advice thank hope cardiff
spam,Do you want a New Nokia 3510i Colour Phone Delivered Tomorrow? With 200 FREE minutes to any mobile + 100 FREE text + FREE camcorder Reply or Call 8000930705,want new nokia colour phone deliver tomorrow   free minute mobile    free text   free camcorder reply
ham,", im .. On the snowboarding trip. I was wondering if your planning to get everyone together befor we go..a meet and greet kind of affair? Cheers, ",  m   snowboard trip wonder planning befor goa meet greet kind affair cheer
ham,S.i'm watching it in live..,sim watch live
ham,"see you then, we're all christmassy here!",christmassy
ham,"K I'm ready,  &lt;#&gt; ?",k m ready   ltgt
ham,"Do you know why god created gap between your fingers..? So that, One who is made for you comes &amp; fills those gaps by holding your hand with LOVE..!",know god create gap finger come amp fill gap hold hand love
ham,The greatest test of courage on earth is to bear defeat without losing heart....gn tc,great test courage earth bear defeat lose heartgn tc
ham,what are your new years plans?,new year plan
spam,RECPT 1/3. You have ordered a Ringtone. Your order is being processed...,recpt   order ringtone order process
ham,Baaaaaaaabe! Wake up ! I miss you ! I crave you! I need you!,baaaaaaaabe wake   miss   crave need
ham,"Only just got this message, not ignoring you. Yes, i was. Shopping that is",get message ignore yes shop
ham,Dear :-/ why you mood off. I cant drive so i brother to drive,dear   mood not drive brother drive
ham,When did dad get back.,dad
ham,"Can you tell Shola to please go to college of medicine and visit the academic department, tell the academic secretary what the current situation is and ask if she can transfer there. She should ask someone to check Sagamu for the same thing and lautech. Its vital she completes her medical education in Nigeria. Its less expensive much less expensive. Unless she will be getting citizen rates in new zealand.",tell shola college medicine visit academic department tell academic secretary current situation ask transfer ask check sagamu thing lautech vital complete medical education nigeria expensive expensive get citizen rate new zealand
ham,Yes just finished watching days of our lives. I love it.,yes finish watch day life love
ham,Juz go google n search 4 qet...,juz google n search   qet
ham,Many times we lose our best ones bcoz we are ,time lose good one bcoz
ham,"Good FRIENDS CaRE for each Other.. CLoSE Friends UNDERSTaND each Other... and TRUE Friends STaY forever beyond words, beyond time. Gud ni8",good friend care close friend understand true friend stay forever word time gud ni
ham,Just getting back home,get home
ham,"Sorry, I'll call later  &lt;#&gt; mins",sorry ill later   ltgt min
ham,Dun need to use dial up juz open da browser n surf...,dun need use dial juz open da browser n surf
spam,As one of our registered subscribers u can enter the draw 4 a 100 G.B. gift voucher by replying with ENTER. To unsubscribe text STOP,register subscriber u enter draw     gb gift voucher reply enter unsubscribe text stop
ham,"Awesome, plan to get here any time after like  &lt;#&gt; , I'll text you details in a wee bit",awesome plan time like   ltgt   ill text detail wee bit
ham,Take care and sleep well.you need to learn to change in life.you only need to get CONVINCED on that.i will wait but no more conversations between us.GET CONVINCED by that time.Your family is over for you in many senses.respect them but not overemphasise.or u have no role in my life.,care sleep wellyou need learn change lifeyou need convince thati wait conversation usget convince timeyour family sensesrespect overemphasiseor u role life
spam,"For your chance to WIN a FREE Bluetooth Headset then simply reply back with \ADP\""""",chance win free bluetooth headset simply reply adp
ham,You also didnt get na hi hi hi hi hi,not na hi hi hi hi hi
ham,Ya but it cant display internal subs so i gotta extract them,ya not display internal sub get to extract
ham,If i said anything wrong sorry de:-),say wrong sorry de
ham,Sad story of a Man - Last week was my b'day. My Wife did'nt wish me. My Parents forgot n so did my Kids . I went to work. Even my Colleagues did not wish.,sad story man   week bday wife not wish parent forget n kid   go work colleague wish
ham,How stupid to say that i challenge god.You dont think at all on what i write instead you respond immed.,stupid challenge godyou not think write instead respond immed
ham,"Yeah I should be able to, I'll text you when I'm ready to meet up",yeah able ill text m ready meet
ham,V skint too but fancied few bevies.waz gona go meet &othrs in spoon but jst bin watchng planet earth&sofa is v comfey; If i dont make it hav gd night,v skint fancy bevieswaz gona meet othrs spoon jst bin watchng planet earthsofa v comfey not hav gd night
ham," says that he's quitting at least5times a day so i wudn't take much notice of that. Nah, she didn't mind. Are you gonna see him again? Do you want to come to taunton tonight? U can tell me all about !",  say s quit leasttime day wudnt notice nah not mind go to want come taunton tonight u tell
ham,"When you get free, call me",free
ham,How have your little darlings been so far this week? Need a coffee run tomo?Can't believe it's that time of week already Û_,little darling far week need coffee run tomocant believe time week
ham,Ok i msg u b4 i leave my house.,ok msg u b leave house
ham,Still at west coast... Haiz... ÌÏ'll take forever to come back...,west coast haiz ll forever come
ham,MMM ... Fuck .... Merry Christmas to me,mmm   fuck   merry christmas
ham,alright. Thanks for the advice. Enjoy your night out. I'ma try to get some sleep...,alright thank advice enjoy night m try sleep
ham,Update your face book status frequently :),update face book status frequently
ham,Just now saw your message.it k da:),see messageit k da
ham,Was it something u ate?,u eat
ham,So what did the bank say about the money?,bank money
ham,Aiyar dun disturb u liao... Thk u have lots 2 do aft ur cupboard come...,aiyar dun disturb u liao thk u lot   aft ur cupboard come
ham,Hey they r not watching movie tonight so i'll prob b home early...,hey r watch movie tonight ill prob b home early
ham,Yar lor... How u noe? U used dat route too?,yar lor u noe u dat route
ham,2mro i am not coming to gym machan. Goodnight.,mro come gym machan goodnight
ham,Dont think you need yellow card for uk travel. Ask someone that has gone before. If you do its just  &lt;#&gt; bucks,not think need yellow card uk travel ask go   ltgt buck
ham,Can u look 4 me in da lib i got stuff havent finish yet.,u look   da lib get stuff not finish
ham,Sounds great! Im going to sleep now. Have a good night!,sound great m go sleep good night
spam,Don't b floppy... b snappy & happy! Only gay chat service with photo upload call 08718730666 (10p/min). 2 stop our texts call 08712460324,not b floppy b snappy   happy gay chat service photo upload   pmin   stop text
ham,"House-Maid is the murderer, coz the man was murdered on  &lt;#&gt; th January.. As public holiday all govt.instituitions are closed,including post office..understand?",housemaid murderer coz man murder   ltgt th january public holiday govtinstituition closedinclude post officeunderstand
ham,How come u got nothing to do?,come u get
ham,Nothing will ever be easy. But don't be looking for a reason not to take a risk on life and love,easy not look reason risk life love
ham,i want to grasp your pretty booty :),want grasp pretty booty
ham,I've got it down to a tea. not sure which flavour,ve get tea sure flavour
ham,I'm going 2 orchard now laready me reaching soon. U reaching?,m go   orchard laready reach soon u reach
ham,Dear i am not denying your words please,dear deny word
ham,You know my old Dom I told you about yesterday ? His name is Roger? He got in touch with me last night and wants me to meet him today at 2 pm,know old dom tell yesterday   roger get touch night want meet today   pm
ham,COME BACK TO TAMPA FFFFUUUUUUU,come tampa ffffuuuuuuu
ham,"2 celebrate my båÕday, y else?",  celebrate bday y
ham,Merry christmas to u too annie!,merry christmas u annie
ham,Please tell me you have some of that special stock you were talking about,tell special stock talk
ham,I sent them. Do you like?,send like
spam,"Urgent UR awarded a complimentary trip to EuroDisinc Trav, Aco&Entry41 Or å£1000. To claim txt DIS to 87121 18+6*å£1.50(moreFrmMob. ShrAcomOrSglSuplt)10, LS1 3AJ",urgent ur award complimentary trip eurodisinc trav acoentry   claim txt dis   morefrmmob shracomorsglsuplt ls aj
ham,"Awesome, be there in a minute",awesome minute
ham,"And that is the problem. You walk around in \julianaland\"" oblivious to what is going on around you. I say the same things constantly and they go in one ear and out the other while you go off doing whatever you want to do. It's not that you don't know why I'm upset--it's that you don't listen when i tell you WHAT is going to upset me. Then you want to be surprised when I'm mad.""",problem walk julianaland oblivious go thing constantly ear want not know m upsetit not listen tell go upset want surprised m mad
ham,I've told you everything will stop. Just dont let her get dehydrated.,ve tell stop not let dehydrate
ham,Or I guess  &lt;#&gt;  min,guess   ltgt   min
ham,I'm home. Ard wat time will u reach?,m home ard wat time u reach
ham,"Storming msg: Wen u lift d phne, u say \HELLO\"" Do u knw wt is d real meaning of HELLO?? . . . It's d name of a girl..! . . . Yes.. And u knw who is dat girl?? \""Margaret Hello\"" She is d girlfrnd f Grahmbell who invnted telphone... . . . . Moral:One can 4get d name of a person",storm msg wen u lift d phne u hello u knw wt d real meaning hello     d girl     yes u knw dat girl margaret hello d girlfrnd f grahmbell invnte telphone      moralone d person
ham,"If you want to mapquest it or something look up \usf dogwood drive\""",want mapquest look usf dogwood drive
ham,Aight should I just plan to come up later tonight?,aight plan come later tonight
ham,Die... I accidentally deleted e msg i suppose 2 put in e sim archive. Haiz... I so sad...,die accidentally delete e msg suppose   e sim archive haiz sad
spam,"Welcome to UK-mobile-date this msg is FREE giving you free calling to 08719839835. Future mgs billed at 150p daily. To cancel send \go stop\"" to 89123""",welcome ukmobiledate msg free give free call   future mgs bill p daily cancel send stop
ham,This is wishing you a great day. Moji told me about your offer and as always i was speechless. You offer so easily to go to great lengths on my behalf and its stunning. My exam is next friday. After that i will keep in touch more. Sorry.,wish great day moji tell offer speechless offer easily great length behalf stunning exam friday touch sorry
ham,"Thanks again for your reply today. When is ur visa coming in. And r u still buying the gucci and bags. My sister things are not easy, uncle john also has his own bills so i really need to think about how to make my own money. Later sha.",thank reply today ur visa come r u buy gucci bag sister thing easy uncle john bill need think money later sha
ham,"Sorry I flaked last night, shit's seriously goin down with my roommate, what you up to tonight?",sorry flake night shit seriously goin roommate tonight
ham,He said i look pretty wif long hair wat. But i thk he's cutting quite short 4 me leh.,say look pretty wif long hair wat thk s cut short   leh
ham,Ranjith cal drpd Deeraj and deepak 5min hold,ranjith cal drpd deeraj deepak min hold
ham,"\CHEERS FOR CALLIN BABE.SOZI CULDNT TALKBUT I WANNATELL U DETAILS LATER WENWECAN CHAT PROPERLY X\""""",cheer callin babesozi culdnt talkbut wannatell u detail later wenwecan chat properly x
ham,Hey u still at the gym?,hey u gym
ham,"She said,'' do u mind if I go into the bedroom for a minute ? '' ''OK'', I sed in a sexy mood. She came out 5 minuts latr wid a cake...n My Wife,",say u mind bedroom minute    ok se sexy mood come   minut latr wid caken wife
ham,Much better now thanks lol,well thank lol
ham,"Nothing, smsing u n xy lor. Sorry lor da guys neva c u in person but they sort of know u lor. So u wan 2 meet them xy ask me 2 bring u along 4 our next meeting.",smse u n xy lor sorry lor da guy neva c u person sort know u lor u wan   meet xy ask   bring u   meeting
ham,"Lemme know when I can swing by and pick up, I'm free basically any time after 1 all this semester",lemme know swing pick m free basically time   semester
ham,Wa... U so efficient... Gee... Thanx...,wa u efficient gee thanx
spam,3. You have received your mobile content. Enjoy,  receive mobile content enjoy
ham,S but not able to sleep.,s able sleep
spam,Want explicit SEX in 30 secs? Ring 02073162414 now! Costs 20p/min,want explicit sex   sec ring   cost pmin
ham,We will meet soon princess! Ttyl!,meet soon princess ttyl
ham,I'll pick you up at about 5.15pm to go to taunton if you still want to come.,ill pick pm taunton want come
ham,Oh :-)only 4 outside players allowed to play know,oh   outside player allow play know
ham,I anything lor.,lor
ham,Erutupalam thandiyachu,erutupalam thandiyachu
ham,"Y cant u try new invention to fly..i'm not joking.,",y not u try new invention flyim joke
ham,No..its ful of song lyrics..,noit ful song lyric
ham,"What do u reckon as need 2 arrange transport if u can't do it, thanks",u reckon need   arrange transport u not thank
ham,True lov n care wil nevr go unrecognized. though somone often makes mistakes when valuing it. but they will definitly undrstnd once when they start missing it.,true lov n care wil nevr unrecognized somone make mistake value definitly undrstnd start miss
ham,Shopping? Eh ger i toking abt syd leh...Haha,shop eh ger toke abt syd lehhaha
ham,What not under standing.,stand
ham,have * good weekend.,  good weekend
ham,Miss call miss call khelate kintu opponenter miss call dhorte lage. Thats d rule. One with great phone receiving quality wins.,miss miss khelate kintu opponenter miss dhorte lage s d rule great phone receive quality win
ham,Call me when you get the chance plz &lt;3,chance plz lt
ham,The new deus ex game comin early next yr,new deus ex game comin early yr
ham,My computer just fried the only essential part we don't keep spares of because my fucking idiot roommates looovvve leaving the thing running on full  &lt;#&gt; /7,computer fry essential not spare fucking idiot roommate looovvve leave thing run   ltgt
ham,"My friend, she's studying at warwick, we've planned to go shopping and to concert tmw, but it may be canceled, havn't seen  for ages, yeah we should get together sometime!",friend s study warwick ve plan shopping concert tmw cancel havnt see   age yeah
ham,Probably a couple hours tops,probably couple hour top
ham,"LOL .. *grins* .. I'm not babe, but thanks for thinking of me!",lol   grin   m babe thank thinking
ham,Man this bus is so so so slow. I think you're gonna get there before me,man bus slow think go to
ham,Hope this text meets you smiling. If not then let this text give you a reason to smile. Have a beautiful day.,hope text meet smile let text reason smile beautiful day
ham,"In case you wake up wondering where I am, I forgot I have to take care of something for grandma today, should be done before the parade",case wake wonder forgot care grandma today parade
ham,Ok,ok
spam,"Latest Nokia Mobile or iPOD MP3 Player +å£400 proze GUARANTEED! Reply with: WIN to 83355 now! Norcorp Ltd.å£1,50/Mtmsgrcvd18+",late nokia mobile ipod mp player   proze guarantee reply win   norcorp ltdmtmsgrcvd
spam,"SMS SERVICES. for your inclusive text credits, pls goto www.comuk.net login= 3qxj9 unsubscribe with STOP, no extra charge. help 08702840625.COMUK. 220-CM2 9AE",sm service inclusive text credit pls goto wwwcomuknet login qxj unsubscribe stop extra charge help comuk cm ae
ham,Nvm take ur time.,nvm ur time
ham,So wat's da decision?,wat da decision
ham,Wot is u up 2 then bitch?,wot u   bitch
ham,Stupid.its not possible,stupidit possible
ham,She told to hr that he want posting in chennai:)because i'm working here:),tell hr want post chennaibecause m work
spam,Mobile Club: Choose any of the top quality items for your mobile. 7cfca1a,mobile club choose quality item mobile cfcaa
ham,When are you guys leaving?,guy leave
ham,He neva grumble but i sad lor... Hee... Buy tmr lor aft lunch. But we still meetin 4 lunch tmr a not. Neva hear fr them lei. ÌÏ got a lot of work ar?,neva grumble sad lor hee buy tmr lor aft lunch meetin   lunch tmr neva hear fr lei   get lot work ar
ham,Not able to do anything.,able
ham,ÌÏ takin linear algebra today?,  takin linear algebra today
ham,This weekend is fine (an excuse not to do too much decorating),weekend fine excuse decorate
ham,"Sorry I missed you babe. I was up late and slept in. I hope you enjoy your driving lesson, boytoy. I miss you too ... *teasing kiss*",sorry miss babe late sleep hope enjoy drive lesson boytoy miss   teasing kiss
ham,Now project pa. After that only i can come.,project pa come
spam,Money i have won wining number 946 wot do i do next,money win win number   wot
ham,"Sure, whenever you show the fuck up &gt;:(",sure fuck gt
ham,That was random saw my old roomate on campus. He graduated,random see old roomate campus graduate
spam,"Congrats! 2 mobile 3G Videophones R yours. call 09061744553 now! videochat wid ur mates, play java games, Dload polyH music, noline rentl. bx420. ip4. 5we. 150pm",congrat   mobile g videophone r   videochat wid ur mate play java games dload polyh music noline rentl bx ip pm
ham,"Men always needs a beautiful, intelligent, caring, loving, adjustable, cooperative wife. But the law allows only one wife....",man need beautiful intelligent caring love adjustable cooperative wife law allow wife
ham,That sucks. So what do you got planned for your yo valentine? I am your yo valentine aren't I?,suck get plan yo valentine yo valentine not
ham,"Just got part Nottingham - 3 hrs 63miles. Good thing i love my man so much, but only doing 40mph. Hey ho",get nottingham    hrs mile good thing love man mph hey ho
ham,What to think no one saying clearly. Ok leave no need to ask her. I will go if she come or not,think say clearly ok leave need ask come
ham,Hi good mornin.. Thanku wish u d same..,hi good mornin thanku wish u d
ham,DO U WANT 2 MEET UP 2MORRO,u want   meet morro
ham,Actually I decided I was too hungry so I haven't left yet :V,actually decide hungry not leave v
ham,I've sent Ì_ my part..,ve send  
ham,Cos i was out shopping wif darren jus now n i called him 2 ask wat present he wan lor. Then he started guessing who i was wif n he finally guessed darren lor.,cos shopping wif darren jus n call   ask wat present wan lor start guess wif n finally guess darren lor
spam,"I want some cock! My hubby's away, I need a real man 2 satisfy me. Txt WIFE to 89938 for no strings action. (Txt STOP 2 end, txt rec å£1.50ea. OTBox 731 LA1 7WS. )",want cock hubby away need real man   satisfy txt wife   string action txt stop   end txt rec ea otbox   la ws
ham,Understand. his loss is my gain :) so do you work? School?,understand loss gain   work school
ham,HOW ARE U? I HAVE MISSED U! I HAVENT BEEN UP 2 MUCH A BIT BORED WITH THE HOLIDAY WANT 2 GO BAK 2 COLLEGE! SAD ISNT IT?xx,u miss u not   bit bored holiday want   bak   college sad not itxx
ham,"Hiya, probably coming home * weekend after next",hiya probably come home   weekend
ham,Don't forget though that I love you .... And I walk beside you. Watching over you and keeping your heart warm.,not forget love   walk watch keep heart warm
ham,I wish things were different. I wonder when i will be able to show you how much i value you. Pls continue the brisk walks no drugs without askin me please and find things to laugh about. I love you dearly.,wish thing different wonder able value pls continue brisk walk drug askin find thing laugh love dearly
ham,Ok both our days. So what are you making for dinner tonite? Am I invited?,ok day make dinner tonite invite
spam,Gr8 new service - live sex video chat on your mob - see the sexiest dirtiest girls live on ur phone - 4 details text horny to 89070 to cancel send STOP to 89070,gr new service   live sex video chat mob   sexy dirty girl live ur phone    detail text horny   cancel send stop
ham,I have no money 4 steve mate! !,money   steve mate
ham,IM LATE TELLMISS IM ON MY WAY,m late tellmiss m way
ham,Never blame a day in ur life. Good days give u happiness. Bad days give u experience. Both are essential in life! All are Gods blessings! good morning.:,blame day ur life good day u happiness bad day u experience essential life god blessing good morning
ham,Normally i use to drink more water daily:),normally use drink water daily
ham,Dare i ask... Any luck with sorting out the car?,dare ask luck sort car
ham,"Party's at my place at usf, no charge (but if you can contribute in any way it is greatly appreciated) and yeah, we got room for one more",party place usf charge contribute way greatly appreciated yeah get room
ham,"Urgh, coach hot, smells of chip fat! Thanks again, especially for the duvet (not a predictive text word).",urgh coach hot smell chip fat thank especially duvet predictive text word
ham,Hiya. How was last night? I've been naughty and bought myself clothes and very little ... Ready for more shopping tho! What kind of time do you wanna meet?,hiya night ve naughty buy clothe little   ready shopping tho kind time wanna meet
spam,FreeMsg Hi baby wow just got a new cam moby. Wanna C a hot pic? or Fancy a chat?Im w8in 4uTxt / rply CHAT to 82242 Hlp 08712317606 Msg150p 2rcv,freemsg hi baby wow get new cam moby wanna c hot pic fancy chatim win utxt   rply chat   hlp   msgp rcv
ham,I've been trying to reach him without success,ve try reach success
ham,when you and derek done with class?,derek class
ham,Never y lei... I v lazy... Got wat? Dat day Ì_ send me da url cant work one...,y lei v lazy get wat dat day   send da url not work
ham,Never try alone to take the weight of a tear that comes out of ur heart and falls through ur eyes... Always remember a STUPID FRIEND is here to share... BSLVYL,try weight tear come ur heart fall ur eye remember stupid friend share bslvyl
ham,Hey mate. Spoke to the mag people. WeÛ÷re on.  the is deliver by the end of the month. Deliver on the 24th sept. Talk later. ,hey mate speak mag people   deliver end month deliver th sept talk later
ham,Hope you are having a good week. Just checking in,hope have good week check
ham,"Haha, my friend tyler literally just asked if you could get him a dubsack",haha friend tyler literally ask dubsack
ham,"\Hey! do u fancy meetin me at 4 at cha åÐ hav a lil beverage on me. if not txt or ring me and we can meet up l8r. quite tired got in at 3 v.pist ;) love Pete x x x\""""",hey u fancy meetin   cha   hav lil beverage txt ring meet lr tired get   vpist   love pete x x x
ham,Great. Have a safe trip. Dont panic surrender all.,great safe trip not panic surrender
ham,"\SYMPTOMS\"" when U are in love: \""1.U like listening songs 2.U get stopped where u see the name of your beloved 3.U won't get angry when your""",symptom u love u like listen song u stop u beloved u will not angry
ham,Sun ah... Thk mayb can if dun have anythin on... Thk have to book e lesson... E pilates is at orchard mrt u noe hor...  ,sun ah thk mayb dun anythin thk book e lesson e pilate orchard mrt u noe hor  
ham,Try to do something dear. You read something for exams,try dear read exam
ham,"7 wonders in My WORLD 7th You 6th Ur style 5th Ur smile 4th Ur Personality 3rd Ur Nature 2nd Ur SMS and 1st \Ur Lovely Friendship\""... good morning dear""",  wonder world th th ur style th ur smile th ur personality rd ur nature nd ur sms st ur lovely friendship good morning dear
ham,Gettin rdy to ship comp,gettin rdy ship comp
ham,I am in hospital da. . I will return home in evening,hospital da   return home evening
ham,PISS IS TALKING IS SOMEONE THAT REALISE U THAT POINT THIS AT IS IT.(NOW READ IT BACKWARDS),piss talk realise u point itnow read backwards
ham,Think + da. You wil do.,think   da wil
ham,I'm awake oh. What's up.,m awake oh s
ham,Good afternoon my boytoy. How goes that walking here and there day ? Did you get that police abstract? Are you still out and about? I wake and miss you babe,good afternoon boytoy go walk day   police abstract wake miss babe
ham,How much u trying to get?,u try
ham,"Come around  &lt;DECIMAL&gt; pm vikky..i'm otside nw, il come by tht time",come   ltdecimalgt pm vikkyim otside nw il come tht time
ham,Tell me again what your address is,tell address
ham,"Honeybee Said: *I'm d Sweetest in d World* God Laughed &amp; Said: *Wait,U Havnt Met d Person Reading This Msg* MORAL: Even GOD Can Crack Jokes! GM+GN+GE+GN:)",honeybee say m d sweetest d world god laugh amp say waitu havnt meet d person read msg moral god crack joke gmgngegn
ham,Should i buy him a blackberry bold 2 or torch. Should i buy him new or used. Let me know. Plus are you saying i should buy the  &lt;#&gt; g wifi ipad. And what are you saying about the about the  &lt;#&gt; g?,buy blackberry bold   torch buy new let know plus say buy   ltgt g wifi ipad say   ltgt g
ham,But you were together so you should be thinkin about him,thinkin
ham,hiya hows it going in sunny africa? hope u r avin a good time. give that big old silver back a big kiss from me.,hiya s go sunny africa hope u r avin good time big old silver big kiss
ham,At WHAT TIME should i come tomorrow,time come tomorrow
spam,Wanna have a laugh? Try CHIT-CHAT on your mobile now! Logon by txting the word: CHAT and send it to No: 8883 CM PO Box 4217 London W1A 6ZF 16+ 118p/msg rcvd,wanna laugh try chitchat mobile logon txte word chat send   cm po box   london wa zf   pmsg rcvd
ham,\CHA QUITEAMUZING THATåÕSCOOL BABE,cha quiteamuze thatscool babe
ham,Omg how did u know what I ate?,omg u know eat
spam,"\URGENT! This is the 2nd attempt to contact U!U have WON å£1000CALL 09071512432 b4 300603t&csBCM4235WC1N3XX.callcost150ppmmobilesvary. maxå£7. 50\""""",urgent nd attempt contact uu win   b tcsbcmwcnxxcallcostppmmobilesvary max
ham,:( but your not here...., 
ham,Not directly behind... Abt 4 rows behind Ì_...,directly abt   row
spam,Congratulations ur awarded 500 of CD vouchers or 125gift guaranteed & Free entry 2 100 wkly draw txt MUSIC to 87066,congratulation ur award   cd voucher gift guarantee   free entry    wkly draw txt music
spam,"Had your contract mobile 11 Mnths? Latest Motorola, Nokia etc. all FREE! Double Mins & Text on Orange tariffs. TEXT YES for callback, no to remove from records",contract mobile   mnth late motorola nokia etc free double min   text orange tariff text yes callback remove record
spam,"Urgent! call 09066350750 from your landline. Your complimentary 4* Ibiza Holiday or 10,000 cash await collection SAE T&Cs PO BOX 434 SK3 8WP 150 ppm 18+",urgent   landline complimentary   ibiza holiday   cash await collection sae tcs po box   sk wp   ppm
ham,No plans yet. What are you doing ?,plan
ham,Hi ....My engagement has been fixd on  &lt;#&gt; th of next month. I know its really shocking bt....hmm njan vilikkam....t ws al of a sudn;-(.,hi engagement fixd   ltgt th month know shocking bthmm njan vilikkamt ws al sudn
ham,Not course. Only maths one day one chapter with in one month we can finish.,course math day chapter month finish
ham,Wow didn't think it was that common. I take it all back ur not a freak! Unless u chop it off:-),wow not think common ur freak u chop
spam,"For ur chance to win a å£250 wkly shopping spree TXT: SHOP to 80878. T's&C's www.txt-2-shop.com custcare 08715705022, 1x150p/wk",ur chance win   wkly shopping spree txt shop   tscs wwwtxtshopcom custcare   xpwk
ham,Noooooooo please. Last thing I need is stress. For once in your life be fair.,noooooooo thing need stress life fair
spam,U have a Secret Admirer who is looking 2 make contact with U-find out who they R*reveal who thinks UR so special-call on 09065171142-stopsms-08718727870150ppm,u secret admirer look   contact ufind rreveal think ur specialcall stopsmsppm
spam,"Mila, age23, blonde, new in UK. I look sex with UK guys. if u like fun with me. Text MTALK to 69866.18 . 30pp/txt 1st 5free. å£1.50 increments. Help08718728876",mila age blonde new uk look sex uk guy u like fun text mtalk    pptxt st free   increment help
ham,"I'll see if I can swing by in a bit, got some things to take care of here firsg",ill swing bit get thing care firsg
ham,I wanted to wish you a Happy New Year and I wanted to talk to you about some legal advice to do with when Gary and I split but in person. I'll make a trip to Ptbo for that. I hope everything is good with you babe and I love ya :),want wish happy new year want talk legal advice gary split person ill trip ptbo hope good babe love ya
ham,Have you not finished work yet or something?,finish work
ham,Tomorrow i am not going to theatre. . . So i can come wherever u call me. . . Tell me where and when to come tomorrow,tomorrow go theatre    come u    tell come tomorrow
spam,Well done ENGLAND! Get the official poly ringtone or colour flag on yer mobile! text TONE or FLAG to 84199 NOW! Opt-out txt ENG STOP. Box39822 W111WX å£1.50,england official poly ringtone colour flag yer mobile text tone flag   optout txt eng stop box wwx
ham,Right it wasnt you who phoned it was someone with a number like yours!,right not phone number like
ham,It's ok i wun b angry. Msg u aft i come home tonight.,ok wun b angry msg u aft come home tonight
ham,I had a good time too. Its nice to do something a bit different with my weekends for a change. See ya soon,good time nice bit different weekend change ya soon
ham,Yo sorry was in the shower sup,yo sorry shower sup
ham,"Carlos is down but I have to pick it up from him, so I'll swing by usf in a little bit",carlos pick ill swing usf little bit
ham,Full heat pa:-) i have applyed oil pa.,heat pa apply oil pa
ham,I'm stuck in da middle of da row on da right hand side of da lt... ,m stuck da middle da row da right hand da lt
ham,Have you laid your airtel line to rest?,lay airtel line rest
ham,Hi did u decide wot 2 get 4 his bday if not ill prob jus get him a voucher frm virgin or sumfing ,hi u decide wot     bday ill prob jus voucher frm virgin sumfe
spam,FreeMsg: Txt: CALL to No: 86888 & claim your reward of 3 hours talk time to use from your phone now! Subscribe6GBP/mnth inc 3hrs 16 stop?txtStop,freemsg txt    claim reward   hour talk time use phone subscribegbpmnth inc hrs   stoptxtstop
ham,\Hey j! r u feeling any better,hey j r u feel well
ham,And I don't plan on staying the night but I prolly won't be back til late,not plan stay night prolly will not til late
ham,THANX 4 PUTTIN DA FONE DOWN ON ME!!,thanx   puttin da fone
ham,"I need an 8th but I'm off campus atm, could I pick up in an hour or two?",need th m campus atm pick hour
ham,"Oh... Haha... Den we shld had went today too... Gee, nvm la... Kaiez, i dun mind goin jazz oso... Scared hiphop open cant catch up... ",oh haha den shld go today gee nvm la kaiez dun mind goin jazz oso scar hiphop open not catch
ham,Been running but only managed 5 minutes and then needed oxygen! Might have to resort to the roller option!,run manage   minute need oxygen resort roller option
ham,We live in the next  &lt;#&gt; mins,live   ltgt min
ham,Y de asking like this.,y de ask like
ham,Just glad to be talking to you.,glad talk
ham,Wat time Ì_ finish?,wat time   finish
ham,Sorry da. I gone mad so many pending works what to do.,sorry da go mad pende work
ham,How much you got for cleaning,get clean
ham,hows my favourite person today? r u workin hard? couldn't sleep again last nite nearly rang u at 4.30,s favourite person today r u workin hard not sleep nite nearly ring u
spam,Sunshine Quiz! Win a super Sony DVD recorder if you canname the capital of Australia? Text MQUIZ to 82277. B,sunshine quiz win super sony dvd recorder canname capital australia text mquiz   b
ham,ÌÏ called dad oredi...,  call dad oredi
ham,Good. do you think you could send me some pix? I would love to see your top and bottom...,good think send pix love
ham,Nvm... I'm going to wear my sport shoes anyway... I'm going to be late leh.,nvm m go wear sport shoe m go late leh
ham,"Sorry, I'll call later In meeting.",sorry ill later meeting
ham,THIS IS A LONG FUCKIN SHOWR,long fuckin showr
ham,"Received, understood n acted upon!",receive understand n act
ham,They finally came to fix the ceiling.,finally come fix ceiling
ham,"U need my presnts always bcz U cant mis love. \jeevithathile irulinae neekunna prakasamanu sneham\"" prakasam ennal prabha 'That mns prabha is'LOVE' Got it. Dont mis me....""",u need presnt bcz u not mis love jeevithathile irulinae neekunna prakasamanu sneham prakasam ennal prabha mns prabha islove get not mis
ham,Jus finish blowing my hair. U finish dinner already?,jus finish blow hair u finish dinner
ham,I'm on the bus. Love you,m bus love
ham,Lol ... I knew that .... I saw him in the dollar store,lol   know   see dollar store
spam,Please call our customer service representative on 0800 169 6031 between 10am-9pm as you have WON a guaranteed å£1000 cash or å£5000 prize!,customer service representative     ampm win guarantee   cash   prize
spam,Todays Voda numbers ending with 7634 are selected to receive a å£350 reward. If you have a match please call 08712300220 quoting claim code 7684 standard rates apply.,todays voda number end   select receive   reward match   quote claim code   standard rate apply
ham,Only saturday and sunday holiday so its very difficult:),saturday sunday holiday difficult
ham,Everybody had fun this evening. Miss you.,everybody fun evening miss
ham,"Got hella gas money, want to go on a grand nature adventure with galileo in a little bit?",get hella gas money want grand nature adventure galileo little bit
ham,"I'm in a meeting, call me later at",m meeting later
ham,Oh wow thats gay. Will firmware update help,oh wow s gay firmware update help
ham,These won't do. Have to move on to morphine,will not morphine
ham,How come i din c Ì_... Yup i cut my hair...,come din c   yup cut hair
ham,K k pa Had your lunch aha.,k k pa lunch aha
ham,Oh ho. Is this the first time u use these type of words,oh ho time u use type word
ham,Captain vijaykanth is doing comedy in captain tv..he is drunken :),captain vijaykanth comedy captain tvhe drunken
ham,Of course. I guess god's just got me on hold right now.,course guess god get hold right
ham,Do you hide anythiing or keeping distance from me,hide anythiing keep distance
ham,Havent.,not
spam,You are being ripped off! Get your mobile content from www.clubmoby.com call 08717509990 poly/true/Pix/Ringtones/Games six downloads for only 3,rip mobile content wwwclubmobycom   polytruepixringtonesgame download
ham,Sorry i din lock my keypad.,sorry din lock keypad
ham,Did u got that persons story,u get person story
ham,Are you planning to come chennai?,plan come chennai
spam,We tried to contact you re your reply to our offer of a Video Phone 750 anytime any network mins Half Price Line Rental Camcorder Reply or call 08000930705,try contact reply offer video phone   anytime network min half price line rental camcorder reply
ham,God created gap btwn ur fingers so dat sum1 vry special will fill those gaps by holding ur hands.. Now plz dont ask y he created so much gap between legs !!!,god create gap btwn ur finger dat sum vry special fill gap hold ur hand plz not ask y create gap leg
ham,We are okay. Going to sleep now. Later,okay go sleep later
ham,"Please protect yourself from e-threats. SIB never asks for sensitive information like Passwords,ATM/SMS PIN thru email. Never share your password with anybody.",protect ethreat sib ask sensitive information like passwordsatmsm pin email share password anybody
ham,"Finally it has happened..! Aftr decades..! BEER is now cheaper than PETROL! The goverment expects us to \DRINK\"". . . But don't \""DRIVE \""""",finally happen aftr decade beer cheap petrol goverment expect drink    not drive
spam,A å£400 XMAS REWARD IS WAITING FOR YOU! Our computer has randomly picked you from our loyal mobile customers to receive a å£400 reward. Just call 09066380611 ,  xmas reward wait computer randomly pick loyal mobile customer receive   reward  
ham,Where r e meeting tmr?,r e meeting tmr
ham,Lol yes. But it will add some spice to your day.,lol yes add spice day
ham,Hope you are having a great day.,hope have great day
ham,Our Prasanth ettans mother passed away last night. Just pray for her and family.,prasanth ettans mother pass away night pray family
ham,"K, I'll work something out",k ill work
spam,PRIVATE! Your 2003 Account Statement for shows 800 un-redeemed S. I. M. points. Call 08718738002 Identifier Code: 48922 Expires 21/11/04,private   account statement show   unredeemed s m point   identifier code   expire
ham,This message is from a great Doctor in India:-): 1) Do not drink APPY FIZZ. It contains Cancer causing age,message great doctor india   drink appy fizz contain cancer cause age
ham,I cant pick the phone right now. Pls send a message,not pick phone right pls send message
ham,You call him and tell now infront of them. Call him now.,tell infront
ham,Ok no prob...,ok prob
ham,Ladies first and genus second k .,lady genus second k
ham,No. Yes please. Been swimming?,yes swim
ham,Mum not going robinson already.,mum go robinson
ham,Ok set let u noe e details later...,ok set let u noe e detail later
ham,Not..tel software name..,nottel software
ham,I send the print  outs da.,send print   out da
ham,IM REALY SOZ IMAT MY MUMS 2NITE WHAT ABOUT 2MORO ,m realy soz imat mum nite moro
ham,"When I was born, GOD said, \Oh No! Another IDIOT\"". When you were born",bear god say oh idiot bear
ham,"I didnt get ur full msg..sometext is missing, send it again",not ur msgsometext miss send
ham,"Probably not, I'm almost out of gas and I get some cash tomorrow",probably m gas cash tomorrow
spam,"Customer service announcement. We recently tried to make a delivery to you but were unable to do so, please call 07099833605 to re-schedule. Ref:9280114",customer service announcement recently try delivery unable   reschedule ref
ham,I forgot 2 ask Ì_ all smth.. There's a card on da present lei... How? ÌÏ all want 2 write smth or sign on it?,forget   ask   smth s card da present lei   want   write smth sign
ham,I'm leaving my house now.,m leave house
spam,"Hi babe its Chloe, how r u? I was smashed on saturday night, it was great! How was your weekend? U been missing me? SP visionsms.com Text stop to stop 150p/text",hi babe chloe r u smash saturday night great weekend u miss sp visionsmscom text stop stop ptext
ham,ÌÏ ready then call me...,  ready
ham,Wewa is 130. Iriver 255. All 128 mb.,wewa   iriver     mb
ham,It is a good thing I'm now getting the connection to bw,good thing m get connection bw
ham,Sry da..jst nw only i came to home..,sry dajst nw come home
ham,"That's cool he'll be here all night, lemme know when you're around",s cool hell night lemme know
ham,Are you staying in town ?,stay town
ham,"Haha yeah, 2 oz is kind of a shitload",haha yeah   oz kind shitload
ham,Ok u can take me shopping when u get paid =D,ok u shopping u pay d
ham,"My life Means a lot to me, Not because I love my life, But because I love the people in my life, The world calls them friends, I call them my World:-).. Ge:-)..",life mean lot love life love people life world call friend world ge
ham,"Alright we'll bring it to you, see you in like  &lt;#&gt;  mins",alright bring like   ltgt   min
ham,But pls dont play in others life.,pls not play life
ham,Eatin my lunch...,eatin lunch
ham,Hmmm.but you should give it on one day..,hmmmbut day
ham,"Didn't try, g and I decided not to head out",not try g decide head
ham,Ok no prob,ok prob
ham,Surly ill give it to you:-) while coming to review.,surly ill come review
ham,"By march ending, i should be ready. But will call you for sure. The problem is that my capital never complete. How far with you. How's work and the ladies",march end ready sure problem capital complete far s work lady
ham,Tessy..pls do me a favor. Pls convey my birthday wishes to Nimya..pls dnt forget it. Today is her birthday Shijas,tessypl favor pls convey birthday wish nimyapls dnt forget today birthday shijas
ham,Pls give her the food preferably pap very slowly with loads of sugar. You can take up to an hour to give it. And then some water. Very very slowly.,pls food preferably pap slowly load sugar hour water slowly
spam,"URGENT! Your Mobile No 07808726822 was awarded a å£2,000 Bonus Caller Prize on 02/09/03! This is our 2nd attempt to contact YOU! Call 0871-872-9758 BOX95QU",urgent mobile   award   bonus caller prize   nd attempt contact   boxqu
ham,A guy who gets used but is too dumb to realize it.,guy get dumb realize
ham,"Okey dokey, iÛ÷ll be over in a bit just sorting some stuff out.",okey dokey ill bit sort stuff
ham,Don no da:)whats you plan?,don dawhat plan
ham,Yes fine ,yes fine
spam,"WIN: We have a winner! Mr. T. Foley won an iPod! More exciting prizes soon, so keep an eye on ur mobile or visit www.win-82050.co.uk",win winner mr t foley win ipod exciting prize soon eye ur mobile visit wwwwincouk
ham,I liked the new mobile,like new mobile
ham,Anytime...,anytime
ham,Mmmmmmm *snuggles into you* ...*deep contented sigh* ... *whispers* ... I fucking love you so much I can barely stand it ...,mmmmmmm snuggle deep content sigh   whisper   fuck love barely stand
ham,Yar but they say got some error.,yar get error
ham,Hey anyway i have to :-),hey
ham,Wow so healthy. Old airport rd lor. Cant thk of anything else. But i'll b bathing my dog later.,wow healthy old airport rd lor not thk ill b bath dog later
ham,Wif my family booking tour package.,wif family book tour package
ham,"Did you say bold, then torch later. Or one torch and 2bold?",bold torch later torch bold
ham,"Haha awesome, I might need to take you up on that, what you doin tonight?",haha awesome need doin tonight
ham,Ya i knw u vl giv..its ok thanks kano..anyway enjoy wit ur family wit 1st salary..:-);-),ya knw u vl givit ok thank kanoanyway enjoy wit ur family wit st salary
ham,Huh so slow i tot u reach long ago liao... U 2 more days only i 4 more leh...,huh slow tot u reach long ago liao u   day   leh
ham,Thats cool princess! I will cover your face in hot sticky cum :),s cool princess cover face hot sticky cum
ham,Big brotherÛ÷s really scraped the barrel with this shower of social misfits,big brother scrap barrel shower social misfit
ham,Oops i thk i dun haf enuff... I go check then tell Ì_..,oops thk dun haf enuff check tell
ham,S:)8 min to go for lunch:),s min lunch
ham,"Hey. What happened? U switch off ur cell d whole day. This isnt good. Now if u do care, give me a call tomorrow.",hey happen u switch ur cell d day not good u care tomorrow
ham,"K will do, addie &amp; I are doing some art so I'll be here when you get home",k addie amp art ill home
ham,My uncles in Atlanta. Wish you guys a great semester.,uncle atlanta wish guy great semester
ham,"Aiyo... Her lesson so early... I'm still sleepin, haha... Okie, u go home liao den confirm w me lor...",aiyo lesson early m sleepin haha okie u home liao den confirm w lor
ham,Forgot to tell Ì_ smth.. Can Ì_ like number the sections so that it's clearer..,forget tell   smth   like number section clear
ham,"Yup. Anything lor, if u dun wan it's ok...",yup lor u dun wan ok
ham,"I'm home, my love ... If your still awake ... *loving kiss*",m home love   awake   love kiss
ham,HELLO PEACH! MY CAKE TASTS LUSH!,hello peach cake tast lush
spam,"FREE GAME. Get Rayman Golf 4 FREE from the O2 Games Arcade. 1st get UR games settings. Reply POST, then save & activ8. Press 0 key for Arcade. Termsapply",free game rayman golf   free o games arcade st ur game setting reply post save   activ press   key arcade termsapply
ham,"There'll be a minor shindig at my place later tonight, you interested?",ll minor shindig place later tonight interest
ham,Jason says it's cool if we pick some up from his place in like an hour,jason say cool pick place like hour
spam,"Had your mobile 10 mths? Update to the latest Camera/Video phones for FREE. KEEP UR SAME NUMBER, Get extra free mins/texts. Text YES for a call",mobile   mth update late cameravideo phone free ur number extra free minstexts text yes
ham,I (Career Tel) have added u as a contact on INDYAROCKS.COM to send FREE SMS. To remove from phonebook - sms NO to  &lt;#&gt;,career tel add u contact indyarockscom send free sm remove phonebook   sm   ltgt
ham,I've reached already.,ve reach
ham,I dont know ask to my brother. Nothing problem some thing that. Just i told .,not know ask brother problem thing tell
ham,K:)eng rocking in ashes:),keng rock ash
ham,Wat time r Ì_ going to xin's hostel?,wat time r   go xin hostel
ham,Good Morning my Dear Shijutta........... Have a great &amp; successful day.,good morning dear shijutta great amp successful day
spam,Buy Space Invaders 4 a chance 2 win orig Arcade Game console. Press 0 for Games Arcade (std WAP charge) See o2.co.uk/games 4 Terms + settings. No purchase,buy space invader   chance   win orig arcade game console press   game arcade std wap charge ocoukgame   term   setting purchase
ham,Oh k:)after that placement there ah?,oh kafter placement ah
ham,"Not for possession, especially not first offense",possession especially offense
ham,"Nt only for driving even for many reasons she is called BBD..thts it chikku, then hw abt dvg cold..heard tht vinobanagar violence hw is the condition..and hw ru ? Any problem?",not drive reason call bbdtht chikku hw abt dvg coldheard tht vinobanagar violence hw conditionand hw ru   problem
ham,I bought the test yesterday. Its something that lets you know the exact day u ovulate.when will get 2u in about 2 to 3wks. But pls pls dont fret. I know u r worried. Pls relax. Also is there anything in ur past history u need to tell me?,buy test yesterday let know exact day u ovulatewhen u   wks pls pls not fret know u r worried pls relax ur past history u need tell
ham,We have pizza if u want,pizza u want
ham,"I keep seeing weird shit and bein all \woah\"" then realising it's actually reasonable and I'm all \""oh\""""",see weird shit bein woah realise actually reasonable m oh
ham,Many more happy returns of the day. I wish you happy birthday.,happy return day wish happy birthday
ham,Ya very nice. . .be ready on thursday,ya nice   ready thursday
ham,I am in hospital da. . I will return home in evening,hospital da   return home evening
ham,"\Thinking of u ;) x\""""",thinking u   x
spam,Camera - You are awarded a SiPix Digital Camera! call 09061221066 fromm landline. Delivery within 28 days.,camera   award sipix digital camera   fromm landline delivery   day
ham,Orh i tot u say she now still dun believe.,orh tot u dun believe
ham,"When you just put in the + sign, choose my number and the pin will show. Right?",  sign choose number pin right
ham,The beauty of life is in next second.. which hides thousands of secrets. I wish every second will be wonderful in ur life...!! gud n8,beauty life second hide thousand secret wish second wonderful ur life gud n
ham,Thanx u darlin!im cool thanx. A few bday drinks 2 nite. 2morrow off! Take care c u soon.xxx,thanx u darlinim cool thanx bday drink   nite morrow care c u soonxxx
ham,"If you're still up, maybe leave the credit card so I can get gas when I get back like he told me to",maybe leave credit card gas like tell
spam,Your weekly Cool-Mob tones are ready to download !This weeks new Tones include: 1) Crazy Frog-AXEL F>>> 2) Akon-Lonely>>> 3) Black Eyed-Dont P >>>More info in n,weekly coolmob tone ready download week new tone include   crazy frogaxel f   akonlonely   black eyeddont p info n
ham,Well boy am I glad G wasted all night at applebees for nothing,boy glad g waste night applebee
spam,Cashbin.co.uk (Get lots of cash this weekend!) www.cashbin.co.uk Dear Welcome to the weekend We have got our biggest and best EVER cash give away!! These..,cashbincouk lot cash weekend wwwcashbincouk dear welcome weekend get big good cash away
ham,Ok lor... Or u wan me go look 4 u?,ok lor u wan look   u
ham,U wan 2 haf lunch i'm in da canteen now.,u wan   haf lunch m da canteen
ham,Don't make life too stressfull.. Always find time to Laugh.. It may not add years to your Life! But surely adds more life to ur years!! Gud ni8..swt dreams..,not life stressfull find time laugh add year life surely add life ur year gud niswt dream
ham,"hey, looks like I was wrong and one of the kappa guys numbers is still on my phone, if you want I can text him and see if he's around",hey look like wrong kappa guy number phone want text s
spam,URGENT! Your Mobile number has been awarded with a å£2000 prize GUARANTEED. Call 09061790121 from land line. Claim 3030. Valid 12hrs only 150ppm,urgent mobile number award   prize guarantee   land line claim   valid hrs ppm
spam,Thanks 4 your continued support Your question this week will enter u in2 our draw 4 å£100 cash. Name the NEW US President? txt ans to 80082,thank   continued support question week enter u draw    cash new president txt an
ham,I'm home. Doc gave me pain meds says everything is fine.,m home doc give pain med say fine
ham,It's Ì© only $140 ard...Ìä rest all ard $180 at least...Which is Ì© price 4 Ì© 2 bedrm ($900),    ard rest ard   leastwhich   price     bedrm
ham,Me too! Have a lovely night xxx,lovely night xxx
ham,Prepare to be pleasured :),prepare pleasure
ham,Hi.:)technical support.providing assistance to us customer through call and email:),hitechnical supportproviding assistance customer email
ham,if you text on your way to cup stop that should work. And that should be BUS,text way cup stop work bus
ham,Whens your radio show?,s radio
spam,Your unique user ID is 1172. For removal send STOP to 87239 customer services 08708034412,unique user d   removal send stop   customer service
ham,I'm not sure if its still available though,m sure available
ham,watever reLation u built up in dis world only thing which remains atlast iz lonlines with lotz n lot memories! feeling..,watever relation u build dis world thing remain atlast iz lonline lotz n lot memory feel
ham,CHEERS LOU! YEAH WAS A GOODNITE SHAME U NEVA CAME! C YA GAILxx,cheer lou yeah goodnite shame u neva come c ya gailxx
ham,Hi..i got the money da:),hii get money da
ham,"Hi, Mobile no.  &lt;#&gt;  has added you in their contact list on www.fullonsms.com It s a great place to send free sms to people For more visit fullonsms.com",hi mobile   ltgt   add contact list wwwfullonsmscom s great place send free sms people visit fullonsmscom
ham,Ok then u tell me wat time u coming later lor.,ok u tell wat time u come later lor
ham,U repeat e instructions again. Wat's e road name of ur house?,u repeat e instruction wat e road ur house
ham,"So many people seems to be special at first sight, But only very few will remain special to you till your last sight.. Maintain them till life ends.. Sh!jas",people special sight remain special till sight maintain till life end shjas
ham,Quite lor. But dun tell him wait he get complacent...,lor dun tell wait complacent
ham,Sorry completely forgot * will pop em round this week if your still here?,sorry completely forget   pop em round week
ham,U R THE MOST BEAUTIFUL GIRL IVE EVER SEEN. U R MY BABY COME AND C ME IN THE COMMON ROOM,u r beautiful girl ve see u r baby come c common room
ham,O we cant see if we can join denis and mina? Or does denis want alone time,o not join denis mina deni want time
ham,Sen told that he is going to join his uncle finance in cbe,sen tell go join uncle finance cbe
ham,Yup... Hey then one day on fri we can ask miwa and jiayin take leave go karaoke ,yup hey day fri ask miwa jiayin leave karaoke
ham,"Call me, i am senthil from hsbc.",senthil hsbc
ham,"Especially since i talk about boston all up in my personal statement, lol! I woulda changed that if i had realized it said nyc! It says boston now.",especially talk boston personal statement lol woulda change realize say nyc say boston
ham,Indeed and by the way it was either or - not both !,way  
spam,"Urgent -call 09066649731from Landline. Your complimentary 4* Ibiza Holiday or å£10,000 cash await collection SAE T&Cs PO BOX 434 SK3 8WP 150ppm 18+",urgent landline complimentary   ibiza holiday   cash await collection sae tcs po box   sk wp ppm
ham,Holy living christ what is taking you so long,holy living christ take long
ham,ÌÏ thk of wat to eat tonight.,  thk wat eat tonight
ham,"Thanx. Yup we coming back on sun. Finish dinner going back 2 hotel now. Time flies, we're tog 4 exactly a mth today. Hope we'll haf many more mths to come...",thanx yup come sun finish dinner go   hotel time fly tog   exactly mth today hope haf mth come
ham,We're on the opposite side from where we dropped you off,opposite drop
ham,Yup. Izzit still raining heavily cos i'm in e mrt i can't c outside.,yup izzit rain heavily cos m e mrt not c outside
ham,Send me your resume:-),send resume
ham,Gd luck 4 ur exams :-),gd luck   ur exam
ham,Or u ask they all if next sat can a not. If all of them can make it then i'm ok lor.,u ask sit m ok lor
ham,Sorry that was my uncle. I.ll keep in touch,sorry uncle ill touch
ham,Saw Guys and Dolls last night with Patrick Swayze it was great,see guy doll night patrick swayze great
spam,URGENT This is our 2nd attempt to contact U. Your å£900 prize from YESTERDAY is still awaiting collection. To claim CALL NOW 09061702893,urgent nd attempt contact u   prize yesterday await collection claim
spam,Santa calling! Would your little ones like a call from Santa Xmas Eve? Call 09077818151 to book you time. Calls1.50ppm last 3mins 30s T&C www.santacalling.com,santa call little one like santa xmas eve   book time callsppm min s tc wwwsantacallingcom
ham,Just come home. I don't want u to be miserable,come home not want u miserable
ham,I dont know why she.s not getting your messages,not know s get message
ham,"its cool but tyler had to take off so we're gonna buy for him and drop it off at his place later tonight. Our total order is a quarter, you got enough?",cool tyler go to buy drop place later tonight total order quarter get
ham,"The guy at the car shop who was flirting with me got my phone number from the paperwork and called and texted me. I'm nervous because of course now he may have my address. Should i call his boss and tell him, knowing this may get him fired?",guy car shop flirt get phone number paperwork call texte m nervous course address boss tell know fire
ham,Reverse is cheating. That is not mathematics.,reverse cheat mathematic
ham,How do you plan to manage that,plan manage
ham,"Er, hello, things didnÛ÷t quite go to plan ÛÒ is limping slowly home followed by aa and with exhaust hanging off",er hello thing not plan   limp slowly home follow aa exhaust hang
ham,Sorry for the delay. Yes masters,sorry delay yes master
ham,Call me when u finish then i come n pick u.,u finish come n pick u
spam,PRIVATE! Your 2004 Account Statement for 078498****7 shows 786 unredeemed Bonus Points. To claim call 08719180219 Identifier Code: 45239 Expires 06.05.05,private   account statement   show   unredeemed bonus point claim   identifier code   expire
ham,What's up my own oga. Left my phone at home and just saw ur messages. Hope you are good. Have a great weekend.,s oga leave phone home see ur message hope good great weekend
ham,"Don't worry though, I understand how important it is that I be put in my place with a poorly thought out punishment in the face of the worst thing that has ever happened to me. Brb gonna go kill myself",not worry understand important place poorly think punishment face bad thing happen brb go to kill
ham,"Honey, can you pls find out how much they sell Predicte in Nigeria. And how many times can it be used. Its very important to have a reply before monday",honey pls find sell predicte nigeria time important reply monday
ham,E admin building there? I might b slightly earlier... I'll call u when i'm reaching...,e admin building b slightly early ill u m reach
ham,"fyi I'm at usf now, swing by the room whenever",fyi m usf swing room
ham,i can call in  &lt;#&gt;  min if thats ok,  ltgt   min s ok
ham,Ummmmmaah Many many happy returns of d day my dear sweet heart.. HAPPY BIRTHDAY dear,ummmmmaah happy return d day dear sweet heart happy birthday dear
ham,ÌÏ no home work to do meh... ,  home work meh
ham,Anything is valuable in only 2 situations: First- Before getting it... Second- After loosing it...,valuable   situation get second loose
ham,Me too. Mark is taking forever to pick up my prescription and the pain is coming back.,mark take forever pick prescription pain come
ham,How's ur paper?,s ur paper
ham,Got smaller capacity one? Quite ex...,get small capacity ex
spam,Check Out Choose Your Babe Videos @ sms.shsex.netUN fgkslpoPW fgkslpo,check choose babe video   smsshsexnetun fgkslpopw fgkslpo
ham,Im good! I have been thinking about you...,m good think
spam,u r a winner U ave been specially selected 2 receive å£1000 cash or a 4* holiday (flights inc) speak to a live operator 2 claim 0871277810710p/min (18 ),u r winner u ave specially select   receive   cash   holiday flight inc speak live operator   claim pmin  
ham,:-) :-), 
ham,Not thought bout it... || Drink in tap & spile at seven. || Is that pub on gas st off broad st by canal. || Ok?,think bout   drink tap   spile seven   pub gas st broad st canal   ok
ham,I am going to sleep. I am tired of travel.,go sleep tired travel
ham,"Haha, just what I was thinkin",haha thinkin
ham,Yup but it's not giving me problems now so mayb i'll jus leave it...,yup give problem mayb ill jus leave
ham,Lol no. Just trying to make your day a little more interesting,lol try day little interesting
ham,"How long before you get reply, just defer admission til next semester",long reply defer admission til semester
ham,"The word \Checkmate\"" in chess comes from the Persian phrase \""Shah Maat\"" which means; \""the king is dead..\"" Goodmorning.. Have a good day..:)""",word checkmate chess come persian phrase shah maat mean king dead goodmorning good day
ham,Po de :-):):-):-):-). No need job aha.,po de   need job aha
ham,Rats. Hey did u ever vote for the next themes?,rat hey u vote theme
spam,"New Mobiles from 2004, MUST GO! Txt: NOKIA to No: 89545 & collect yours today! From ONLY å£1. www.4-tc.biz 2optout 087187262701.50gbp/mtmsg18 TXTAUCTION.",new mobile   txt nokia    collect today   wwwtcbiz optout gbpmtmsg txtauction
ham,I hope your pee burns tonite.,hope pee burn tonite
ham,"OH RITE. WELL IM WITH MY BEST MATE PETE, WHO I WENT OUT WITH 4 A WEEK+ NOW WERE 2GEVA AGAIN. ITS BEEN LONGER THAN A WEEK.",oh rite m good mate pete go   week geva long week
ham,Yay can't wait to party together!,yay not wait party
ham,....photoshop makes my computer shut down.,photoshop make computer shut
ham,All boys made fun of me today. Ok i have no problem. I just sent one message just for fun,boy fun today ok problem send message fun
ham,That's one of the issues but california is okay. No snow so its manageable,s issue california okay snow manageable
spam,PRIVATE! Your 2003 Account Statement for shows 800 un-redeemed S. I. M. points. Call 08715203652 Identifier Code: 42810 Expires 29/10/0,private   account statement show   unredeemed s m point   identifier code   expire
ham,"Hmmm.... Mayb can try e shoppin area one, but forgot e name of hotel...",hmmm mayb try e shoppin area forget e hotel
ham,"Awesome, that gonna be soon or later tonight?",awesome go to soon later tonight
ham,I need details about that online job.,need detail online job
spam,YOU HAVE WON! As a valued Vodafone customer our computer has picked YOU to win a å£150 prize. To collect is easy. Just call 09061743386 ,win value vodafone customer computer pick win   prize collect easy  
ham,Missing you too.pray inshah allah,miss toopray inshah allah
ham,Pls help me tell Ashley that i cant find her number oh,pls help tell ashley not find number oh
ham,I am in escape theatre now. . Going to watch KAVALAN in a few minutes,escape theatre   go watch kavalan minute
ham,S.this will increase the chance of winning.,sthis increase chance win
ham,either way works for me. I am  &lt;#&gt;  years old. Hope that doesnt bother you.,way work   ltgt   year old hope not bother
ham,Maybe you should find something else to do instead???,maybe find instead
ham,Gain the rights of a wife.dont demand it.i am trying as husband too.Lets see,gain right wifedont demand iti try husband toolet
ham,I liked your new house,like new house
ham,I'm fine. Hope you are also,m fine hope
ham,"Also north carolina and texas atm, you would just go to the gre site and pay for the test results to be sent.",north carolina texas atm gre site pay test result send
ham,Same to u...,u
ham,yes baby! I need to stretch open your pussy!,yes baby need stretch open pussy
ham,Thanks  and ! Or bomb and date as my phone wanted to say! ,thank     bomb date phone want
ham,Ok...,ok
ham,"Hey, a guy I know is breathing down my neck to get him some bud, anyway you'd be able to get a half track to usf tonight?",hey guy know breathe neck bud d able half track usf tonight
ham,"\Response\"" is one of d powerful weapon 2 occupy a place in others 'HEART'... So",response d powerful weapon   occupy place heart
ham,Nokia phone is lovly..,nokia phone lovly
spam,**FREE MESSAGE**Thanks for using the Auction Subscription Service. 18 . 150p/MSGRCVD 2 Skip an Auction txt OUT. 2 Unsubscribe txt STOP CustomerCare 08718726270,free messagethank auction subscription service    pmsgrcvd   skip auction txt   unsubscribe txt stop customercare
spam,Bored housewives! Chat n date now! 0871750.77.11! BT-national rate 10p/min only from landlines!,bored housewife chat n date   btnational rate pmin landline
ham,Sorry da..today i wont come to play..i have driving clas..,sorry datoday will not come playi drive cla
ham,I'm really sorry I lit your hair on fire,m sorry light hair fire
ham,"Oh! Shit, I thought that was your trip! Loooooool ... That just makes SO much more sense now ... *grins* and the sofa reference was ... The \sleep on a couch\"" link you sent me ... Wasn't that how you went on your trip ? Oh ... And didn't your babe go with you for that celebration with your rents?""",oh shit think trip loooooool   make sense   grin sofa reference   sleep couch link send   not go trip   oh   not babe celebration rent
ham,Okey dokey swashbuckling stuff what oh.,okey dokey swashbuckling stuff oh
ham,"Watching cartoon, listening music &amp; at eve had to go temple &amp; church.. What about u?",watch cartoon listen music amp eve temple amp church u
ham,1. Tension face 2. Smiling face 3. Waste face 4. Innocent face 5.Terror face 6.Cruel face 7.Romantic face 8.Lovable face 9.decent face  &lt;#&gt; .joker face.,  tension face   smile face   waste face   innocent face terror face cruel face romantic face lovable face decent face   ltgt joker face
ham,Dip's cell dead. So i m coming with him. U better respond else we shall come back.,dip cell dead m come u well respond shall come
ham,Well. You know what i mean. Texting,know mean texte
ham,Hi dis is yijue i would be happy to work wif Ì_ all for gek1510...,hi dis yijue happy work wif   gek
ham,Lol! Oops sorry! Have fun. ,lol oops sorry fun
ham,Wat happened to the cruise thing,wat happen cruise thing
ham,"I know dat feelin had it with Pete! Wuld get with em , nuther place nuther time mayb?",know dat feelin pete wuld em   nuther place nuther time mayb
spam,lyricalladie(21/F) is inviting you to be her friend. Reply YES-910 or NO-910. See her: www.SMS.ac/u/hmmross STOP? Send STOP FRND to 62468,lyricalladief invite friend reply yes wwwsmsacuhmmross stop send stop frnd
ham,The world's most happiest frnds never have the same characters... Dey just have the best understanding of their differences...,world happy frnd character dey good understanding difference
spam,No 1 POLYPHONIC tone 4 ur mob every week! Just txt PT2 to 87575. 1st Tone FREE ! so get txtin now and tell ur friends. 150p/tone. 16 reply HL 4info,  polyphonic tone   ur mob week txt pt   st tone free   txtin tell ur friend ptone   reply hl info
ham,Yeah just open chat and click friend lists. Then make the list. Easy as pie,yeah open chat click friend list list easy pie
ham,alright tyler's got a minor crisis and has to be home sooner than he thought so be here asap,alright tyler get minor crisis home soon think asap
ham,When/where do I pick you up,whenwhere pick
ham,As usual u can call me ard 10 smth.,usual u ard   smth
ham,"New Theory: Argument wins d SITUATION, but loses the PERSON. So dont argue with ur friends just.. . . . kick them &amp; say, I'm always correct.!",new theory argument win d situation lose person not argue ur friend     kick amp m correct
ham,For many things its an antibiotic and it can be used for chest abdomen and gynae infections even bone infections.,thing antibiotic chest abdoman gynae infection bone infection
ham,Poor girl can't go one day lmao,poor girl not day lmao
ham,Or just do that 6times,time
spam,Todays Vodafone numbers ending with 4882 are selected to a receive a å£350 award. If your number matches call 09064019014 to receive your å£350 award.,todays vodafone number end   select receive   award number match   receive   award
ham,You have to pls make a note of all she.s exposed to. Also find out from her school if anyone else was vomiting. Is there a dog or cat in the house? Let me know later.,pls note s expose find school vomit dog cat house let know later
ham,"Japanese Proverb: If one Can do it, U too Can do it, If none Can do it,U must do it Indian version: If one Can do it, LET HIM DO it.. If none Can do it,LEAVE it!! And finally Kerala version: If one can do it, Stop him doing it.. If none can do it, Make a strike against it ...",japanese proverb u itu indian version let itleave finally kerala version stop strike
ham,Sounds like there could be a lot of time spent in that chastity device boy ... *grins* ... Or take your beatings like a good dog. Going to lounge in a nice long bath now ?,sound like lot time spend chastity device boy   grin   beating like good dog go lounge nice long bath
ham,Its worse if if uses half way then stops. Its better for him to complete it.,bad use half way stop well complete
ham,Miserable. They don't tell u that the side effects of birth control are massive gut wrenching cramps for the first 2 months. I didn't sleep at all last night.,miserable not tell u effect birth control massive gut wrench cramp   month not sleep night
ham,Send me the new number,send new number
ham,Convey my regards to him,convey regard
spam,Want the latest Video handset? 750 anytime any network mins? Half price line rental? Reply or call 08000930705 for delivery tomorrow,want late video handset   anytime network min half price line rental reply   delivery tomorrow
ham,2 and half years i missed your friendship:-),  half year miss friendship
ham,I cant pick the phone right now. Pls send a message,not pick phone right pls send message
ham,Oh for fuck's sake she's in like tallahassee,oh fuck sake s like tallahassee
ham,"Haha, that was the first person I was gonna ask",haha person go to ask
spam,"ou are guaranteed the latest Nokia Phone, a 40GB iPod MP3 player or a å£500 prize! Txt word: COLLECT to No: 83355! IBHltd LdnW15H 150p/Mtmsgrcvd18",ou guarantee late nokia phone gb ipod mp player   prize txt word collect   ibhltd ldnwh pmtmsgrcvd
ham,Taka lor. Wat time u wan 2 come n look 4 us?,taka lor wat time u wan   come n look  
spam,* FREE* POLYPHONIC RINGTONE Text SUPER to 87131 to get your FREE POLY TONE of the week now! 16 SN PoBox202 NR31 7ZS subscription 450pw,  free polyphonic ringtone text super   free poly tone week   sn pobox nr zs subscription pw
ham,"\I;m reaching in another 2 stops.\""""",m reach   stop
ham,"no, i *didn't* mean to post it. I wrote it, and like so many other times i've ritten stuff to you, i let it sit there. it WAS what i was feeling at the time. I was angry. Before i left, i hit send, then stop. It wasn't there. I checked on my phone when i got to my car. It wasn't there. You said you didn't sleep, you were bored. So why wouldn't THAT be the time to clean, fold laundry, etc.? At least make the bed?",not mean post write like time ve ritten stuff let sit feel time angry leave hit send stop not check phone get car not say not sleep bore not time clean fold laundry etc bed
spam,Warner Village 83118 C Colin Farrell in SWAT this wkend @Warner Village & get 1 free med. Popcorn!Just show msg+ticket@kiosk.Valid 4-7/12. C t&c @kiosk. Reply SONY 4 mre film offers,warner village   c colin farrell swat wkend warner village     free med popcornjust msgticketkioskvalid   c tc kiosk reply sony   mre film offer
ham,Will you come online today night,come online today night
ham,Then anything special?,special
ham,"I'm in solihull, | do you want anything?",m solihull   want
ham,Will do. Have a good day,good day
ham,WE REGRET TO INFORM U THAT THE NHS HAS MADE A MISTAKE.U WERE NEVER ACTUALLY BORN.PLEASE REPORT 2 YOR LOCAL HOSPITAL 2B TERMINATED.WE R SORRY 4 THE INCONVENIENCE,regret inform u nhs mistakeu actually bornplease report   yor local hospital b terminatedwe r sorry   inconvenience
ham,Love that holiday Monday feeling even if I have to go to the dentists in an hour,love holiday monday feel dentist hour
ham,I am on the way to tirupur.,way tirupur
spam,"Goal! Arsenal 4 (Henry, 7 v Liverpool 2 Henry scores with a simple shot from 6 yards from a pass by Bergkamp to give Arsenal a 2 goal margin after 78 mins.",goal arsenal   henry   v liverpool   henry score simple shot   yard pass bergkamp arsenal   goal margin   min
ham,You've already got a flaky parent. It'snot supposed to be the child's job to support the parent...not until they're The Ride age anyway. I'm supposed to be there to support you. And now i've hurt you. unintentional. But hurt nonetheless.,ve get flaky parent itsnot suppose child job support parentnot ride age m suppose support ve hurt unintentional hurt nonetheless
ham,We took hooch for a walk toaday and i fell over! Splat! Grazed my knees and everything! Should have stayed at home! See you tomorrow! ,take hooch walk toaday fall splat graze knee stay home tomorrow
ham,"Just dropped em off, omw back now",drop em omw
spam,"This is the 2nd time we have tried 2 contact u. U have won the 750 Pound prize. 2 claim is easy, call 08712101358 NOW! Only 10p per min. BT-national-rate",nd time try   contact u u win   pound prize   claim easy   p min btnationalrate
ham,Sitting in mu waiting for everyone to get out of my suite so I can take a shower,sit mu wait suite shower
ham,Re your call; You didn't see my facebook huh?,not facebook huh
ham,"G says you never answer your texts, confirm/deny",g say answer text confirmdeny
ham,"Its so common hearin How r u? Wat r u doing? How was ur day? So let me ask u something different. Did u smile today? If not, do it now.... Gud evng.",common hearin r u wat r u ur day let ask u different u smile today gud evng
ham,Hi Dear Call me its urgnt. I don't know whats your problem. You don't want to work or if you have any other problem at least tell me. Wating for your reply.,hi dear urgnt not know s problem not want work problem tell wate reply
ham,Oh yah... We never cancel leh... Haha ,oh yah cancel leh haha
ham,We can go 4 e normal pilates after our intro...  ,  e normal pilate intro  
ham,Ok... Let u noe when i leave my house.,ok let u noe leave house
ham,"Oh yes, why is it like torture watching england?",oh yes like torture watch england
ham,Wanna do some art?! :D,wanna art d
ham,Just hopeing that wasnÛ÷t too pissed up to remember and has gone off to his sisters or something!,hope not piss remember go sister
spam,"Got what it takes 2 take part in the WRC Rally in Oz? U can with Lucozade Energy! Text RALLY LE to 61200 (25p), see packs or lucozade.co.uk/wrc & itcould be u!",get take   wrc rally oz u lucozade energy text rally le   p pack lucozadecoukwrc   itcould u
spam,"Hi, the SEXYCHAT girls are waiting for you to text them. Text now for a great night chatting. send STOP to stop this service",hi sexychat girl wait text text great night chat send stop stop service
ham,"Good morning, my boytoy! How's those yummy lips ? Where's my sexy buns now ? What do you do ? Do you think of me ? Do you crave me ? Do you need me ?",good morning boytoy s yummy lip   s sexy bun     think   crave   need
ham,Match started.india  &lt;#&gt;  for 2,match startedindia   ltgt  
ham,Once free call me sir.,free sir
ham,Hey do you want anything to buy:),hey want buy
ham,"Hey babe, how's it going ? Did you ever figure out where your going for New Years ?",hey babe s go   figure go new year
ham,K..k.:)congratulation ..,kkcongratulation
ham,G wants to know where the fuck you are,g want know fuck
ham,No it was cancelled yeah baby! Well that sounds important so i understand my darlin give me a ring later on this fone love Kate x,cancel yeah baby sound important understand darlin ring later fone love kate x
ham,Tomarrow i want to got to court. At  &lt;DECIMAL&gt; . So you come to bus stand at 9.,tomarrow want got court   ltdecimalgt   come bus stand
ham,ÌÏ go home liao? Ask dad to pick me up at 6...,  home liao ask dad pick
ham,Omg you can make a wedding chapel in frontierville? Why do they get all the good stuff?,omg wedding chapel frontierville good stuff
ham,"I'm eatin now lor, but goin back to work soon... E mountain deer show huh... I watch b4 liao, very nice...",m eatin lor goin work soon e mountain deer huh watch b liao nice
ham,Check mail.i have mailed varma and kept copy to you regarding membership.take care.insha allah.,check maili mail varma keep copy membershiptake careinsha allah
ham,Wrong phone! This phone! I answer this one but assume the other is people i don't well,wrong phone phone answer assume people not
ham,"Anyway I don't think I can secure anything up here, lemme know if you want me to drive down south and chill",not think secure lemme know want drive south chill
ham,I'm already back home so no probably not,m home probably
spam,Great News! Call FREEFONE 08006344447 to claim your guaranteed å£1000 CASH or å£2000 gift. Speak to a live operator NOW!,great news freefone   claim guarantee   cash   gift speak live operator
spam,"Hi this is Amy, we will be sending you a free phone number in a couple of days, which will give you an access to all the adult parties...",hi amy send free phone number couple day access adult party
ham,I am in bus on the way to calicut,bus way calicut
ham,Hi its me you are probably having too much fun to get this message but i thought id txt u cos im bored! and james has been farting at me all night,hi probably have fun message think d txt u cos m bored james fart night
ham,hi baby im sat on the bloody bus at the mo and i wont be home until about 7:30 wanna do somethin later? call me later ortxt back jess xx,hi baby m sit bloody bus mo will not home   wanna somethin later later ortxt jess xx
spam,"Welcome to Select, an O2 service with added benefits. You can now call our specially trained advisors FREE from your mobile by dialling 402.",welcome select o service add benefit specially train advisor free mobile dial
ham,I lost 4 pounds since my doc visit last week woot woot! Now I'm gonna celebrate by stuffing my face!,lose   pound doc visit week woot woot m go to celebrate stuff face
ham,U coming back 4 dinner rite? Dad ask me so i re confirm wif u...,u come   dinner rite dad ask confirm wif u
ham,Doing my masters. When will you buy a bb cos i have for sale and how's bf,master buy bb cos sale s bf
ham,"Ahhhh...just woken up!had a bad dream about u tho,so i dont like u right now :) i didnt know anything about comedy night but i guess im up for it.",ahhhhjust wake uphad bad dream u thoso not like u right   not know comedy night guess m
ham,I'm vivek:)i got call from your number.,m viveki get number
ham,Why didn't u call on your lunch?,not u lunch
ham,"What i mean was i left too early to check, cos i'm working a 9-6.",mean leave early check cos m work
ham,I want  &lt;#&gt;  rs da:)do you have it?,want   ltgt   rs dado
ham,"A bit of Ur smile is my hppnss, a drop of Ur tear is my sorrow, a part of Ur heart is my life, a heart like mine wil care for U, forevr as my GOODFRIEND",bit ur smile hppnss drop ur tear sorrow ur heart life heart like wil care u forevr goodfriend
ham,Yup ok...,yup ok
ham,I want to see your pretty pussy...,want pretty pussy
spam,Dear Voucher holder Have your next meal on us. Use the following link on your pc 2 enjoy a 2 4 1 dining experiencehttp://www.vouch4me.com/etlp/dining.asp,dear voucher holder meal use following link pc   enjoy     dining experience
ham,"A few people are at the game, I'm at the mall with iouri and kaila",people game m mall iouri kaila
spam,URGENT! We are trying to contact U. Todays draw shows that you have won a å£2000 prize GUARANTEED. Call 09058094507 from land line. Claim 3030. Valid 12hrs only,urgent try contact u todays draw show win   prize guarantee   land line claim   valid hrs
spam,You can donate å£2.50 to UNICEF's Asian Tsunami disaster support fund by texting DONATE to 864233. å£2.50 will be added to your next bill,donate   unicef asian tsunami disaster support fund texte donate    add bill
ham,Future is not what we planned for tomorrow.....! it is the result of what we do today...! Do the best in present... enjoy the future.,future plan tomorrow result today good present enjoy future
ham,I will cme i want to go to hos 2morow. After that i wil cme. This what i got from her dear what to do. She didnt say any time,cme want hos morow wil cme get dear not time
ham,We are supposed to meet to discuss abt our trip... Thought xuhui told you? In the afternoon. Thought we can go for lesson after that,suppose meet discuss abt trip think xuhui tell afternoon think lesson
ham,Hey come online! Use msn... We are all there,hey come online use msn
ham,I'm fine. Hope you are good. Do take care.,m fine hope good care
ham,Oops I was in the shower when u called. Hey a parking garage collapsed at university hospital. See I'm not crazy. Stuff like that DOES happen.,oops shower u call hey parking garage collapse university hospital m crazy stuff like happen
ham,Aiyo u so poor thing... Then u dun wan 2 eat? U bathe already?,aiyo u poor thing u dun wan   eat u bathe
ham,Yar... I tot u knew dis would happen long ago already.,yar tot u know dis happen long ago
ham,You are gorgeous! keep those pix cumming :) thank you!,gorgeous pix cumme   thank
ham,"A boy was late 2 home. His father: \POWER OF FRNDSHIP\""""",boy late   home father power frndship
ham,JADE ITS PAUL. Y DIDNåÕT U TXT ME? DO U REMEMBER ME FROM BARMED? I WANT 2 TALK 2 U! TXT ME,jade paul y not u txt u remember barmed want   talk   u txt
ham,Spending new years with my brother and his family. Lets plan to meet next week. Are you ready to be spoiled? :),spend new year brother family let plan meet week ready spoil
ham,So what u doing today?,u today
ham,I said its okay. Sorry,say okay sorry
ham,Slept? I thinkThis time ( &lt;#&gt;  pm) is not dangerous,sleep thinkthis time   ltgt   pm dangerous
ham,Networking job is there.,network job
spam,goldviking (29/M) is inviting you to be his friend. Reply YES-762 or NO-762 See him: www.SMS.ac/u/goldviking STOP? Send STOP FRND to 62468,goldvike m invite friend reply yes wwwsmsacugoldvike stop send stop frnd
ham,Dont let studying stress you out. L8r.,not let study stress lr
ham,That's y u haf 2 keep me busy...,s y u haf   busy
ham,No rushing. I'm not working. I'm in school so if we rush we go hungry.,rushing m work m school rush hungry
ham,Which channel:-):-):):-).,channel
ham,So your telling me I coulda been your real Valentine and I wasn't? U never pick me for NOTHING!!,tell coulda real valentine not u pick
spam,Phony å£350 award - Todays Voda numbers ending XXXX are selected to receive a å£350 award. If you have a match please call 08712300220 quoting claim code 3100 standard rates app,phony   award   today voda number end xxxx select receive   award match   quote claim code   standard rate app
ham,"We made it! Eta at taunton is 12:30 as planned, hope thatÛ÷s still okday?! Good to see you! :-xx",eta taunton   plan hope s okday good xx
ham,I'm hungry buy smth home...,m hungry buy smth home
ham,\HEY KATE,hey kate
ham,My drive can only be read. I need to write,drive read need write
ham,"Just looked it up and addie goes back Monday, sucks to be her",look addie go monday suck
ham,Happy new year. Hope you are having a good semester,happy new year hope have good semester
ham,Esplanade lor. Where else...,esplanade lor
ham,Can you talk with me..,talk
ham,"Hmph. Go head, big baller.",hmph head big baller
ham,Well its not like you actually called someone a punto. That woulda been worse.,like actually call punto woulda bad
ham,"Nope. Since ayo travelled, he has forgotten his guy",nope ayo travel forget guy
ham,You still around? Looking to pick up later,look pick later
spam,CDs 4u: Congratulations ur awarded å£500 of CD gift vouchers or å£125 gift guaranteed & Freeentry 2 å£100 wkly draw xt MUSIC to 87066 TnCs www.ldew.com1win150ppmx3age16 ,cd u congratulation ur award   cd gift voucher   gift guarantee   freeentry    wkly draw xt music   tnc wwwldewcomwinppmxage
ham,There's someone here that has a year  &lt;#&gt;  toyota camry like mr olayiwola's own. Mileage is  &lt;#&gt; k.its clean but i need to know how much will it sell for. If i can raise the dough for it how soon after landing will it sell. Holla back.,s year   ltgt   toyota camry like mr olayiwolas mileage   ltgt kit clean need know sell raise dough soon land sell holla
ham,Guess which pub im in? Im as happy as a pig in clover or whatever the saying is! ,guess pub m m happy pig clover saying
ham,ILL B DOWN SOON,ill b soon
ham,Oh k. . I will come tomorrow,oh k   come tomorrow
ham,Go fool dont cheat others ok,fool not cheat ok
ham,"My mobile number.pls sms ur mail id.convey regards to achan,amma.Rakhesh.Qatar",mobile numberpls sm ur mail idconvey regard achanammarakheshqatar
ham,"By the way, 'rencontre' is to meet again. Mountains dont....",way rencontre meet mountain not
spam,You have WON a guaranteed å£1000 cash or a å£2000 prize. To claim yr prize call our customer service representative on 08714712412 between 10am-7pm Cost 10p,win guarantee   cash   prize claim yr prize customer service representative   ampm cost p
ham,U attend ur driving lesson how many times a wk n which day?,u attend ur drive lesson time wk n day
ham,"Uncle G, just checking up on you. Do have a rewarding month",uncle g check rewarding month
ham,Hello boytoy ! Geeee ... I'm missing you today. I like to send you a tm and remind you I'm thinking of you ... And you are loved ... *loving kiss*,hello boytoy   geeee   m miss today like send tm remind m think   love   love kiss
ham,I think the other two still need to get cash but we can def be ready by 9,think need cash def ready
ham,Hey gals...U all wanna meet 4 dinner at nÌÂte? ,hey galsu wanna meet   dinner nte
spam,Dear 0776xxxxxxx U've been invited to XCHAT. This is our final attempt to contact u! Txt CHAT to 86688 150p/MsgrcvdHG/Suite342/2Lands/Row/W1J6HL LDN 18yrs,dear xxxxxxx uve invite xchat final attempt contact u txt chat   pmsgrcvdhgsuitelandsrowwjhl ldn yrs
ham,Babe ! What are you doing ? Where are you ? Who are you talking to ? Do you think of me ? Are you being a good boy? Are you missing me? Do you love me ?,babe       talk   think   good boy miss love
ham,Great! How is the office today?,great office today
ham,"It's cool, we can last a little while. Getting more any time soon?",cool little get time soon
ham,:-( sad puppy noise,  sad puppy noise
ham,Yes its possible but dint try. Pls dont tell to any one k,yes possible dint try pls not tell k
ham,Anyway holla at me whenever you're around because I need an excuse to go creep on people in sarasota,holla need excuse creep people sarasota
ham,Where you. What happen,happen
ham,I was gonna ask you lol but i think its at 7,go to ask lol think
spam,Ur cash-balance is currently 500 pounds - to maximize ur cash-in now send GO to 86688 only 150p/meg. CC: 08718720201 HG/Suite342/2lands Row/W1j6HL,ur cashbalance currently   pound   maximize ur cashin send   pmeg cc   hgsuiteland rowwjhl
spam,PRIVATE! Your 2003 Account Statement for shows 800 un-redeemed S.I.M. points. Call 08715203685 Identifier Code:4xx26 Expires 13/10/04,private   account statement show   unredeemed sim point   identifi codexx expire
ham,Go chase after her and run her over while she's crossing the street,chase run s cross street
spam,I'd like to tell you my deepest darkest fantasies. Call me 09094646631 just 60p/min. To stop texts call 08712460324 (nat rate),d like tell deep darkest fantasy   pmin stop text   nat rate
ham,Is there coming friday is leave for pongal?do you get any news from your work place.,come friday leave pongaldo news work place
ham,Hey... Very inconvenient for your sis a not huh?,hey inconvenient sis huh
ham,Ok i vl..do u know i got adsense approved..,ok vldo u know get adsense approve
ham,"* Was really good to see you the other day dudette, been missing you!",  good day dudette miss
ham,I want to go to perumbavoor,want perumbavoor
ham,How many times i told in the stage all use to laugh. You not listen aha.,time tell stage use laugh listen aha
spam,You won't believe it but it's true. It's Incredible Txts! Reply G now to learn truly amazing things that will blow your mind. From O2FWD only 18p/txt,will not believe true incredible txts reply g learn truly amazing thing blow mind ofwd ptxt
ham,(You didn't hear it from me),not hear
ham,Thanks for being there for me just to talk to on saturday. You are very dear to me. I cherish having you as a brother and role model.,thank talk saturday dear cherish have brother role model
ham,Pls clarify back if an open return ticket that i have can be preponed for me to go back to kerala.,pls clarify open return ticket prepone kerala
spam,Natalie (20/F) is inviting you to be her friend. Reply YES-165 or NO-165 See her: www.SMS.ac/u/natalie2k9 STOP? Send STOP FRND to 62468,natalie f invite friend reply yes wwwsmsacunataliek stop send stop frnd
ham,She ran off with a younger man. we will make pretty babies together :),run young man pretty baby
spam,Jamster! To get your free wallpaper text HEART to 88888 now! T&C apply. 16 only. Need Help? Call 08701213186.,jamster free wallpaper text heart   tc apply   need help
ham,O ic lol. Should play 9 doors sometime yo,o ic lol play   door yo
ham,"Dunno, my dad said he coming home 2 bring us out 4 lunch. Yup i go w u lor. I call u when i reach school lor...",dunno dad say come home   bring   lunch yup w u lor u reach school lor
ham,"We have sent JD for Customer Service cum Accounts Executive to ur mail id, For details contact us",send jd customer service cum account executive ur mail d detail contact
ham,Desires- u going to doctor 4 liver. And get a bit stylish. Get ur hair managed. Thats it.,desire u go doctor   liver bit stylish ur hair manage s
ham,Hmmm.still we dont have opener?,hmmmstill not opener
ham,Yeah so basically any time next week you can get away from your mom &amp; get up before 3,yeah basically time week away mom amp
ham,"Edison has rightly said, \A fool can ask more questions than a wise man can answer\"" Now you know why all of us are speechless during ViVa.. GM",edison rightly say fool ask question wise man answer know speechless viva gm
ham,I will vote for wherever my heart guides me,vote heart guide
ham,With my sis lor... We juz watched italian job.,sis lor juz watch italian job
ham,"Tick, tick, tick .... Where are you ? I could die of loneliness you know ! *pouts* *stomps feet* I need you ...",tick tick tick     die loneliness know   pout stomp foot need
ham,Lmao you know me so well...,lmao know
spam,Double Mins & Double Txt & 1/2 price Linerental on Latest Orange Bluetooth mobiles. Call MobileUpd8 for the very latest offers. 08000839402 or call2optout/LF56,double min   double txt    price linerental late orange bluetooth mobile mobileupd late offer   calloptoutlf
ham,Am on a train back from northampton so i'm afraid not! I'm staying skyving off today ho ho! Will be around wednesday though. Do you fancy the comedy club this week by the way?,train northampton m afraid m stay skyve today ho ho wednesday fancy comedy club week way
ham,Goodnight da thangam I really miss u dear.,goodnight da thangam miss u dear
ham,Hey next sun 1030 there's a basic yoga course... at bugis... We can go for that... Pilates intro next sat.... Tell me what time you r free,hey sun   s basic yoga course bugis pilate intro sit tell time r free
ham,"Geeeee ... Your internet is really bad today, eh ?",geeeee   internet bad today eh
spam,Free video camera phones with Half Price line rental for 12 mths and 500 cross ntwk mins 100 txts. Call MobileUpd8 08001950382 or Call2OptOut/674,free video camera phone half price line rental   mth   cross ntwk min   txts mobileupd   calloptout
ham,I think i am disturbing her da,think disturb da
ham,"Sorry, I'll call you  later. I am in meeting sir.",sorry ill   later meet sir
ham,Havent stuck at orchard in my dad's car. Going 4 dinner now. U leh? So r they free tonight?,not stick orchard dad car go   dinner u leh r free tonight
ham,Ok i also wan 2 watch e 9 pm show...,ok wan   watch e   pm
ham,I dunno lei... Like dun haf...,dunno lei like dun haf
ham,But your brother transfered only  &lt;#&gt;  +  &lt;#&gt; . Pa.,brother transfer   ltgt     ltgt   pa
ham,I calls you later. Afternoon onwords mtnl service get problem in south mumbai. I can hear you but you cann't listen me.,call later afternoon onword mtnl service problem south mumbai hear cannt listen
spam,83039 62735=å£450 UK Break AccommodationVouchers terms & conditions apply. 2 claim you mustprovide your claim number which is 15541 ,   uk break accommodationvoucher term   condition apply   claim mustprovide claim number  
ham,Talk to g and x about that,talk g x
ham,Hai dear friends... This is my new &amp; present number..:) By Rajitha Raj (Ranju),hai dear friend new amp present number rajitha raj ranju
spam,5p 4 alfie Moon's Children in need song on ur mob. Tell ur m8s. Txt Tone charity to 8007 for Nokias or Poly charity for polys: zed 08701417012 profit 2 charity.,p   alfie moon child need song ur mob tell ur ms txt tone charity   nokia poly charity poly zed   profit   charity
ham,As in different styles?,different style
spam,WIN a å£200 Shopping spree every WEEK Starting NOW. 2 play text STORE to 88039. SkilGme. TsCs08714740323 1Winawk! age16 å£1.50perweeksub.,win   shopping spree week start   play text store   skilgme tsc winawk age perweeksub
ham,Gud ni8 dear..slp well..take care..swt dreams..Muah..,gud ni dearslp welltake careswt dreamsmuah
ham,I want to sent  &lt;#&gt; mesages today. Thats y. Sorry if i hurts,want sent   ltgt mesage today s y sorry hurt
spam,"This is the 2nd attempt to contract U, you have won this weeks top prize of either å£1000 cash or å£200 prize. Just call 09066361921",nd attempt contract u win week prize   cash   prize
ham,"Well, i'm glad you didn't find it totally disagreeable ... Lol",m glad not find totally disagreeable   lol
ham,"Guy, no flash me now. If you go call me, call me. How madam. Take care oh.",guy flash madam care oh
spam,Do you want a New Nokia 3510i colour phone DeliveredTomorrow? With 300 free minutes to any mobile + 100 free texts + Free Camcorder reply or call 08000930705.,want new nokia colour phone deliveredtomorrow   free minute mobile    free text   free camcorder reply
ham,Mark works tomorrow. He gets out at 5. His work is by your house so he can meet u afterwards.,mark work tomorrow get   work house meet u
ham,\Keep ur problems in ur heart,ur problem ur heart
ham,"Yeah, give me a call if you've got a minute",yeah ve get minute
ham,\HI BABE UAWAKE?FEELLIKW SHIT.JUSTFOUND OUT VIA ALETTER THATMUM GOTMARRIED 4thNOV.BEHIND OURBACKS åÐ FUCKINNICE!SELFISH,hi babe uawakefeellikw shitjustfound aletter thatmum gotmarrie thnovbehind ourback   fuckinniceselfish
ham,Amazing : If you rearrange these letters it gives the same meaning... Dormitory = Dirty room Astronomer = Moon starer The eyes = They see Election results = Lies lets recount Mother-in-law = Woman Hitler Eleven plus two =Twelve plus one Its Amazing... !:-),amazing   rearrange letter give meaning dormitory   dirty room astronomer   moon starer eye   election result   lie let recount motherinlaw   woman hitler plus plus amazing
ham,Aiya we discuss later lar... Pick Ì_ up at 4 is it?,aiya discuss later lar pick    
ham,Hey happy birthday...,hey happy birthday
ham,Sorry i missed your call. Can you please call back.,sorry miss
ham,Omg if its not one thing its another. My cat has worms :/ when does this bad day end?,omg thing cat worm   bad day end
ham,"Good morning, im suffering from fever and dysentry ..will not be able to come to office today.",good morning m suffer fever dysentry able come office today
ham,I wont do anything de.,will not de
ham,What type of stuff do you sing?,type stuff sing
ham,"St andre, virgil's cream",st andre virgil cream
ham,No no. I will check all rooms befor activities,check room befor activity
ham,"My fri ah... Okie lor,goin 4 my drivin den go shoppin after tt...",fri ah okie lorgoin   drivin den shoppin tt
ham,Gokila is talking with you aha:),gokila talk aha
ham,"Hi Shanil,Rakhesh here.thanks,i have exchanged the uncut diamond stuff.leaving back. Excellent service by Dino and Prem.",hi shanilrakhesh herethanksi exchange uncut diamond stuffleave excellent service dino prem
ham,K.k.this month kotees birthday know?,kkthis month kotee birthday know
ham,But i'm really really broke oh. No amount is too small even  &lt;#&gt; ,m break oh small   ltgt
ham,Sorry about that this is my mates phone and i didnt write it love Kate,sorry mate phone not write love kate
spam,"TheMob>Hit the link to get a premium Pink Panther game, the new no. 1 from Sugababes, a crazy Zebra animation or a badass Hoody wallpaper-all 4 FREE!",themobhit link premium pink panther game new   sugababe crazy zebra animation badass hoody wallpaperall   free
ham,"Ah, well that confuses things, doesnt it? I thought was friends with now. Maybe i did the wrong thing but i already sort of invited -tho he may not come cos of money.",ah confuse thing not think friend maybe wrong thing sort invite tho come cos money
ham,"Aight, call me once you're close",aight close
ham,Nope thats fine. I might have a nap tho! ,nope s fine nap tho
spam,This msg is for your mobile content order It has been resent as previous attempt failed due to network error Queries to customersqueries@netvision.uk.com,msg mobile content order resent previous attempt fail network error query customersqueriesnetvisionukcom
ham,In other news after hassling me to get him weed for a week andres has no money. HAUGHAIGHGTUJHYGUJ,news hassle weed week andre money haughaighgtujhyguj
ham,"A Boy loved a gal. He propsd bt she didnt mind. He gv lv lttrs, Bt her frnds threw thm. Again d boy decided 2 aproach d gal , dt time a truck was speeding towards d gal. Wn it was about 2 hit d girl,d boy ran like hell n saved her. She asked 'hw cn u run so fast?' D boy replied \Boost is d secret of my energy\"" n instantly d girl shouted \""our energy\"" n Thy lived happily 2gthr drinking boost evrydy Moral of d story:- I hv free msgs:D;): gud ni8""",boy love gal propsd bt not mind gv lv lttrs bt frnd throw thm d boy decide   aproach d gal   dt time truck speed d gal wn   hit d girld boy run like hell n save ask hw cn u run fast d boy reply boost d secret energy n instantly d girl shout energy n thy live happily gthr drinking boost evrydy moral d story hv free msgsd gud ni
ham,I wnt to buy a BMW car urgently..its vry urgent.but hv a shortage of  &lt;#&gt; Lacs.there is no source to arng dis amt. &lt;#&gt; lacs..thats my prob,wnt buy bmw car urgentlyit vry urgentbut hv shortage   ltgt lacsthere source arng dis amt ltgt lacsthat prob
ham,Ding me on ya break fassyole! Blacko from londn,de ya break fassyole blacko londn
ham,I REALLY NEED 2 KISS U I MISS U MY BABY FROM UR BABY 4EVA,need   kiss u miss u baby ur baby eva
ham,"The sign of maturity is not when we start saying big things.. But actually it is, when we start understanding small things... *HAVE A NICE EVENING* BSLVYL",sign maturity start say big thing actually start understand small thing nice evening bslvyl
ham,Oh you got many responsibilities.,oh get responsibility
spam,You have 1 new message. Please call 08715205273,  new message
ham,I've reached sch already...,ve reach sch
spam,December only! Had your mobile 11mths+? You are entitled to update to the latest colour camera mobile for Free! Call The Mobile Update VCo FREE on 08002986906 ,december mobile mth entitle update late colour camera mobile free mobile update vco free  
ham,U definitely need a module from e humanities dis sem izzit? U wan 2 take other modules 1st?,u definitely need module e humanity dis sem izzit u wan   module st
ham,Argh why the fuck is nobody in town ;_;,argh fuck town
spam,"Get 3 Lions England tone, reply lionm 4 mono or lionp 4 poly. 4 more go 2 www.ringtones.co.uk, the original n best. Tones 3GBP network operator rates apply.",  lion england tone reply lionm   mono lionp   poly     wwwringtonescouk original n good tone gbp network operator rate apply
ham,Thanks. Fills me with complete calm and reassurance! ,thank fill complete calm reassurance
ham,Aslamalaikkum....insha allah tohar beeen muht albi mufti mahfuuz...meaning same here....,aslamalaikkuminsha allah tohar beeen muht albi mufti mahfuuzmeane
ham,Are you driving or training?,drive training
ham,Lol for real. She told my dad I have cancer,lol real tell dad cancer
spam,PRIVATE! Your 2003 Account Statement for 078,private   account statement
ham,"Oops I did have it,  &lt;#&gt; ?",oops   ltgt
ham,"\NOT ENUFCREDEIT TOCALL.SHALL ILEAVE UNI AT 6 +GET A BUS TO YOR HOUSE?\""""",enufcredeit tocallshall ileave uni   bus yor house
ham,"Hi Chikku, send some nice msgs",hi chikku send nice msg
ham,"He is impossible to argue with and he always treats me like his sub, like he never released me ... Which he did and I will remind him of that if necessary",impossible argue treat like sub like release   remind necessary
ham,"After my work ah... Den 6 plus lor... U workin oso rite... Den go orchard lor, no other place to go liao...",work ah den   plus lor u workin oso rite den orchard lor place liao
ham,"To the wonderful Okors, have a great month. We cherish you guys and wish you well each day. MojiBiola",wonderful okor great month cherish guy wish day mojibiola
ham,Cuz ibored. And don wanna study,cuz ibored don wanna study
ham,Wot about on wed nite I am 3 then but only til 9!,wot d nite   til
ham,"Rose for red,red for blood,blood for heart,heart for u. But u for me.... Send tis to all ur friends.. Including me.. If u like me.. If u get back, 1-u r poor in relation! 2-u need some 1 to support 3-u r frnd 2 many 4-some1 luvs u 5+- some1 is praying god to marry u.:-) try it....",rise redred bloodblood heartheart u u send tis ur friend include u like u u r poor relation u need   support u r frnd   luvs u   pray god marry u try
ham,Any way where are you and what doing.,way
ham,That sucks. I'll go over so u can do my hair. You'll do it free right?,suck ill u hair ll free right
ham,it's still not working. And this time i also tried adding zeros. That was the savings. The checking is  &lt;#&gt; ,work time try add zero saving checking   ltgt
ham,"Hmm... Dunno leh, mayb a bag 4 goigng out dat is not too small. Or jus anything except perfume, smth dat i can keep.",hmm dunno leh mayb bag   goigng dat small jus perfume smth dat
ham,Sday only joined.so training we started today:),sday joinedso training start today
ham,Sorry * was at the grocers.,sorry   grocer
ham,There are some nice pubs near here or there is Frankie n Bennys near the warner cinema?,nice pub near frankie n benny near warner cinema
spam,"YOU VE WON! Your 4* Costa Del Sol Holiday or å£5000 await collection. Call 09050090044 Now toClaim. SAE, TC s, POBox334, Stockport, SK38xh, Costå£1.50/pm, Max10mins",ve win   costa del sol holiday   await collection   toclaim sae tc s pobox stockport skxh costpm maxmin
ham,Yup... I havent been there before... You want to go for the yoga? I can call up to book ,yup not want yoga book
ham,Oh shut it. Omg yesterday I had a dream that I had 2 kids both boys. I was so pissed. Not only about the kids but them being boys. I even told mark in my dream that he was changing diapers cause I'm not getting owed in the face.,oh shut omg yesterday dream   kid boy pissed kid boy tell mark dream change diaper cause m get owe face
ham,Yeah I imagine he would be really gentle. Unlike the other docs who treat their patients like turkeys.,yeah imagine gentle unlike doc treat patient like turkey
spam,FREE for 1st week! No1 Nokia tone 4 ur mobile every week just txt NOKIA to 8077 Get txting and tell ur mates. www.getzed.co.uk POBox 36504 W45WQ 16+ norm150p/tone,free st week nokia tone   ur mobile week txt nokia   txte tell ur mate wwwgetzedcouk pobox   wwq   normptone
ham,Now that you have started dont stop. Just pray for more good ideas and anything i see that can help you guys i.ll forward you a link.,start not stop pray good idea help guy ill forward link
ham,Hi darlin im on helens fone im gonna b up the princes 2 nite please come up tb love Kate,hi darlin m helen fone m go to b prince   nite come tb love kate
ham,I'm in office now da:)where are you?,m office dawhere
ham,Aiyar u so poor thing... I give u my support k... Jia you! I'll think of u...,aiyar u poor thing u support k jia ill think u
ham,Oh unintentionally not bad timing. Great. Fingers  the trains play along! Will give fifteen min warning.,oh unintentionally bad time great finger   train play min warning
spam,Get your garden ready for summer with a FREE selection of summer bulbs and seeds worth å£33:50 only with The Scotsman this Saturday. To stop go2 notxt.co.uk,garden ready summer free selection summer bulb seed worth   scotsman saturday stop notxtcouk
ham,K..then come wenever u lik to come and also tel vikky to come by getting free time..:-),kthen come wenever u lik come tel vikky come get free time
ham,Pls call me da. What happen.,pls da happen
ham,"Happy new year to u and ur family...may this new year bring happiness , stability and tranquility to ur vibrant colourful life:):)",happy new year u ur familymay new year bring happiness   stability tranquility ur vibrant colourful life
ham,No problem with the renewal. I.ll do it right away but i dont know his details.,problem renewal ill right away not know detail
ham,Idk. I'm sitting here in a stop and shop parking lot right now bawling my eyes out because i feel like i'm a failure in everything. Nobody wants me and now i feel like i'm failing you.,idk m sit stop shop parking lot right bawl eye feel like m failure want feel like m fail
ham,Haven't left yet so probably gonna be here til dinner,not leave probably go to til dinner
ham,"Like  &lt;#&gt; , same question",like   ltgt   question
ham,MY NEW YEARS EVE WAS OK. I WENT TO A PARTY WITH MY BOYFRIEND. WHO IS THIS SI THEN HEY,new year eve ok go party boyfriend si hey
ham,"Sir, I need Velusamy sir's date of birth and company bank facilities details.",sir need velusamy sir date birth company bank facility detail
ham,K k:) sms chat with me.,k k sm chat
ham,I will come with karnan car. Please wait till 6pm will directly goto doctor.,come karnan car wait till pm directly goto doctor
ham,No but the bluray player can,bluray player
ham,Ok... Then r we meeting later?,ok r meet later
ham,Lol no. I just need to cash in my nitros. Hurry come on before I crash out!,lol need cash nitro hurry come crash
ham,Just send a text. We'll skype later.,send text skype later
ham,Ok leave no need to ask,ok leave need ask
spam,"Congrats 2 mobile 3G Videophones R yours. call 09063458130 now! videochat wid ur mates, play java games, Dload polypH music, noline rentl. bx420. ip4. 5we. 150p",congrat   mobile g videophone r   videochat wid ur mate play java games dload polyph music noline rentl bx ip p
ham,ÌÏ still got lessons?  ÌÏ in sch?,  get lesson    sch
ham,Y she dun believe leh? I tot i told her it's true already. I thk she muz c us tog then she believe.,y dun believe leh tot tell true thk muz c tog believe
ham,Oh did you charge camera,oh charge camera
ham,"IÛ÷ve got some salt, you can rub it in my open wounds if you like!",ve get salt rub open wound like
ham,Now i'm going for lunch.,m go lunch
ham,I'm in school now n i'll be in da lab doing some stuff give me a call when Ì_ r done.,m school n ill da lab stuff   r
ham,Oh k. . I will come tomorrow,oh k   come tomorrow
ham,"Aight, text me tonight and we'll see what's up",aight text tonight s
ham,U 2.,u
ham,Water logging in desert. Geoenvironmental implications.,water log desert geoenvironmental implication
ham,Raji..pls do me a favour. Pls convey my Birthday wishes to Nimya. Pls. Today is her birthday.,rajipls favour pls convey birthday wish nimya pls today birthday
ham,Company is very good.environment is terrific and food is really nice:),company goodenvironment terrific food nice
ham,"Very strange.  and  are watching the 2nd one now but i'm in bed. Sweet dreams, miss u ",strange     watch nd m bed sweet dream miss u
spam,SMS AUCTION - A BRAND NEW Nokia 7250 is up 4 auction today! Auction is FREE 2 join & take part! Txt NOKIA to 86021 now!,sm auction   brand new nokia     auction today auction free   join   txt nokia  
ham,"Hi hope u r both ok, he said he would text and he hasn't, have u seen him, let me down gently please ",hi hope u r ok say text not u see let gently
ham,"Babe! I fucking love you too !! You know? Fuck it was so good to hear your voice. I so need that. I crave it. I can't get enough. I adore you, Ahmad *kisses*",babe fuck love   know fuck good hear voice need crave not adore ahmad kiss
ham,K sure am in my relatives home. Sms me de. Pls:-),k sure relative home sm de pls
ham,I sent them. Do you like?,send like
ham,"Fuuuuck I need to stop sleepin, sup",fuuuuck need stop sleepin sup
ham,I'm in town now so i'll jus take mrt down later.,m town ill jus mrt later
ham,I just cooked a rather nice salmon a la you,cook nice salmon la
ham,I uploaded mine to Facebook,upload facebook
ham,WHAT TIME U WRKIN?,time u wrkin
ham,Okie,okie
spam,ree entry in 2 a weekly comp for a chance to win an ipod. Txt POD to 80182 to get entry (std txt rate) T&C's apply 08452810073 for details 18+,ree entry   weekly comp chance win ipod txt pod   entry std txt rate tcs apply   detail
spam,Our records indicate u maybe entitled to 5000 pounds in compensation for the Accident you had. To claim 4 free reply with CLAIM to this msg. 2 stop txt STOP,record indicate u maybe entitle   pound compensation accident claim   free reply claim msg   stop txt stop
ham,"Sorry, I'll call later",sorry ill later
ham,Oh oh... Den muz change plan liao... Go back have to yan jiu again...,oh oh den muz change plan liao yan jiu
ham,"It's wylie, you in tampa or sarasota?",wylie tampa sarasota
ham,Ok... Take ur time n enjoy ur dinner...,ok ur time n enjoy ur dinner
ham,Darren was saying dat if u meeting da ge den we dun meet 4 dinner. Cos later u leave xy will feel awkward. Den u meet him 4 lunch lor.,darren say dat u meet da ge den dun meet   dinner cos later u leave xy feel awkward den u meet   lunch lor
spam,"Spook up your mob with a Halloween collection of a logo & pic message plus a free eerie tone, txt CARD SPOOK to 8007 zed 08701417012150p per logo/pic ",spook mob halloween collection logo   pic message plus free eerie tone txt card spook   ze p logopic
ham,I like cheap! But iÛ÷m happy to splash out on the wine if it makes you feel better..,like cheap m happy splash wine make feel well
ham,She.s fine. I have had difficulties with her phone. It works with mine. Can you pls send her another friend request.,s fine difficulty phone work pls send friend request
ham,Ugh my leg hurts. Musta overdid it on mon.,ugh leg hurt musta overdo mon
spam,Call Germany for only 1 pence per minute! Call from a fixed line via access number 0844 861 85 85. No prepayment. Direct access! www.telediscount.co.uk,germany   penny minute fix line access number      prepayment direct access wwwtelediscountcouk
spam,"YOU VE WON! Your 4* Costa Del Sol Holiday or å£5000 await collection. Call 09050090044 Now toClaim. SAE, TC s, POBox334, Stockport, SK38xh, Costå£1.50/pm, Max10mins",ve win   costa del sol holiday   await collection   toclaim sae tc s pobox stockport skxh costpm maxmin
ham,WOT STUDENT DISCOUNT CAN U GET ON BOOKS?,wot student discount u book
ham,Me fine..absolutly fine,fineabsolutly fine
ham,How come she can get it? Should b quite diff to guess rite...,come b diff guess rite
spam,Had your mobile 11mths ? Update for FREE to Oranges latest colour camera mobiles & unlimited weekend calls. Call Mobile Upd8 on freefone 08000839402 or 2StopTxt,mobile mth   update free orange late colour camera mobile   unlimited weekend call mobile upd freefone   stoptxt
ham,I will reach ur home in  &lt;#&gt;  minutes,reach ur home   ltgt   minute
ham,"Babe, I'm answering you, can't you see me ? Maybe you'd better reboot YM ... I got the photo ... It's great !",babe m answer not   maybe d well reboot ym   get photo   great
ham,Hi.what you think about match?,hiwhat think match
ham,"I know you are thinkin malaria. But relax, children cant handle malaria. She would have been worse and its gastroenteritis. If she takes enough to replace her loss her temp will reduce. And if you give her malaria meds now she will just vomit. Its a self limiting illness she has which means in a few days it will completely stop",know thinkin malaria relax child not handle malaria bad gastroenteritis take replace loss temp reduce malaria med vomit self limit illness mean day completely stop
ham,Dai i downloaded but there is only exe file which i can only run that exe after installing.,dai download exe file run exe instal
ham,It is only yesterday true true.,yesterday true true
ham,K.k.how is your business now?,kkhow business
ham,3 pa but not selected.,  pa select
spam,Natalja (25/F) is inviting you to be her friend. Reply YES-440 or NO-440 See her: www.SMS.ac/u/nat27081980 STOP? Send STOP FRND to 62468,natalja f invite friend reply yes wwwsmsacunat stop send stop frnd
ham,I keep ten rs in my shelf:) buy two egg.,rs shelf buy egg
ham,I am late. I will be there at,late
ham,Well thats nice. Too bad i cant eat it,s nice bad not eat
ham,I accidentally brought em home in the box,accidentally bring em home box
ham,Pls she needs to dat slowly or she will vomit more.,pls need dat slowly vomit
ham,I have to take exam with in march 3,exam march
ham,"Jane babes not goin 2 wrk, feel ill after lst nite. Foned in already cover 4 me chuck.:-)",jane babe goin   wrk feel ill lst nite foned cover   chuck
ham,5 nights...We nt staying at port step liao...Too ex,  nightswe not stay port step liaotoo ex
ham,If I die I want u to have all my stuffs.,die want u stuff
ham,"\OH FUCK. JUSWOKE UP IN A BED ON A BOATIN THE DOCKS. SLEPT WID 25 YEAR OLD. SPINOUT! GIV U DA GOSSIP L8R. XXX\""""",oh fuck juswoke bed boatin dock sleep wid   year old spinout giv u da gossip lr xxx
ham,Smile in Pleasure Smile in Pain Smile when trouble pours like Rain Smile when sum1 Hurts U Smile becoz SOMEONE still Loves to see u Smiling!!,smile pleasure smile pain smile trouble pour like rain smile sum hurt u smile becoz love u smile
ham,Prabha..i'm soryda..realy..frm heart i'm sory,prabhaim sorydarealyfrm heart m sory
ham,I re-met alex nichols from middle school and it turns out he's dealing!,remet alex nichols middle school turn s deal
spam,PRIVATE! Your 2003 Account Statement for <fone no> shows 800 un-redeemed S. I. M. points. Call 08715203656 Identifier Code: 42049 Expires 26/10/04,private   account statement fone show   unredeemed s m point   identifier code   expire
ham,It means u could not keep ur words.,mean u ur word
ham,"Nope, I'm still in the market",nope m market
ham,I realise you are a busy guy and i'm trying not to be a bother. I have to get some exams outta the way and then try the cars. Do have a gr8 day,realise busy guy m try bother exam outta way try car gr day
spam,YOU ARE CHOSEN TO RECEIVE A å£350 AWARD! Pls call claim number 09066364311 to collect your award which you are selected to receive as a valued mobile customer.,choose receive   award pls claim number   collect award select receive value mobile customer
ham,Hey what how about your project. Started aha da.,hey project start aha da
ham,Ok cool. See ya then.,ok cool ya
ham,Am on the uworld site. Am i buying the qbank only or am i buying it with the self assessment also?,uworld site buy qbank buy self assessment
ham,Your opinion about me? 1. Over 2. Jada 3. Kusruthi 4. Lovable 5. Silent 6. Spl character 7. Not matured 8. Stylish 9. Simple Pls reply..,opinion     jada   kusruthi   lovable   silent   spl character   mature   stylish   simple pls reply
spam,Someonone you know is trying to contact you via our dating service! To find out who it could be call from your mobile or landline 09064015307 BOX334SK38ch ,someonone know try contact date service find mobile landline   boxskch
ham,Yeah I can still give you a ride,yeah ride
ham,"Jay wants to work out first, how's 4 sound?",jay want work s   sound
ham,"Gud gud..k, chikku tke care.. sleep well gud nyt",gud gudk chikku tke care sleep gud nyt
ham,Its a part of checking IQ,check iq
ham,Hmm thinking lor...,hmm thinking lor
ham,Of course ! Don't tease me ... You know I simply must see ! *grins* ... Do keep me posted my prey ... *loving smile* *devouring kiss*,course   not tease   know simply   grin   post prey   love smile devour kiss
ham,thanks for the temales it was wonderful. Thank. Have a great week.,thank temale wonderful thank great week
ham,Thank you princess! I want to see your nice juicy booty...,thank princess want nice juicy booty
ham,Haven't eaten all day. I'm sitting here staring at this juicy pizza and I can't eat it. These meds are ruining my life.,not eat day m sit star juicy pizza not eat med ruin life
ham,Gud ni8 dear..slp well..take care..swt dreams..Muah..,gud ni dearslp welltake careswt dreamsmuah
ham,U come n search tat vid..not finishd..,u come n search tat vidnot finishd
ham,"K I'm leaving soon, be there a little after 9",k m leave soon little
spam,Urgent! Please call 09061213237 from a landline. å£5000 cash or a 4* holiday await collection. T &Cs SAE PO Box 177 M227XY. 16+,urgent   landline   cash   holiday await collection t cs sae po box   mxy
ham,"Yeah work is fine, started last week, all the same stuff as before, dull but easy and guys are fun!",yeah work fine start week stuff dull easy guy fun
ham,You do your studies alone without anyones help. If you cant no need to study.,study anyone help not need study
ham,Please tell me not all of my car keys are in your purse,tell car key purse
ham,I didnt get anything da,not da
ham,Ok... Sweet dreams...,ok sweet dream
ham,Well she's in for a big surprise!,s big surprise
ham,"As usual..iam fine, happy &amp; doing well..:)",usualiam fine happy amp
ham,1 in cbe. 2 in chennai.,  cbe   chennai
ham,Can help u swoop by picking u up from wherever ur other birds r meeting if u want.,help u swoop pick u ur bird r meeting u want
ham,If anyone calls for a treadmill say you'll buy it. Make sure its working. I found an ad on Craigslist selling for $ &lt;#&gt; .,call treadmill ll buy sure working find ad craigslist sell   ltgt
ham,I absolutely LOVE South Park! I only recently started watching the office.,absolutely love south park recently start watch office
ham,Did you see that film:),film
ham,Pls speak with me. I wont ask anything other then you friendship.,pls speak will not ask friendship
ham,"Storming msg: Wen u lift d phne, u say \HELLO\"" Do u knw wt is d real meaning of HELLO?? . . . It's d name of a girl..! . . . Yes.. And u knw who is dat girl?? \""Margaret Hello\"" She is d girlfrnd f Grahmbell who invnted telphone... . . . . Moral:One can 4get d name of a person",storm msg wen u lift d phne u hello u knw wt d real meaning hello     d girl     yes u knw dat girl margaret hello d girlfrnd f grahmbell invnte telphone      moralone d person
ham,Gud ni8.swt drms.take care,gud niswt drmstake care
ham,HI DARLIN ITS KATE ARE U UP FOR DOIN SOMETHIN TONIGHT? IM GOING TO A PUB CALLED THE SWAN OR SOMETHING WITH MY PARENTS FOR ONE DRINK SO PHONE ME IF U CAN,hi darlin kate u doin somethin tonight m go pub call swan parent drink phone u
ham,Anything lar then Ì_ not going home 4 dinner?,lar   go home   dinner
ham,\ER,er
spam,"If you don't, your prize will go to another customer. T&C at www.t-c.biz 18+ 150p/min Polo Ltd Suite 373 London W1J 6HL Please call back if busy ",not prize customer tc wwwtcbiz   pmin polo ltd suite   london wj hl busy
ham,Did u fix the teeth?if not do it asap.ok take care.,u fix teethif asapok care
ham,So u wan 2 come for our dinner tonight a not?,u wan   come dinner tonight
ham,"Hello.How u doing?What u been up 2?When will u b moving out of the flat, cos I will need to arrange to pick up the lamp, etc. Take care. Hello caroline!",hellohow u doingwhat u u b move flat cos need arrange pick lamp etc care hello caroline
ham,Its too late:)but its k.wish you the same.,latebut kwish
ham,"Hi. Hope ur day * good! Back from walk, table booked for half eight. Let me know when ur coming over.",hi hope ur day   good walk table book half let know ur come
ham,Oh yeah clearly it's my fault,oh yeah clearly fault
ham,Dunno leh cant remember mayb lor. So wat time r we meeting tmr?,dunno leh not remember mayb lor wat time r meet tmr
ham,"Best msg: It's hard to be with a person, when u know that one more step foward will make u fall in love.. &amp; One step back can ruin ur friendship.. good night:-) ...",good msg hard person u know step foward u fall love amp step ruin ur friendship good night
spam,URGENT! Your Mobile number has been awarded with a å£2000 prize GUARANTEED. Call 09061790126 from land line. Claim 3030. Valid 12hrs only 150ppm,urgent mobile number award   prize guarantee   land line claim   valid hrs ppm
ham,"Helloooo... Wake up..! \Sweet\"" \""morning\"" \""welcomes\"" \""You\"" \""Enjoy\"" \""This Day\"" \""with full of joy\"".. \""GUD MRNG\"".""",helloooo wake sweet morning welcome enjoy day joy gud mrng
ham,"Vikky, come around  &lt;TIME&gt; ..",vikky come   lttimegt
ham,"And how you will do that, princess? :)",princess
ham,I have gone into get info bt dont know what to do,go info bt not know
ham,"Yeah, probably here for a while",yeah probably
ham,Sent me ur email id soon,send ur email d soon
spam,"URGENT! You have won a 1 week FREE membership in our å£100,000 Prize Jackpot! Txt the word: CLAIM to No: 81010 T&C www.dbuk.net LCCLTD POBOX 4403LDNW1A7RW18",urgent win   week free membership   prize jackpot txt word claim   tc wwwdbuknet lccltd pobox ldnwarw
ham,I'm still pretty weak today .. Bad day ?,m pretty weak today   bad day
ham,Hey ! Don't forget ... You are MINE ... For ME ... My possession ... MY property ... MMM ... *childish smile* ...,hey   not forget       possession   property   mmm   childish smile
ham,An excellent thought by a misundrstud frnd: I knw u hate me bt the day wen u'll knw the truth u'll hate urself:-( Gn:-),excellent thought misundrstud frnd knw u hate bt day wen ull knw truth ull hate urself gn
ham,Hey! Congrats 2u2. id luv 2 but ive had 2 go home!,hey congrat u d luv   ve   home
ham,Dear where you. Call me,dear
ham,Xy trying smth now. U eat already? We havent...,xy try smth u eat not
spam,Urgent! Please call 09061213237 from landline. å£5000 cash or a luxury 4* Canary Islands Holiday await collection. T&Cs SAE PO Box 177. M227XY. 150ppm. 16+,urgent   landline   cash luxury   canary islands holiday await collection tcs sae po box   mxy ppm
ham,I donno its in your genes or something,donno gene
spam,XMAS iscoming & ur awarded either å£500 CD gift vouchers & free entry 2 r å£100 weekly draw txt MUSIC to 87066 TnC www.Ldew.com1win150ppmx3age16subscription ,xmas iscome   ur award   cd gift voucher   free entry   r   weekly draw txt music   tnc wwwldewcomwinppmxagesubscription
ham,Alex says he's not ok with you not being ok with it,alex say s ok ok
ham,Are u coming to the funeral home,u come funeral home
ham,My darling sister. How are you doing. When's school resuming. Is there a minimum wait period before you reapply? Do take care,darling sister s school resuming minimum wait period reapply care
ham,I.ll hand her my phone to chat wit u,ill hand phone chat wit u
ham,Well good morning mr . Hows london treatin' ya treacle?,good morning mr   s london treatin ya treacle
ham,I can't make it tonight,not tonight
ham,At WHAT TIME should i come tomorrow,time come tomorrow
ham,About  &lt;#&gt; bucks. The banks fees are fixed. Better to call the bank and find out.,  ltgt buck bank fee fix well bank find
ham,"I can. But it will tell quite long, cos i haven't finish my film yet...",tell long cos not finish film
ham,Pls ask macho how much is budget for bb bold 2 is cos i saw a new one for  &lt;#&gt;  dollars.,pls ask macho budget bb bold   cos see new   ltgt   dollar
ham,"\Hi missed your Call and my mumHas beendropping red wine all over theplace! what is your adress?\""""",hi miss mumhas beendroppe red wine theplace adress
ham,Ill be at yours in about 3 mins but look out for me,ill   min look
ham,What you did in  leave.,  leave
ham,I'm coming back on Thursday. Yay. Is it gonna be ok to get the money. Cheers. Oh yeah and how are you. Everything alright. Hows school. Or do you call it work now,m come thursday yay go to ok money cheer oh yeah alright s school work
ham,"Jolly good! By the way,  will give u tickets for sat eve 7.30. Speak before then x",jolly good way   u ticket sat eve   speak x
ham,"yeah, that's what I was thinking",yeah s think
ham,K.k:)i'm going to tirunelvali this week to see my uncle ..i already spend the amount by taking dress .so only i want money.i will give it on feb 1,kkim go tirunelvali week uncle spend take dress want moneyi feb
ham,Here got ur favorite oyster... N got my favorite sashimi... Ok lar i dun say already... Wait ur stomach start rumbling...,get ur favorite oyster n get favorite sashimi ok lar dun wait ur stomach start rumble
ham,My sister going to earn more than me da.,sister go earn da
spam,Get the official ENGLAND poly ringtone or colour flag on yer mobile for tonights game! Text TONE or FLAG to 84199. Optout txt ENG STOP Box39822 W111WX å£1.50,official england poly ringtone colour flag yer mobile tonight game text tone flag   optout txt eng stop box wwx
ham,Hahaha..use your brain dear,hahahause brain dear
ham,Jus finish watching tv... U?,jus finish watch tv u
ham,"K, fyi I'm back in my parents' place in south tampa so I might need to do the deal somewhere else",k fyi m parent place south tampa need deal
ham,"Good morning, my Love ... I go to sleep now and wish you a great day full of feeling better and opportunity ... You are my last thought babe, I LOVE YOU *kiss*",good morning love   sleep wish great day feel well opportunity   thought babe love kiss
ham,Kothi print out marandratha.,kothi print marandratha
ham,But we havent got da topic yet rite?,not get da topic rite
ham,Ok no problem... Yup i'm going to sch at 4 if i rem correctly...,ok problem yup m go sch   rem correctly
ham,"Thanks, I'll keep that in mind",thanks ill mind
ham,Aah bless! How's your arm?,aah bless s arm
ham,"Dear Sir,Salam Alaikkum.Pride and Pleasure meeting you today at the Tea Shop.We are pleased to send you our contact number at Qatar.Rakhesh an Indian.Pls save our Number.Respectful Regards.",dear sirsalam alaikkumpride pleasure meeting today tea shopwe pleased send contact number qatarrakhesh indianpls save numberrespectful regard
ham,"Gal n boy walking in d park. gal-can i hold ur hand? boy-y? do u think i would run away? gal-no, jst wana c how it feels walking in heaven with an prince..GN:-)",gal n boy walk d park galcan hold ur hand boyy u think run away galno jst wana c feel walk heaven princegn
ham,What makes you most happy?,make happy
ham,Wishing you a wonderful week.,wish wonderful week
ham,Sweet heart how are you?,sweet heart
ham,"Sir, waiting for your letter.",sir wait letter
ham,Dude im no longer a pisces. Im an aquarius now.,dude m long pisce m aquarius
ham,X course it 2yrs. Just so her messages on messenger lik you r sending me,x course yrs message messenger lik r send
ham,I think steyn surely get one wicket:),think steyn surely wicket
ham,"Neither [in sterm voice] - i'm studying. All fine with me! Not sure the  thing will be resolved, tho. Anyway. Have a fab hols",sterm voice   m study fine sure   thing resolve tho fab hol
ham,"Garbage bags, eggs, jam, bread, hannaford wheat chex",garbage bag eggs jam bread hannaford wheat chex
ham,No. It's not pride. I'm almost  &lt;#&gt;  years old and shouldn't be takin money from my kid. You're not supposed to have to deal with this stuff. This is grownup stuff--why i don't tell you.,pride m   ltgt   year old not takin money kid suppose deal stuff grownup stuffwhy not tell
ham,Sounds better than my evening im just doing my costume. Im not sure what time i finish tomorrow but i will txt you at the end.,sound well evening m costume m sure time finish tomorrow txt end
ham,My birthday is on feb  &lt;#&gt;  da. .,birthday feb   ltgt   da
ham,So when do you wanna gym?,wanna gym
ham,You'd like that wouldn't you? Jerk!,d like not jerk
ham,Are u awake? Is there snow there?,u awake snow
ham,And of course you should make a stink!,course stink
spam,"u r subscribed 2 TEXTCOMP 250 wkly comp. 1st wk?s free question follows, subsequent wks charged@150p/msg.2 unsubscribe txt STOP 2 84128,custcare 08712405020",u r subscribe   textcomp   wkly comp st wks free question follow subsequent wks chargedpmsg unsubscribe txt stop   custcare
ham,No go. No openings for that room 'til after thanksgiving without an upcharge.,opening room til thanksgiving upcharge
ham,When you guys planning on coming over?,guy plan come
ham,Wat Ì_ doing now?,wat  
ham,"My Parents, My Kidz, My Friends n My Colleagues. All screaming.. SURPRISE !! and I was waiting on the sofa.. ... ..... ' NAKED...!",parent kidz friend n colleague screaming surprise   wait sofa     naked
ham,No sir. That's why i had an 8-hr trip on the bus last week. Have another audition next wednesday but i think i might drive this time.,sir s hr trip bus week audition wednesday think drive time
ham,Do I? I thought I put it back in the box,think box
ham,I'm home...,m home
ham,No one interested. May be some business plan.,interested business plan
ham,Yup it's at paragon... I havent decided whether 2 cut yet... Hee...,yup paragon not decide   cut hee
ham,Good morning princess! Have a great day!,good morning princess great day
ham,Guai... ÌÏ shd haf seen him when he's naughty... ÌÏ so free today? Can go jogging...,guai   shd haf see s naughty   free today jog
ham,Aiyo cos i sms Ì_ then Ì_ neva reply so i wait 4 Ì_ to reply lar. I tot Ì_ havent finish ur lab wat.,aiyo cos sm     neva reply wait    reply lar tot   not finish ur lab wat
ham,"Living is very simple.. Loving is also simple.. Laughing is too simple.. Winning is tooo simple.. But, Being 'SIMPLE' is very difficult...;-) :-)",living simple loving simple laughing simple winning tooo simple simple difficult
ham,Tell me something. Thats okay.,tell s okay
ham,Ok,ok
ham,Hmm. Shall i bring a bottle of wine to keep us amused? Just joking! I'll still bring a bottle. Red or white? See you tomorrow,hmm shall bring bottle wine amuse joke ill bring bottle red white tomorrow
ham,This is ur face test ( 1 2 3 4 5 6 7 8 9  &lt;#&gt;  ) select any number i will tell ur face astrology.... am waiting. quick reply...,ur face test             ltgt    select number tell ur face astrology wait quick reply
ham,"Hey, iouri gave me your number, I'm wylie, ryan's friend",hey iouri give number m wylie ryan friend
ham,Yep get with the program. You're slacking.,yep program slack
ham,I'm in inside office..still filling forms.don know when they leave me.,m inside officestill fill formsdon know leave
ham,"I think your mentor is , but not 100 percent sure.",think mentor     percent sure
spam,Call 09095350301 and send our girls into erotic ecstacy. Just 60p/min. To stop texts call 08712460324 (nat rate),  send girl erotic ecstacy pmin stop text   nat rate
spam,Camera - You are awarded a SiPix Digital Camera! call 09061221066 fromm landline. Delivery within 28 days.,camera   award sipix digital camera   fromm landline delivery   day
spam,A å£400 XMAS REWARD IS WAITING FOR YOU! Our computer has randomly picked you from our loyal mobile customers to receive a å£400 reward. Just call 09066380611,  xmas reward wait computer randomly pick loyal mobile customer receive   reward
ham,Just trying to figure out when I'm suppose to see a couple different people this week. We said we'd get together but I didn't set dates,try figure m suppose couple different people week say d not set date
spam,IMPORTANT MESSAGE. This is a final contact attempt. You have important messages waiting out our customer claims dept. Expires 13/4/04. Call 08717507382 NOW!,important message final contact attempt important message wait customer claim dept expire    
ham,Hi mom we might be back later than  &lt;#&gt; ,hi mom later   ltgt
spam,dating:i have had two of these. Only started after i sent a text to talk sport radio last week. Any connection do you think or coincidence?,datingi start send text talk sport radio week connection think coincidence
ham,"Lol, oh you got a friend for the dog ?",lol oh get friend dog
ham,"Ok., is any problem to u frm him? Wats matter?",ok problem u frm wat matter
ham,"K I'll head out in a few mins, see you there",k ill head min
ham,Do u konw waht is rael FRIENDSHIP Im gving yuo an exmpel: Jsut ese tihs msg.. Evrey splleing of tihs msg is wrnog.. Bt sitll yuo can raed it wihtuot ayn mitsake.. GOODNIGHT &amp; HAVE A NICE SLEEP..SWEET DREAMS..,u konw waht rael friendship m gve yuo exmpel jsut ese tihs msg evrey spllee tihs msg wrnog bt sitll yuo raed wihtuot ayn mitsake goodnight amp nice sleepsweet dream
ham,I cant pick the phone right now. Pls send a message,not pick phone right pls send message
ham,I don't want you to leave. But i'm barely doing what i can to stay sane. fighting with you constantly isn't helping.,not want leave m barely stay sane fight constantly not help
spam,The current leading bid is 151. To pause this auction send OUT. Customer Care: 08718726270,current lead bid   pause auction send customer care
spam,"Free entry to the gr8prizes wkly comp 4 a chance to win the latest Nokia 8800, PSP or å£250 cash every wk.TXT GREAT to 80878 http//www.gr8prizes.com 08715705022",free entry grprize wkly comp   chance win late nokia   psp   cash wktxt great   
ham,Somebody set up a website where you can play hold em using eve online spacebucks,somebody set website play hold em eve online spacebuck
ham,Its sunny in california. The weather's just cool,sunny california weather cool
spam,You have 1 new message. Call 0207-083-6089,  new message
ham,"I can make it up there, squeezed  &lt;#&gt;  bucks out of my dad",squeeze   ltgt   buck dad
ham,Good day to You too.Pray for me.Remove the teeth as its painful maintaining other stuff.,good day toopray meremove tooth painful maintain stuff
ham,How are you babes. Hope your doing ok. I had a shit nights sleep. I fell asleep at 5.IåÕm knackered and iåÕm dreading work tonight. What are thou upto tonight. X,babe hope ok shit night sleep fall asleep m knackere m dread work tonight thou upto tonight x
ham,How do friends help us in problems? They give the most stupid suggestion that Lands us into another problem and helps us forgt the previous problem,friend help problem stupid suggestion land problem help forgt previous problem
ham,I'm at work. Please call,m work
ham,I will be gentle baby! Soon you will be taking all  &lt;#&gt;  inches deep inside your tight pussy...,gentle baby soon take   ltgt   inch deep inside tight pussy
ham,NOT MUCH NO FIGHTS. IT WAS A GOOD NITE!!,fight good nite
ham,Ok.ok ok..then..whats ur todays plan,okok okthenwhat ur todays plan
ham,Nt joking seriously i told,not joke seriously tell
ham,Watching ajith film ah?,watch ajith film ah
ham,Ooooooh I forgot to tell u I can get on yoville on my phone,ooooooh forget tell u yoville phone
ham,"All done, all handed in. Don't know if mega shop in asda counts as celebration but thats what i'm doing!",hand not know mega shop asda count celebration s m
ham,I dont know exactly could you ask chechi.,not know exactly ask chechi
ham,Dunno lei shd b driving lor cos i go sch 1 hr oni.,dunno lei shd b driving lor cos sch   hr oni
ham,As in i want custom officer discount oh.,want custom officer discount oh
ham,That's necessarily respectful,s necessarily respectful
ham,Hi. Hope you had a good day. Have a better night.,hi hope good day well night
ham,And he's apparently bffs with carly quick now,s apparently bff carly quick
ham,HARD BUT TRUE: How much you show &amp;  express your love to someone....that much it will hurt when they leave you or you get seperated...!ö´Ó_??Û¬ud evening...,hard true amp   express love someonethat hurt leave seperatedud evening
ham,Babes I think I got ur brolly I left it in English wil bring it in 2mrw 4 u luv Franxx,babe think get ur brolly leave english wil bring mrw   u luv franxx
ham,Hi babe its me thanks for coming even though it didnt go that well!i just wanted my bed! Hope to see you soon love and kisses xxx,hi babe thank come not welli want bed hope soon love kiss xxx
ham,So gd got free ice cream... I oso wan...,gd get free ice cream oso wan
ham,Pls give her prometazine syrup. 5mls then  &lt;#&gt; mins later feed.,pls prometazine syrup mls   ltgt min later feed
ham,So how many days since then?,day
ham,Dear are you angry i was busy dear,dear angry busy dear
ham,Yup he msg me: is tat yijue? Then i tot it's my group mate cos we meeting today mah... I'm askin if Ì_ leaving earlier or wat mah cos mayb Ì_ haf to walk v far...,yup msg tat yijue tot group mate cos meet today mah m askin   leave early wat mah cos mayb   haf walk v far
ham,... Are you in the pub?,  pub
ham,There is a first time for everything :),time
ham,"Daddy, shu shu is looking 4 u... U wan me 2 tell him u're not in singapore or wat?",daddy shu shu look   u u wan   tell ure singapore wat
ham,I ask if u meeting da ge tmr nite...,ask u meet da ge tmr nite
ham,Gr8. So how do you handle the victoria island traffic. Plus when's the album due,gr handle victoria island traffic plus s album
ham,Nite nite pocay wocay luv u more than n e thing 4eva I promise ring u 2morrowxxxx,nite nite pocay wocay luv u n e thing eva promise re u morrowxxxx
ham,East coast,east coast
ham,You should get more chicken broth if you want ramen unless there's some I don't know about,chicken broth want raman s not know
ham,My slave! I want you to take 2 or 3 pictures of yourself today in bright light on your cell phone! Bright light!,slave want     picture today bright light cell phone bright light
ham,Nope. I just forgot. Will show next week,nope forget week
ham,So how are you really. What are you up to. How's the masters. And so on.,s master
ham,I'm at bruce &amp; fowler now but I'm in my mom's car so I can't park (long story),m bruce amp fowler m mom car not park long story
ham,I dont know oh. Hopefully this month.,not know oh hopefully month
ham,"Hi elaine, is today's meeting confirmed?",hi elaine today meeting confirm
ham,Ok k..sry i knw 2 siva..tats y i askd..,ok ksry knw   sivatat y askd
ham,"Sorry, I'll call later",sorry ill later
ham,U horrible gal... U knew dat i was going out wif him yest n u still come n ask me...,u horrible gal u know dat go wif y n u come n ask
ham,Otherwise had part time job na-tuition..,time job natuition
ham,Oh yeah! And my diet just flew out the window,oh yeah diet fly window
spam,Santa Calling! Would your little ones like a call from Santa Xmas eve? Call 09058094583 to book your time.,santa call little one like santa xmas eve   book time
ham,You didnt complete your gist oh.,not complete gist oh
ham,"Er yeah, i will b there at 15:26, sorry! Just tell me which pub/cafe to sit in and come wen u can",er yeah b   sorry tell pubcafe sit come wen u
ham,"If you can make it any time tonight or whenever you can it's cool, just text me whenever you're around",time tonight cool text
ham,If I was I wasn't paying attention,not pay attention
ham,Thanx a lot 4 ur help!,thanx lot   ur help
ham,You're gonna have to be way more specific than that,go to way specific
ham,Jesus armand really is trying to tell everybody he can find,jesus armand try tell everybody find
ham,I'm wif him now buying tix lar...,m wif buy tix lar
ham,Mode men or have you left.,mode man leave
ham,Am slow in using biola's fne,slow biola fne
ham,"\What are youdoing later? Sar xxx\""""",youdoe later sar xxx
ham,Hey i've booked the 2 lessons on sun liao...,hey ve book   lesson sun liao
ham,Thank you. do you generally date the brothas?,thank generally date brotha
ham,"By the way, make sure u get train to worc foregate street not shrub hill. Have fun night x",way sure u train worc foregate street shrub hill fun night x
ham,"I thought i'd get him a watch, just cos thats the kind of thing u get4an18th. And he loves so much!",think d watch cos s kind thing u getanth love
spam,You have won a guaranteed 32000 award or maybe even å£1000 cash to claim ur award call free on 0800 ..... (18+). Its a legitimat efreefone number wat do u think???,win guarantee   award maybe   cash claim ur award free     legitimat efreefone number wat u think
ham,Good morning. At the repair shop--the ONLY reason i'm up at this hour.,good morning repair shopthe reason m hour
ham,"And that's fine, I got enough bud to last most of the night at least",s fine get bud night
ham,I am back. Good journey! Let me know if you need any of the receipts. Shall i tell you like the pendent?,good journey let know need receipt shall tell like pendent
ham,So that takes away some money worries,take away money worry
ham,"aight we can pick some up, you open before tonight?",aight pick open tonight
spam,"Latest News! Police station toilet stolen, cops have nothing to go on!",late news police station toilet steal cop
ham,Sac needs to carry on:),sac need carry
ham,Just sing HU. I think its also important to find someone female that know the place well preferably a citizen that is also smart to help you navigate through. Even things like choosing a phone plan require guidance. When in doubt ask especially girls.,sing hu think important find female know place preferably citizen smart help navigate thing like choose phone plan require guidance doubt ask especially girl
ham,What???? Hello wats talks email address?,hello wat talk email address
ham,Except theres a chick with huge boobs.,s chick huge boob
ham,Im just wondering what your doing right now?,m wonder right
ham,Wishing you a beautiful day. Each moment revealing even more things to keep you smiling. Do enjoy it.,wish beautiful day moment reveal thing smile enjoy
spam,"\For the most sparkling shopping breaks from 45 per person; call 0121 2025050 or visit www.shortbreaks.org.uk\""""",sparkling shopping break   person    visit wwwshortbreaksorguk
ham,Arun can u transfr me d amt,arun u transfr d amt
ham,"Sorry, I'll call later",sorry ill later
ham,If you hear a loud scream in about &lt;#&gt; minutes its cause my Gyno will be shoving things up me that don't belong :/,hear loud scream ltgt minute cause gyno shove thing not belong
spam,December only! Had your mobile 11mths+? You are entitled to update to the latest colour camera mobile for Free! Call The Mobile Update Co FREE on 08002986906,december mobile mth entitle update late colour camera mobile free mobile update co free
ham,Ok i thk i got it. Then u wan me 2 come now or wat?,ok thk get u wan   come wat
spam,Txt: CALL to No: 86888 & claim your reward of 3 hours talk time to use from your phone now! Subscribe6GBP/mnth inc 3hrs 16 stop?txtStop www.gamb.tv,txt    claim reward   hour talk time use phone subscribegbpmnth inc hrs   stoptxtstop wwwgambtv
ham,U GOIN OUT 2NITE?,u goin nite
ham,I will treasure every moment we spend together...,treasure moment spend
ham,Shall I bring us a bottle of wine to keep us amused? Only joking! IÛ÷ll bring one anyway,shall bring bottle wine amuse joke ill bring
spam,http//tms. widelive.com/index. wml?id=820554ad0a1705572711&first=trueåÁC C RingtoneåÁ,  widelivecomindex wmlidadafirsttruec c ringtone
spam,Get your garden ready for summer with a FREE selection of summer bulbs and seeds worth å£33:50 only with The Scotsman this Saturday. To stop go2 notxt.co.uk,garden ready summer free selection summer bulb seed worth   scotsman saturday stop notxtcouk
spam,"URGENT! Last weekend's draw shows that you have won å£1000 cash or a Spanish holiday! CALL NOW 09050000332 to claim. T&C: RSTM, SW7 3SS. 150ppm",urgent weekend draw show win   cash spanish holiday   claim tc rstm sw ss ppm
ham,Ok lor.,ok lor
ham,I thought slide is enough.,think slide
ham,Yup,yup
ham,Well obviously not because all the people in my cool college life went home ;_;,obviously people cool college life go home
ham,Ok lor Ì_ reaching then message me.,ok lor   reach message
ham,Where's mummy's boy ? Is he being good or bad ? Is he being positive or negative ? Why is mummy being made to wait? Hmmmm?,s mummys boy   good bad   positive negative   mummy wait hmmmm
ham,Dhoni have luck to win some big title.so we will win:),dhoni luck win big titleso win
ham,Yes princess! I want to please you every night. Your wish is my command...,yes princess want night wish command
ham,What Today-sunday..sunday is holiday..so no work..,todaysundaysunday holidayso work
ham,No probably  &lt;#&gt; %.,probably   ltgt
ham,Really do hope the work doesnt get stressful. Have a gr8 day.,hope work not stressful gr day
ham,Have you seen who's back at Holby?!,see s holby
ham,Shall call now dear having food,shall dear have food
spam,URGENT We are trying to contact you Last weekends draw shows u have won a å£1000 prize GUARANTEED Call 09064017295 Claim code K52 Valid 12hrs 150p pm,urgent try contact weekend draw show u win   prize guarantee   claim code k valid hrs p pm
ham,So li hai... Me bored now da lecturer repeating last weeks stuff waste time... ,li hai bore da lecturer repeat week stuff waste time
ham,", ,  and  picking them up from various points | going 2 yeovil | and they will do the motor project 4 3 hours | and then u take them home. || 12 2 5.30 max. || Very easy",      pick point   go   yeovil   motor project    hour   u home      max   easy
ham,Also fuck you and your family for going to rhode island or wherever the fuck and leaving me all alone the week I have a new bong &gt;:(,fuck family go rhode island fuck leave week new bong gt
ham,Ofcourse I also upload some songs,ofcourse upload song
spam,2p per min to call Germany 08448350055 from your BT line. Just 2p per min. Check PlanetTalkInstant.com for info & T's & C's. Text stop to opt out,p min germany   bt line p min check planettalkinstantcom info   ts   cs text stop opt
ham,K. I will sent it again,k sent
ham,Oh thanks a lot..i already bought 2 eggs ..,oh thank loti buy   egg
ham,K. I will sent it again,k sent
ham,U studying in sch or going home? Anyway i'll b going 2 sch later.,u study sch go home ill b go   sch later
spam,Marvel Mobile Play the official Ultimate Spider-man game (å£4.50) on ur mobile right now. Text SPIDER to 83338 for the game & we ll send u a FREE 8Ball wallpaper,marvel mobile play official ultimate spiderman game   ur mobile right text spider   game   ll send u free ball wallpaper
ham,I think if he rule tamilnadu..then its very tough for our people.,think rule tamilnaduthen tough people
ham,"Cool, we shall go and see, have to go to tip anyway. Are you at home, got something to drop in later? So lets go to town tonight! Maybe mum can take us in.",cool shall tip home get drop later let town tonight maybe mum
ham,"Good afternoon, my love ... How goes your day ? How did you sleep ? I hope your well, my boytoy ... I think of you ...",good afternoon love   go day   sleep   hope boytoy   think
ham,Yes... I trust u to buy new stuff ASAP so I can try it out,yes trust u buy new stuff asap try
spam,"SMS SERVICES. for your inclusive text credits, pls goto www.comuk.net login= 3qxj9 unsubscribe with STOP, no extra charge. help 08702840625.COMUK. 220-CM2 9AE",sm service inclusive text credit pls goto wwwcomuknet login qxj unsubscribe stop extra charge help comuk cm ae
ham,Why did I wake up on my own &gt;:(,wake gt
ham,Now get step 2 outta the way. Congrats again.,step   outta way congrat
ham,Love has one law; Make happy the person you love. In the same way friendship has one law; Never make ur friend feel alone until you are alive.... Gud night,love law happy person love way friendship law ur friend feel alive gud night
spam,PRIVATE! Your 2003 Account Statement for 07808247860 shows 800 un-redeemed S. I. M. points. Call 08719899229 Identifier Code: 40411 Expires 06/11/04,private   account statement   show   unredeemed s m point   identifier code   expire
ham,Apo all other are mokka players only,apo mokka player
ham,"Perhaps * is much easy give your account identification, so i will tomorrow at UNI",  easy account identification tomorrow uni
ham,Wait . I will msg after  &lt;#&gt;  min.,wait   msg   ltgt   min
ham,What i told before i tell. Stupid hear after i wont tell anything to you. You dad called to my brother and spoken. Not with me.,tell tell stupid hear will not tell dad call brother speak
ham,God's love has no limit. God's grace has no measure. God's power has no boundaries. May u have God's endless blessings always in ur life...!! Gud ni8,god love limit god grace measure god power boundary u god endless blessing ur life gud ni
ham,I want to be inside you every night...,want inside night
ham,"Machan you go to gym tomorrow,  i wil come late goodnight.",machan gym tomorrow   wil come late goodnight
ham,Lol they were mad at first but then they woke up and gave in.,lol mad wake give
ham,I went to project centre,go project centre
ham,"ItÛ÷s reassuring, in this crazy world.",reassuring crazy world
ham,"Just making dinner, you ?",make dinner
ham,Yes. Please leave at  &lt;#&gt; . So that at  &lt;#&gt;  we can leave,yes leave   ltgt     ltgt   leave
ham,Oh... Okie lor...We go on sat... ,oh okie lorwe sit
ham,You are a great role model. You are giving so much and i really wish each day for a miracle but God as a reason for everything and i must say i wish i knew why but i dont. I've looked up to you since i was young and i still do. Have a great day.,great role model give wish day miracle god reason wish know not ve look young great day
ham,"Ya, i'm referin to mei's ex wat... No ah, waitin 4 u to treat, somebody shld b rich liao...So gd, den u dun have to work frm tmr onwards...",ya m referin meis ex wat ah waitin   u treat somebody shld b rich liaoso gd den u dun work frm tmr onwards
ham,Miles and smiles r made frm same letters but do u know d difference..? smile on ur face keeps me happy even though I am miles away from u.. :-)keep smiling.. Good nyt,mile smile r frm letter u know d difference smile ur face keep happy mile away u smile good nyt
ham,"By the way, i've put a skip right outside the front of the house so you can see which house it is. Just pull up before it.",way ve skip right outside house house pull
ham,Can you pls send me that company name. In saibaba colany,pls send company saibaba colany
ham,No. I dont want to hear anything,not want hear
ham,You are a big chic. Common. Declare,big chic common declare
ham,Thats cool. I want to please you...,s cool want
ham,Going to join tomorrow.,go join tomorrow
spam,You are awarded a SiPix Digital Camera! call 09061221061 from landline. Delivery within 28days. T Cs Box177. M221BP. 2yr warranty. 150ppm. 16 . p på£3.99,award sipix digital camera   landline delivery day t cs box mbp yr warranty ppm    p p
ham,I want to tell you how bad I feel that basically the only times I text you lately are when I need drugs,want tell bad feel basically time text lately need drug
spam,PRIVATE! Your 2003 Account Statement for shows 800 un-redeemed S.I.M. points. Call 08718738001 Identifier Code: 49557 Expires 26/11/04,private   account statement show   unredeemed sim point   identifier code   expire
ham,"Total disappointment, when I texted you was the craziest shit got :(",total disappointment texte crazy shit get
ham,Its just the effect of irritation. Just ignore it,effect irritation ignore
ham,What about this one then.,
ham,I think that tantrum's finished so yeah I'll be by at some point,think tantrum finish yeah ill point
ham,Compliments to you. Was away from the system. How your side.,compliment away system
ham,happened here while you were adventuring,happen adventure
ham,"Hey chief, can you give me a bell when you get this. Need to talk to you about this royal visit on the 1st june. ",hey chief bell need talk royal visit st june
ham,Ok which your another number,ok number
ham,"I know you are thinkin malaria. But relax, children cant handle malaria. She would have been worse and its gastroenteritis. If she takes enough to replace her loss her temp will reduce. And if you give her malaria meds now she will just vomit. Its a self limiting illness she has which means in a few days it will completely stop",know thinkin malaria relax child not handle malaria bad gastroenteritis take replace loss temp reduce malaria med vomit self limit illness mean day completely stop
ham,Aiyah ok wat as long as got improve can already wat...,aiyah ok wat long get improve wat
spam,Want explicit SEX in 30 secs? Ring 02073162414 now! Costs 20p/min Gsex POBOX 2667 WC1N 3XX,want explicit sex   sec ring   cost pmin gsex pobox   wcn xx
ham,I can't believe how attached I am to seeing you every day. I know you will do the best you can to get to me babe. I will go to teach my class at your midnight,not believe attached see day know good babe teach class midnight
ham,Just sleeping..and surfing,sleepingand surfing
spam,ASKED 3MOBILE IF 0870 CHATLINES INCLU IN FREE MINS. INDIA CUST SERVs SED YES. L8ER GOT MEGA BILL. 3 DONT GIV A SHIT. BAILIFF DUE IN DAYS. I O å£250 3 WANT å£800,ask mobile   chatline inclu free mins india cust servs se yes ler get mega bill   not giv shit bailiff day o    want
ham,Yeah it's jus rite...,yeah jus rite
ham,Armand says get your ass over to epsilon,armand say ass epsilon
ham,U still havent got urself a jacket ah?,u not get urself jacket ah
ham,"I'm taking derek &amp; taylor to walmart, if I'm not back by the time you're done just leave the mouse on my desk and I'll text you when priscilla's ready",m take derek amp taylor walmart m time leave mouse desk ill text priscilla ready
ham,Hi its in durban are you still on this number,hi durban number
ham,Ic. There are a lotta childporn cars then.,ic lotta childporn car
spam,"Had your contract mobile 11 Mnths? Latest Motorola, Nokia etc. all FREE! Double Mins & Text on Orange tariffs. TEXT YES for callback, no to remove from records.",contract mobile   mnth late motorola nokia etc free double min   text orange tariff text yes callback remove record
ham,"No, I was trying it all weekend ;V",try weekend v
ham,"You know, wot people wear. T shirts, jumpers, hat, belt, is all we know. We r at Cribbs",know wot people wear t shirt jumper hat belt know r cribbs
ham,"Cool, what time you think you can get here?",cool time think
ham,Wen did you get so spiritual and deep. That's great,wen spiritual deep s great
ham,Have a safe trip to Nigeria. Wish you happiness and very soon company to share moments with,safe trip nigeria wish happiness soon company share moment
ham,Hahaha..use your brain dear,hahahause brain dear
ham,Well keep in mind I've only got enough gas for one more round trip barring a sudden influx of cash,mind ve get gas round trip bar sudden influx cash
ham,Yeh. Indians was nice. Tho it did kane me off a bit he he. We shud go out 4 a drink sometime soon. Mite hav 2 go 2 da works 4 a laugh soon. Love Pete x x,yeh indians nice tho kane bit shud   drink soon mite hav     da work   laugh soon love pete x x
ham,Yes i have. So that's why u texted. Pshew...missing you so much,yes s u texte pshewmissing
ham,No. I meant the calculation is the same. That  &lt;#&gt; units at  &lt;#&gt; . This school is really expensive. Have you started practicing your accent. Because its important. And have you decided if you are doing 4years of dental school or if you'll just do the nmde exam.,mean calculation   ltgt unit   ltgt   school expensive start practice accent important decide year dental school ll nmde exam
ham,"Sorry, I'll call later",sorry ill later
ham,if you aren't here in the next  &lt;#&gt;  hours imma flip my shit,not   ltgt   hour imma flip shit
ham,Anything lor. Juz both of us lor.,lor juz lor
ham,Get me out of this dump heap. My mom decided to come to lowes. BORING.,dump heap mom decide come lowes bore
ham,Ok lor... Sony ericsson salesman... I ask shuhui then she say quite gd 2 use so i considering...,ok lor sony ericsson salesman ask shuhui gd   use consider
ham,Ard 6 like dat lor.,ard   like dat lor
ham,Why don't you wait 'til at least wednesday to see if you get your .,not wait til wednesday
ham,Huh y lei...,huh y lei
spam,"REMINDER FROM O2: To get 2.50 pounds free call credit and details of great offers pls reply 2 this text with your valid name, house no and postcode",reminder o   pound free credit detail great offer pls reply   text valid house postcode
spam,"This is the 2nd time we have tried 2 contact u. U have won the å£750 Pound prize. 2 claim is easy, call 087187272008 NOW1! Only 10p per minute. BT-national-rate.",nd time try   contact u u win   pound prize   claim easy   p minute btnationalrate
ham,Will Ì_ b going to esplanade fr home?,  b go esplanade fr home
ham,"Pity, * was in mood for that. So...any other suggestions?",pity   mood soany suggestion
ham,The guy did some bitching but I acted like i'd be interested in buying something else next week and he gave it to us for free,guy bitching act like d interested buy week give free
ham,Rofl. Its true to its name,rofl true
